sample_id,audio_path,filter_cutoff_normalized,spectral_centroid_hz,spectral_rolloff_85_hz,rms,zero_crossing_rate,mfcc_01,mfcc_02,mfcc_03,mfcc_04,mfcc_05,mfcc_06,mfcc_07,mfcc_08,mfcc_09,mfcc_10,mfcc_11,mfcc_12,mfcc_13
pilot_v1_00000,data\raw\audio\pilot_v1\pilot_v1_00000.wav,0.4968908429145813,269.04914006429095,148.46134185791016,0.02644159433528334,0.006152729801434629,-840.9320948799569,51.40818658266003,-4.992920755113199,1.6528457688732017,5.80900534351007,0.05003068356018233,-2.7901759194040805,-5.074538026926344,-2.1936737171131995,-1.380811821748809,-4.441447032546037,-10.046489598081319,-14.993126235635373
pilot_v1_00001,data\raw\audio\pilot_v1\pilot_v1_00001.wav,0.6183102130889893,628.1085939911561,213.4815216064453,0.048507260060556855,0.00882848698780792,-646.3586114841441,79.81009486342053,35.47737642324742,-9.278028805242004,-11.552362412761326,-0.6601858504921843,3.7207710425826894,-0.8021334634288265,-2.6471393952624926,-3.6623585142129294,-7.99107983336449,-15.429178201365566,-19.20627923733911
pilot_v1_00002,data\raw\audio\pilot_v1\pilot_v1_00002.wav,0.4138450026512146,628.6236784340058,177.31246948242188,0.023444564385241215,0.007226056130431825,-781.388812230923,59.04868224868253,15.338921292389776,-3.912996119812987,-1.9804497406941808,-4.280497081041997,-5.395179299574739,-6.711903669277398,-6.760620695484867,-7.048524592963118,-7.570257744806797,-8.033769425979472,-8.401046691323646
pilot_v1_00003,data\raw\audio\pilot_v1\pilot_v1_00003.wav,0.8402072191238403,1425.5986755478477,763.1669998168945,0.026817881507313446,0.014013711365921134,-691.2856880333381,25.086692832876786,-19.58639963105727,1.812478111478573,-13.401284235130982,-9.452582048379249,-5.513832251750269,-1.535907231771544,-0.7812618132853124,-0.1255674578743762,-5.85393776991159,-3.5248299773325065,1.1918300310987977
pilot_v1_00004,data\raw\audio\pilot_v1\pilot_v1_00004.wav,0.34904927015304565,782.6566878131296,193.21002960205078,0.00909663356364652,0.008057506103598667,-731.064709552403,61.51167910938081,31.26152158532916,1.8060577209548365,-2.939537895272931,-4.352213686526976,-5.300478395055487,-6.00947014490044,-5.887217482567441,-7.774509174435865,-7.845761936797772,-6.473345908836598,-3.8975393055617946
pilot_v1_00005,data\raw\audio\pilot_v1\pilot_v1_00005.wav,0.7669577598571777,722.8254000740757,144.59209442138672,0.0741051362376338,0.007029531591319662,-699.4611853770821,43.4824052230648,-18.710721892125097,-0.7543520261114067,-7.590042094168842,-2.8865854202849044,-6.185147987025467,-3.6145901978423227,-5.240372784076198,-4.3411423515990055,-5.59129215447931,-4.715218277297845,-5.137173171378694
pilot_v1_00006,data\raw\audio\pilot_v1\pilot_v1_00006.wav,0.561145007610321,382.7541025225155,154.60166931152344,0.040938206605612294,0.006394606157264983,-860.1132971517146,55.77804850185863,20.3223923300678,-2.811742193907493,0.24872466084379066,-0.062168632335072756,-2.117337679778548,-2.3321859414836994,-1.2833708541456958,-2.959338251713751,-6.7681617348333,-11.36583830045081,-13.975239217107237
pilot_v1_00007,data\raw\audio\pilot_v1\pilot_v1_00007.wav,0.6910275816917419,966.4918364806233,466.1602020263672,0.13108354225526445,0.010309979667268838,-228.83413573689194,90.02969146926638,-23.12269792441658,1.3968257047319517,-6.131467982510803,-0.5104470125233612,-7.4219160403832385,-7.6029931663874715,-10.540866291533305,-6.984900839150277,-3.743989789200403,1.9699686447343596,3.550628222281845
pilot_v1_00008,data\raw\audio\pilot_v1\pilot_v1_00008.wav,0.39394235610961914,621.6376498651871,175.12550354003906,0.01870126203351727,0.007316759763868207,-778.9094454287205,57.54733053022087,18.225542580362024,0.6773215850870061,3.265783984471228,0.12440854657221577,-2.5779662646302364,-4.482086488863604,-4.474386305592804,-4.53305590143161,-5.113979924295088,-6.291789661015585,-7.6021423433600095
pilot_v1_00009,data\raw\audio\pilot_v1\pilot_v1_00009.wav,0.7902942895889282,235.60566615003262,148.12488555908203,0.08167600710661474,0.006077143440237643,-820.7182650299367,66.6349789989072,-2.7187950896157513,0.6885623538050398,1.1566071995550793,-3.547308408057092,-1.383756694240519,-2.8563859325877,-0.969608622282647,-1.5981407273536288,-5.242019188913591,-11.462753431688103,-15.663567192877785
pilot_v1_00010,data\raw\audio\pilot_v1\pilot_v1_00010.wav,0.44797587394714355,270.685856629048,156.6204071044922,0.043386214573911897,0.0065457788796589545,-822.729208110446,73.57889874873705,28.560524955443956,2.6201150593473144,1.2562488771000222,-3.711644733470861,-6.164484410820652,-6.057823138136785,-4.507066124376941,-4.336907033457793,-4.429850321718509,-5.795459733325689,-6.748678471919518
pilot_v1_00011,data\raw\audio\pilot_v1\pilot_v1_00011.wav,0.5995412468910217,898.0509989923436,467.0013427734375,0.061353225254259354,0.010173924217114263,-330.99855408793746,108.07176365372776,-15.171801727495936,-8.435258349577015,-15.342302912927778,-9.152314586429332,-10.046543881915554,-6.335160923491069,-6.0572443845669435,-4.735155760792368,-5.591057095616543,-2.9458642642645025,0.23846698099972174
pilot_v1_00012,data\raw\audio\pilot_v1\pilot_v1_00012.wav,0.5208324790000916,393.91091442651054,285.5672836303711,0.017733415424001257,0.006228316162631615,-798.7175785439107,72.68011605785559,0.2074132530103438,-5.133058048201208,-9.262010078709709,-10.671749608185412,-7.5008489770612,-3.171935037783843,0.7664823974377795,-0.8350165850478054,-4.295012076010033,-4.526025573820889,0.4848970365229145
pilot_v1_00013,data\raw\audio\pilot_v1\pilot_v1_00013.wav,0.6636724472045898,841.5958753451948,555.0687789916992,0.08350938177342267,0.008647079720935154,-446.50993717679484,77.82708683247878,-24.247383950259383,-3.407677121930685,-9.827505187769482,-3.0793959607593315,-6.852382913617855,-4.611302329184935,-6.559492051328358,-4.454961195666007,-5.5566999127954695,-5.159792763371024,-6.970254441991519
pilot_v1_00014,data\raw\audio\pilot_v1\pilot_v1_00014.wav,0.3205447196960449,420.6123341938374,160.4055404663086,0.014698626010521307,0.006696951602052925,-874.2428487986366,39.339192277100025,32.47540810939212,10.16168952060763,0.8066488186037499,-1.5919227403969634,-0.08270201342404275,-0.9684944728847025,-3.359500960487425,-6.427327493918815,-8.159766873884303,-10.295853352549655,-13.034574527142377
pilot_v1_00015,data\raw\audio\pilot_v1\pilot_v1_00015.wav,0.7256293892860413,662.6871972215864,437.30907440185547,0.05895179125832865,0.007195821585953031,-760.2774714403417,27.894426772409776,-25.054866002956853,3.120330338251985,1.3458882621203136,3.5542625109804638,-3.909732418536696,-3.2275040237984958,-2.454919101388393,0.19651170584416264,-3.742897536721881,-8.884460574373794,-14.184654775844361
pilot_v1_00016,data\raw\audio\pilot_v1\pilot_v1_00016.wav,0.3040737509727478,346.14097950219065,164.190673828125,0.02470318145392691,0.006863241596686294,-809.4693351174008,54.0182154185384,10.485646044130771,2.4041476058258575,9.61943607672083,1.9037650793866039,-2.770322532713647,-5.1837817643336015,-4.169579685493231,-3.864391257168564,-6.226707563803141,-11.602731403795113,-15.618121940164494
pilot_v1_00017,data\raw\audio\pilot_v1\pilot_v1_00017.wav,0.7434598803520203,288.3092533407296,222.73406982421875,0.02883888638918944,0.006046908895758849,-867.1255021855021,62.059778952316954,2.45439232244073,-13.370694661244109,6.0773272743513465,2.800198881138106,-6.302351247844887,-3.9474828249690694,0.49944602855550674,-1.3811961987374688,-4.6631490873858,-9.447363550119686,-14.193008389213748
pilot_v1_00018,data\raw\audio\pilot_v1\pilot_v1_00018.wav,0.5379140973091125,317.1848734801972,148.79779815673828,0.05529838212774056,0.006243433434871012,-783.1943889078311,63.87865100297557,-8.371308563412748,0.18611644552293538,-2.42344700123459,-2.8207116962108443,-5.746550314986019,-5.87633925472712,-4.206114682953024,-2.9438158607635003,-3.946489088812123,-6.684785915380572,-9.08203417222619
pilot_v1_00019,data\raw\audio\pilot_v1\pilot_v1_00019.wav,0.646305501461029,1201.2319998289545,1053.3605575561523,0.02252415294189682,0.0404538205126267,-586.0186832579614,71.0912051946378,-16.402990447822976,-10.540915997421305,-16.034883337613376,-10.830951362752387,-4.711062703871829,3.591467345177961,3.1393377729969387,-2.5361176083284693,-7.1849450249232385,-3.517587298607684,3.9718345016677734
pilot_v1_00020,data\raw\audio\pilot_v1\pilot_v1_00020.wav,0.4645329713821411,261.1697281160328,157.12509155273438,0.05005908560019,0.006560896151898352,-758.4200618594746,83.61106741462237,6.7864148178028465,2.326220126171662,-0.5054859390783809,-3.158556154160402,-3.318363766993951,-5.701041039599389,-5.664163383661876,-5.749634494815807,-3.6357311768648266,-0.7985816227589116,1.8193285478853536
pilot_v1_00021,data\raw\audio\pilot_v1\pilot_v1_00021.wav,0.5816581845283508,997.0215062192248,223.9116668701172,0.04326925362354944,0.009402943332905011,-549.6057136888223,79.7688252709598,5.16430168252878,-6.711522873416881,-3.947589132936859,-4.186826226361964,-3.5345536228718655,-6.034662989035598,-9.062175309260523,-12.93226157072199,-15.005891746336534,-15.013993565895493,-12.128168333987128
pilot_v1_00022,data\raw\audio\pilot_v1\pilot_v1_00022.wav,0.3769133388996124,391.5999703446013,180.8452606201172,0.05176322964711761,0.007543518847459164,-766.572859835577,65.8626893553972,35.71669380639685,1.9910597225416933,-1.1255041192279847,2.310635979646736,0.4406304343950312,-5.575927000196443,-5.926966955565926,-4.49843375315554,-6.305692352710628,-12.321559003833944,-17.341146679815978
pilot_v1_00023,data\raw\audio\pilot_v1\pilot_v1_00023.wav,0.8075751066207886,972.5247836392383,404.2522430419922,0.06049499598590733,0.006817889779968103,-689.1839880321627,27.680323201087397,-22.28285601125028,4.0627683486879445,-3.9429414958227533,-2.0500023711489193,-7.537836141703069,-7.48095863869323,-9.680824528273723,-6.503913917344002,-4.869758599807038,-2.1799827137202312,-2.8090083231899547
pilot_v1_00024,data\raw\audio\pilot_v1\pilot_v1_00024.wav,0.5448585748672485,367.56175576244436,294.56748962402344,0.06064090015166602,0.006349254340546792,-737.230490200396,79.78820481208724,-5.990328122878308,-1.8468696394936552,-8.419518520521327,-5.911059072802259,-7.479594758769437,-6.27724420640782,-5.833896075545317,-3.8854368576281635,-2.0158102523906507,0.25928824337977463,1.0520158258158323
pilot_v1_00025,data\raw\audio\pilot_v1\pilot_v1_00025.wav,0.7091771364212036,1164.3432785423247,262.26768493652344,0.023440116798173753,0.010944905101323517,-487.70659084199485,64.44680565920665,20.748793634530163,2.07935974605944,12.236538821229432,6.9108020149860705,-1.0556899646415525,-4.663944351722026,-4.9966881852775975,-7.153483305508508,-11.118347937411649,-17.08550328537235,-21.418866118130804
pilot_v1_00026,data\raw\audio\pilot_v1\pilot_v1_00026.wav,0.3658117949962616,434.55382364407103,193.798828125,0.03419692175374534,0.007664457025374341,-718.1306707679561,81.27450746020139,26.84151622231456,1.4865281443231186,2.566151317202144,-2.2363390283535822,-4.414639114642076,-5.540233971945833,-6.8662620199001605,-7.911895149567602,-7.849969018965889,-7.665759388661917,-6.723569855119309
pilot_v1_00027,data\raw\audio\pilot_v1\pilot_v1_00027.wav,0.7494062781333923,812.5656292766814,622.2759246826172,0.03607886179892461,0.007105117952516648,-723.8369835619643,44.95747011221974,-18.47553463667868,-2.4687794133115473,-8.117627568877662,-4.637468143767443,-5.59116210975817,-0.6439926588714086,-0.5892673007116648,-0.7147263766846185,-2.663226591086803,-1.525022819305705,0.4686387323920407
pilot_v1_00028,data\raw\audio\pilot_v1\pilot_v1_00028.wav,0.43004950881004333,393.5024096970436,166.12529754638672,0.03162874821071317,0.006923710685643882,-763.2448888971951,78.05769878019962,16.236547838650157,0.3974944002143856,-2.322131180714085,-6.8971152357961705,-5.4194926966039825,-3.1886448398210376,-0.530389643756352,-1.7187075893642119,-4.331331306126556,-4.475547631118235,-0.6157229058327423
pilot_v1_00029,data\raw\audio\pilot_v1\pilot_v1_00029.wav,0.8221060633659363,1483.4946550703578,1027.3693084716797,0.013252192249520373,0.008057506103598667,-730.1893547968908,26.348622822707,-25.026871087946617,4.526519168340971,-9.639111255552459,-9.339385551567858,-4.825427097690487,-3.4125148033416286,-8.592560288745462,-2.4489689833133506,-4.197965525976805,-5.101632686179389,-3.639826642305369
pilot_v1_00030,data\raw\audio\pilot_v1\pilot_v1_00030.wav,0.48007988929748535,239.75465722024768,214.8273468017578,0.043584343486389676,0.006122495256955835,-870.049362320027,64.24419056029075,20.17007004048016,-7.902998439184843,0.7747335416873377,4.78142243147828,-2.4088502850030244,-7.023118020714688,-2.7672481390961163,-0.7068278552556386,-5.102996966408333,-11.024033251560086,-14.685492717579132
pilot_v1_00031,data\raw\audio\pilot_v1\pilot_v1_00031.wav,0.6359436511993408,1077.5933323551037,528.8251876831055,0.04518953801637099,0.009221536066032245,-523.2175710867284,55.83231289983749,-25.529283969952644,-1.500228724775557,2.267535254927511,2.8151176226652974,-2.617406723146284,-2.987317624305685,-1.3629168356358632,-0.3326465469148612,-4.892810970409407,-12.22419124972013,-18.78743562597047
pilot_v1_00032,data\raw\audio\pilot_v1\pilot_v1_00032.wav,0.40929195284843445,817.7710190797002,256.12735748291016,0.05115928877789458,0.01071814601773256,-472.8345260746314,79.82893520324295,23.816510674729233,6.715285682436448,12.022093384105247,2.688426745183814,-3.6965659784161833,-6.5263177428551105,-5.704201634711598,-5.866819783957445,-9.492277364333027,-17.010396710616256,-23.172492923377643
pilot_v1_00033,data\raw\audio\pilot_v1\pilot_v1_00033.wav,0.8442486524581909,372.12176763568453,151.65767669677734,0.04521221192048714,0.0063039025238286,-876.6090033337294,52.709936998572275,23.812391059155537,-2.248526003303302,-2.537294226570737,0.32337628019457515,0.20881656546030894,-2.433813814406146,-2.966033322508185,-2.9560762501776363,-4.773488741819999,-9.333922501731674,-13.710764199477627
pilot_v1_00034,data\raw\audio\pilot_v1\pilot_v1_00034.wav,0.5009399056434631,288.6758981865242,223.23875427246094,0.05311040465193832,0.006046908895758849,-795.7360351168036,78.4738563492037,0.7684413580456585,-1.0587780017567248,-4.817082783017707,-5.144890089837356,-4.609229763532906,-5.088836165592723,-4.251527111164493,-4.115267982189992,-3.1432710354159568,-2.502844896468494,-1.7816831369186528
pilot_v1_00035,data\raw\audio\pilot_v1\pilot_v1_00035.wav,0.6137662529945374,618.8059707671143,489.88037109375,0.03959841289511159,0.0077853952032895185,-590.5302655378099,79.60931384697476,-10.169287216504936,-4.373750213004859,-11.964906397613333,-7.993357962476217,-7.189991903968171,-0.03761107924038586,2.9377748197101026,2.3022445018579814,-3.0124587836652545,-3.65763021079118,1.5771196804234227
pilot_v1_00036,data\raw\audio\pilot_v1\pilot_v1_00036.wav,0.5743168592453003,310.56486773817005,346.9705581665039,0.06667476184496132,0.007241173402671222,-751.3277308036085,72.24140772272746,-6.730887796304219,0.0723405022506178,-7.439381866710436,-4.516437296361576,-5.757366983229081,-2.3974810106319326,-1.0634714591163328,-0.026285462580350128,-1.4999424629885771,-1.3231223082873191,0.5996780992689118
pilot_v1_00037,data\raw\audio\pilot_v1\pilot_v1_00037.wav,0.6784178018569946,846.943560462766,779.9898147583008,0.02015299311367714,0.007316759763868207,-661.0865545830839,65.64720473421181,-25.30639536384029,-9.556109821209525,-10.552437079642019,-1.1595207039992448,-3.1758208480620853,-4.8425470346307415,-8.172367666848919,-4.853380664008366,-2.7170008027071195,-2.073479569959861,-4.469272348572103
pilot_v1_00038,data\raw\audio\pilot_v1\pilot_v1_00038.wav,0.33644819259643555,778.5534324375076,215.66848754882812,0.020332828758473878,0.009025011526920083,-684.0903147685448,48.31341161701209,44.00505335731079,17.842214237686512,5.271696921764823,-0.7887844578583544,-0.3937516410365243,-1.9055726230144405,-4.374799610836856,-8.63242980717382,-12.319322190628375,-15.244082966883404,-17.116807338006566
pilot_v1_00039,data\raw\audio\pilot_v1\pilot_v1_00039.wav,0.7801375985145569,1061.0605560006693,419.98157501220703,0.031339514130192606,0.01218452142495408,-715.7865695282896,34.99075967669324,-24.722663823272324,4.315299526342695,-1.946263444048616,-3.225883456081444,-9.247998978007537,-5.406447930974603,-9.181659939761648,-8.238447014621515,-3.984144587490609,1.241604027616191,1.6569222331243079
pilot_v1_00040,data\raw\audio\pilot_v1\pilot_v1_00040.wav,0.4434400796890259,306.37202325073713,228.03325653076172,0.07649902587759175,0.006923710685643882,-838.9451569189491,61.99376624827053,3.1554125597319316,2.9671601538818626,2.621757236751758,-1.0635731686077463,-3.9865480107508984,-6.132873564287337,-5.236963634021341,-4.3788150689111704,-4.320834058941445,-5.832621659525934,-7.461349134867363
pilot_v1_00041,data\raw\audio\pilot_v1\pilot_v1_00041.wav,0.6035984754562378,382.5371962611106,166.88232421875,0.041250068981038425,0.006817889779968103,-774.7648514916018,71.33361896471473,-4.716880847418119,-12.66294946275322,8.801598779314642,0.955423266002207,-5.756641587384445,-3.3583407092404807,-1.9356248284478659,-1.5386547885630142,-3.3829559416989516,-11.081221644750753,-16.34523296512306
pilot_v1_00042,data\raw\audio\pilot_v1\pilot_v1_00042.wav,0.3979751169681549,503.8852082392047,197.92041778564453,0.03494005671084978,0.00829938245942902,-702.345743196028,69.00678916748113,37.3848195452025,6.642786642307907,2.919939679594913,-0.03210666675915695,-2.8476792388039702,-6.376054586463656,-8.953585750497293,-13.59260741554247,-17.09190639431365,-17.67782272004175,-14.153097653991601
pilot_v1_00043,data\raw\audio\pilot_v1\pilot_v1_00043.wav,0.7857325673103333,1044.8304410174894,422.0844268798828,0.029027683980894586,0.006273667979349806,-709.7249626871081,37.48120348516114,-21.865337266356544,2.666240251937326,-3.9443685231799264,-4.071081409802398,-7.9644301663604224,-3.0995481682066086,-6.732999009744835,-6.775637686726861,-3.207325535967102,0.822023566984198,0.3856036891078148
pilot_v1_00044,data\raw\audio\pilot_v1\pilot_v1_00044.wav,0.3337332308292389,739.9900557625879,212.30392456054688,0.01407414737669433,0.00961458514425657,-562.1012262592853,87.82428494239542,31.97036671872279,1.0612807044406802,-0.7305361912569227,-5.494637531157205,-4.681890090812971,-1.6759826009317986,0.5012221729599599,-1.8297232987863703,-5.189913407704657,-4.855151209984882,0.1696765186615839
pilot_v1_00045,data\raw\audio\pilot_v1\pilot_v1_00045.wav,0.7130369544029236,725.8399515470742,168.2281494140625,0.01831583420682089,0.00662136524085594,-739.7382788217893,44.711547904780424,-23.85694661937457,-2.4681548428146884,-6.4199330509087895,-3.3940985832947765,-7.958775185524992,-6.650856065172496,-7.1638274017912655,-5.594316238014658,-6.8158997002714825,-7.679924483978675,-9.16696028823942
pilot_v1_00046,data\raw\audio\pilot_v1\pilot_v1_00046.wav,0.5082145929336548,205.3496692712047,144.76032257080078,0.07824586200500995,0.006046908895758849,-852.0438645657661,72.83718547871517,11.031530066227853,-11.006346391537608,5.398709839632176,4.332505651604568,-5.618960128904103,-5.555296768522924,-1.0524388771627136,-1.789349955854983,-5.0089634092144495,-9.92285742762346,-15.035177584119026
pilot_v1_00047,data\raw\audio\pilot_v1\pilot_v1_00047.wav,0.6768361330032349,731.707387971456,177.22835540771484,0.06023675928576915,0.007437697941783385,-636.3948007816135,42.8904912126971,-28.41800581868449,1.6765590711405238,1.4279223278161806,3.9234216661443093,-3.857554682445545,-3.4366851437145676,-2.900889967175902,-0.26215274425225027,-4.459571774994858,-10.51305283068244,-16.952604968424698
pilot_v1_00048,data\raw\audio\pilot_v1\pilot_v1_00048.wav,0.5247757434844971,340.1207617713874,146.52671813964844,0.01594316463187607,0.00609226071247704,-874.0651349438414,43.75488934283196,-1.8167471025732298,-2.813418292853638,6.2389563722622805,0.3000067175884226,-2.221857993169022,-3.573437851735682,-1.5577349600626753,-0.976739809180505,-3.4863728396731295,-9.135674290101242,-13.762730387501275
pilot_v1_00049,data\raw\audio\pilot_v1\pilot_v1_00049.wav,0.6589490175247192,403.4708864447472,177.31246948242188,0.06550754520273518,0.007422580669543988,-750.6777617093179,78.10189050408823,24.835064285542245,-13.09414504373393,-5.202555978816931,4.079433822949198,0.0050823278575781,-5.8513087228510186,-2.5424607543474878,-0.629108419420428,-5.759889765267237,-13.237103610183588,-17.030046037272456
pilot_v1_00050,data\raw\audio\pilot_v1\pilot_v1_00050.wav,0.3167082965373993,1184.562378045517,236.6128921508789,0.013228988325413079,0.009947165133523308,-577.6830135996913,66.04937255868815,34.95295343287636,8.345491197711894,5.83158488047373,2.0217676400103306,-0.7975387849264168,-3.1726524915982517,-3.6310058099615654,-4.465533012282121,-5.389738942360207,-6.978066132996236,-7.673289138383943
pilot_v1_00051,data\raw\audio\pilot_v1\pilot_v1_00051.wav,0.7303137183189392,865.8213795987334,706.4741134643555,0.04843117836440913,0.006500427062940763,-643.7670714340126,50.84873906325789,-23.576703918231072,-5.436408674209411,-11.422992791669405,-5.75731184988415,-7.804118944307101,-1.4261346643161816,-0.397000317185049,-0.30377771351511523,-4.269216965737889,-3.336203920715689,-0.04020284045683752
pilot_v1_00052,data\raw\audio\pilot_v1\pilot_v1_00052.wav,0.3814998269081116,544.4956320705512,208.01410675048828,0.02059770856877368,0.008495906998541183,-636.9648292734477,87.40577227602171,23.999108272415825,1.9793341765152883,3.4725184564326863,-2.260707805307209,-3.680312692072093,-5.449912314238783,-6.687152027391238,-6.617236072590016,-5.043125985356071,-1.7152926111874394,1.3987373082469865
pilot_v1_00053,data\raw\audio\pilot_v1\pilot_v1_00053.wav,0.8035674095153809,975.2607051526886,233.9212417602539,0.07541537374025672,0.006757420691010514,-680.165929628347,36.60473188205738,-19.870807555759125,1.4228242238285858,-6.611329204273856,-4.234389350095518,-6.374406547103797,-3.396490511869705,-6.480457092323493,-5.948076144796199,-6.812917406960974,-6.4187334994460405,-6.371529017882269
pilot_v1_00054,data\raw\audio\pilot_v1\pilot_v1_00054.wav,0.46051734685897827,200.96320798249792,143.83506774902344,0.03409091027320984,0.006001557079040658,-913.7594774280137,48.74063565520778,33.21300833940276,6.019058911426795,-3.2237937189681576,-3.1835153862363605,-0.11363281221338012,-0.8770757582367503,-3.0678063770799007,-5.458231088036958,-7.313251860087648,-10.176222963170984,-12.84298709383271
pilot_v1_00055,data\raw\audio\pilot_v1\pilot_v1_00055.wav,0.5862358212471008,479.27632671767884,444.20642852783203,0.05753779919548664,0.013378785931866454,-677.6559175808793,80.91443556343795,-11.51782249698752,-4.678467196956771,-12.233877629193412,-6.9048037736973935,-6.225550064997611,-1.6386694993541493,-1.2029670547341917,-1.009430251028714,-3.286092551253922,-3.4038515414484904,-3.0212588679815133
pilot_v1_00056,data\raw\audio\pilot_v1\pilot_v1_00056.wav,0.3526570200920105,774.2593212615727,215.92082977294922,0.014299979705738371,0.008994776982441288,-628.7964869529694,76.34097930907349,29.508918009887,3.151978758425841,4.12290899467409,0.3821531363021478,-2.4315372129624158,-4.730653074575112,-5.631459365152189,-5.927584783406385,-4.536393868858895,-3.566099257808908,-2.8083483347237217
pilot_v1_00057,data\raw\audio\pilot_v1\pilot_v1_00057.wav,0.762032151222229,298.04538923468465,148.20899963378906,0.061222950753647955,0.006167847073674027,-795.0374139866789,56.722319870054676,-23.959193276965486,7.6538658624091935,15.975960598736899,0.03361918897402734,-4.7174146185668695,-2.331763494843542,-0.8666128369023499,-6.937935736021825,-9.598632606683768,-10.955345287253882,-13.445493867879506
pilot_v1_00058,data\raw\audio\pilot_v1\pilot_v1_00058.wav,0.5575101971626282,278.93512158626106,142.99392700195312,0.03942875052827975,0.007044648863559059,-818.7892308094669,67.51829948139948,-4.4318427682532375,-4.671343688076427,-5.769496917587229,-6.244675114797651,-5.108270726063741,-5.563676843038527,-5.5051085313393004,-6.009907670061379,-6.267819620024045,-6.25602290558613,-6.002727891297759
pilot_v1_00059,data\raw\audio\pilot_v1\pilot_v1_00059.wav,0.6960468888282776,930.7199100796711,782.1767807006836,0.029663042713037192,0.014119532271596912,-635.8101584157685,61.810392561812705,-26.23134410808176,-9.814406598983549,-10.547439841517077,-3.863420065367401,-7.0033350767356,-5.216502752635061,-4.859346154553823,-2.8175834665375024,-4.349473989376111,-3.6292228892017504,-1.8564477673204456
pilot_v1_00060,data\raw\audio\pilot_v1\pilot_v1_00060.wav,0.4846494197845459,397.03350457397653,276.3988494873047,0.017791048096503784,0.011867058707926741,-861.783719052353,63.917615973740105,11.497652533195563,-6.865034105457172,-7.294297767188833,-9.925378828006973,-8.71038737144209,-5.780097444337861,-2.654122065271168,-1.990670111922127,-2.7900154315658896,-2.114667198306013,1.0649080860644193
pilot_v1_00061,data\raw\audio\pilot_v1\pilot_v1_00061.wav,0.6319198608398438,677.0410681825922,190.6024932861328,0.05960274330136109,0.00793656792568349,-550.5065734306188,79.84590486674401,-17.469727767217453,-4.169003248735732,-10.78826048529243,-4.888307500979844,-7.264221183001987,-4.6959504255756555,-5.977666660822747,-4.509783456984525,-5.425530626364337,-4.500672647024518,-5.0594310914708105
pilot_v1_00062,data\raw\audio\pilot_v1\pilot_v1_00062.wav,0.42605042457580566,865.3949268255404,256.5479278564453,0.05540075002723089,0.010536738750859795,-530.4450591001611,74.60765318155383,51.34982643093491,10.575274517747204,-1.5340711397784255,-1.3436050237277581,1.1776589062059046,-2.8812723721689384,-6.259398103213912,-8.218396809175896,-10.00289521592173,-15.331202963606836,-21.514540170946045
pilot_v1_00063,data\raw\audio\pilot_v1\pilot_v1_00063.wav,0.8267012238502502,1004.7721999772112,496.9459533691406,0.11417352363832242,0.006560896151898352,-638.4721164162582,16.131831229406394,-24.34314929739168,4.675153793311469,0.26654384547126425,2.6937022552618672,-4.29800086849103,-2.864988460473576,-2.7956744200287664,-0.6762827581864346,-4.572504878637984,-9.006902291004508,-14.245871112044032
pilot_v1_00064,data\raw\audio\pilot_v1\pilot_v1_00064.wav,0.340014785528183,418.486591530232,156.11572265625,0.02758566039254355,0.006455075246222571,-864.7219549621681,45.33953304301018,16.399278047152283,4.8102775610762025,7.888848054365434,2.644201394611265,-1.9903486670446957,-4.419836365539834,-4.247253175241889,-4.414002102216099,-6.4153961814516425,-10.595261938607276,-13.79083336558806
pilot_v1_00065,data\raw\audio\pilot_v1\pilot_v1_00065.wav,0.7751778960227966,726.0595342783014,233.0801010131836,0.05972102378646976,0.009780875138889939,-508.94777844306674,95.2643972365698,-1.0321464581209667,-18.666654358396457,10.301986123307548,4.245976076949041,-6.5280130692735785,-4.671168389297435,-2.026610519901336,-2.1816718911837607,-5.181600334810702,-14.686907097268428,-22.265027579499066
pilot_v1_00066,data\raw\audio\pilot_v1\pilot_v1_00066.wav,0.5706492066383362,568.9244655112208,495.6001281738281,0.04786930050025006,0.01455793316653943,-649.1259799926096,86.59483369996084,-9.02519762276411,-7.798228229562781,-13.365852121994976,-9.975334337826776,-8.547813158375494,-4.980160225274643,-2.7561801265898414,-1.6154911896740782,-2.1163618261870463,-3.312471072284077,-4.355380481597828
pilot_v1_00067,data\raw\audio\pilot_v1\pilot_v1_00067.wav,0.6834114193916321,635.8365147974984,624.1264343261719,0.020806210072207947,0.006288785251589203,-760.6967285145361,55.8199257307181,-17.137159633731738,-5.634155044231152,-10.405305960705062,-4.507705083704522,-5.054044862411156,-0.5341904084742182,0.5172758888398007,1.0727291495678977,-2.262482008484555,-2.5699782359471874,0.6092154641208879
pilot_v1_00068,data\raw\audio\pilot_v1\pilot_v1_00068.wav,0.5058497786521912,339.86437110745527,291.62349700927734,0.03091965578541836,0.006742303418771117,-735.9150872056815,81.13307879277475,1.5739824084928318,-0.4334633942237973,-5.145697366484254,-5.91283174828799,-5.067283408732499,-3.634306797644967,-1.7193593595697658,-2.5446821277276954,-3.169360048921855,-2.360561770997773,0.7826176387329102
pilot_v1_00069,data\raw\audio\pilot_v1\pilot_v1_00069.wav,0.6101488471031189,459.5699910786427,262.1835708618164,0.015099842757747105,0.006001557079040658,-840.8666117726065,61.967744354434885,-6.02153732611703,-12.749817283868238,-7.673923184530834,-7.414952583598212,-3.363479127194455,-2.8487420570376822,-3.6439563074699683,-5.237513423987394,-6.4243261792847886,-6.532221020630678,-4.9492781449499486
pilot_v1_00070,data\raw\audio\pilot_v1\pilot_v1_00070.wav,0.4042820632457733,201.26626467121173,147.70431518554688,0.04833770383249517,0.006182964345913424,-874.264148501662,61.982020102686306,27.60428051232203,-2.1141288379890297,-0.5511926251027497,3.5294559321983545,-0.4005736716643805,-6.414032186888118,-4.854933949531298,-2.4318578201577346,-5.038548846743656,-10.943399696135119,-14.885090335614342
pilot_v1_00071,data\raw\audio\pilot_v1\pilot_v1_00071.wav,0.8478989005088806,2555.9851450347433,965.9660339355469,0.027021823797837564,0.05803520812704555,-475.50609530733425,24.99784396908814,-25.985013987019418,13.779634194519025,-11.975313534707215,-5.551255832555352,-2.4041608852644822,-12.442128162347977,-11.752541074436092,-4.479858235655101,-8.842896192101918,-0.20092212988079616,1.1942422033895004
pilot_v1_00072,data\raw\audio\pilot_v1\pilot_v1_00072.wav,0.5121339559555054,403.57967002429024,173.94790649414062,0.04436321336314755,0.007090000680277251,-699.3570947519279,85.74433916353564,1.1349109648116131,-0.9234560593655882,-4.529219760749534,-5.386921657633265,-5.3928803335524815,-6.53730884557001,-5.939592240764654,-5.434093904476918,-3.592147819588268,-2.052279917967798,-0.8151710754983194
pilot_v1_00073,data\raw\audio\pilot_v1\pilot_v1_00073.wav,0.6720942854881287,366.53416752542233,228.45382690429688,0.04792136226135218,0.008284265187189624,-861.4230143288436,63.220016302435525,0.890004800081229,-14.371182216707892,3.3325073538000805,5.0084597785610665,-0.7603443655459124,-4.427561208835567,-2.9970108786735787,-1.4667306314023616,-3.723214572033905,-9.681809839039397,-13.875965400806832
pilot_v1_00074,data\raw\audio\pilot_v1\pilot_v1_00074.wav,0.3298477530479431,273.58019086687614,151.32122039794922,0.019975699187951293,0.006152729801434629,-868.8731553656311,61.696566754397935,23.282880309808508,0.508111884657359,1.4229342792245325,-0.9339790170293694,-2.9772380127888103,-4.365423924264357,-5.529704344170092,-7.369184059609593,-7.889368218648508,-7.930078168277783,-6.551886045234948
pilot_v1_00075,data\raw\audio\pilot_v1\pilot_v1_00075.wav,0.7176777720451355,1022.8331858948753,400.2988815307617,0.021998352012231284,0.008888956076765509,-466.3509810647845,69.73877205088603,-21.47964556989459,0.785320629139738,-4.976571515411097,0.1408062856040869,-6.426393546599829,-7.683856384279049,-9.586777839328224,-5.817307470564222,-2.462569281564421,2.6384279954835073,4.223281340406754
pilot_v1_00076,data\raw\audio\pilot_v1\pilot_v1_00076.wav,0.40269961953163147,192.0121976475993,153.08761596679688,0.04250127137024853,0.006424840701743777,-801.8356654708606,80.85736995574004,18.071018817356713,2.454877442023663,2.316490942166985,-3.46850589206931,-2.8551861459278087,-2.341630926919684,-1.4239613008856071,-2.606294015047311,-4.732796663805345,-4.835164574223045,-1.5293053564770442
pilot_v1_00077,data\raw\audio\pilot_v1\pilot_v1_00077.wav,0.781796932220459,1654.39099785436,673.5013961791992,0.062157037908231336,0.010506504206381,-245.4177546570645,55.175707422180054,-37.07654678720953,0.26612736403793824,-8.959088719617192,-5.627716868458462,-11.65072325160561,-7.847906709450048,-9.55704962367441,-7.515055399079824,-9.051188877724567,-8.90799686177902,-10.740662035615209
pilot_v1_00078,data\raw\audio\pilot_v1\pilot_v1_00078.wav,0.4387483596801758,493.76732925599487,189.42489624023438,0.05520582261750807,0.007921450653444092,-731.7153640853913,67.68750125800652,31.85974864625264,-1.4592810922213162,-0.36068548924392074,3.5489725208339507,-0.23758766573479,-6.181227095853156,-4.7517047134662524,-3.1387297184379626,-6.425257963173392,-13.111980681454124,-17.799492323109003
pilot_v1_00079,data\raw\audio\pilot_v1\pilot_v1_00079.wav,0.6074341535568237,368.3420485274552,143.91918182373047,0.02095466961914693,0.006001557079040658,-825.28912555486,45.58403006728105,-18.268577136735125,1.0066657610109755,1.5255153958328322,0.9931170819502823,-3.4236137718874176,-3.6996575326189176,-1.5025382145155874,-0.13311186591991267,-3.4286290876883836,-9.228680732939964,-14.391967570469992
pilot_v1_00080,data\raw\audio\pilot_v1\pilot_v1_00080.wav,0.45658111572265625,501.4587513407015,188.07907104492188,0.0480688096297007,0.007815629747768312,-689.4189957276327,63.52924998620083,-0.7928765803956394,3.6922750102387853,7.730819312552095,1.187689009417232,-3.0258597114211163,-5.7832171526300815,-3.091982451872698,-2.4292065293944582,-5.77472894512949,-12.751407208056495,-18.10199780610699
pilot_v1_00081,data\raw\audio\pilot_v1\pilot_v1_00081.wav,0.5909609198570251,245.2348937495816,157.88211822509766,0.1104100510700762,0.006062026167998246,-841.3064174786336,81.73796912006352,12.226773354867216,-17.84124154897481,-0.135181031668988,4.14085734686627,-5.343827978187697,-6.593557252671096,0.5534974412263602,0.6744310444656473,-4.406211237305413,-9.904759079403016,-14.468762004589227
pilot_v1_00082,data\raw\audio\pilot_v1\pilot_v1_00082.wav,0.38533490896224976,292.70670126498396,151.15299224853516,0.013977493057380332,0.0063190197960679975,-862.0862016183,55.84458341833544,18.73875429553611,-0.7910429361604517,2.8833419114924,-0.2252280944787548,-3.0258846742505945,-4.082644528756172,-3.8248981680659115,-4.274612781652183,-5.365366661144931,-7.087568077398958,-8.48834115224476
pilot_v1_00083,data\raw\audio\pilot_v1\pilot_v1_00083.wav,0.7988763451576233,1911.6248138588385,1144.6243286132812,0.05301925365073878,0.01082396692340834,-192.8425373113136,61.808353353378756,-30.355081056424627,-3.5398762556289083,-19.49131092600793,-13.1387717303231,-12.498311997666947,-1.2467415601451985,1.0504179187346887,-0.5653523081242298,-7.897066456108645,-6.257087131101662,1.032915649983717
pilot_v1_00084,data\raw\audio\pilot_v1\pilot_v1_00084.wav,0.3119668960571289,370.9360544978226,171.92916870117188,0.008733531328139367,0.0061073779847164375,-884.9453563695189,55.55452847099541,23.674902196969487,2.0078052688161194,1.290806523280905,-1.1937729285500376,-3.447546847108379,-5.0615637335367625,-5.684898699352902,-6.046350995360678,-4.488250638484988,-2.1294655706777075,0.03736975342743465
pilot_v1_00085,data\raw\audio\pilot_v1\pilot_v1_00085.wav,0.7342326641082764,832.032007570918,218.61248016357422,0.033149576799225165,0.009176184249314054,-524.7206575651255,81.22577915241185,-19.81760356385333,-6.256737590826209,5.445362422330965,-1.6255462722935954,-8.098275516687794,-9.001380204868058,-5.649181700996269,-8.835008127905475,-12.449618010010404,-13.648429144779856,-13.191062261122035
pilot_v1_00086,data\raw\audio\pilot_v1\pilot_v1_00086.wav,0.5294169783592224,382.7175572522565,170.6674575805664,0.022152576543526082,0.007074883408037854,-806.7250746262175,61.20069906710654,25.679761498349254,-6.200925530022856,-4.077685821629601,2.180468595979068,0.4003073923589332,-5.210178202078796,-3.711399974285708,-1.463334205371331,-4.622991331631282,-11.592273104440928,-16.780356137519906
pilot_v1_00087,data\raw\audio\pilot_v1\pilot_v1_00087.wav,0.6550630331039429,415.69010790358163,142.9098129272461,0.08312109327051866,0.006485309790701366,-737.0385847105459,51.46794613047443,-18.529744836658377,0.831460165753305,-4.358804999085011,-0.5465047328211954,-5.557704278962265,-4.137084805719672,-5.068749077527297,-2.9436013368562315,-4.3401375847471995,-4.914828055805707,-7.054201405851962
pilot_v1_00088,data\raw\audio\pilot_v1\pilot_v1_00088.wav,0.4224335849285126,231.50099397860816,149.55482482910156,0.021878197154743484,0.006273667979349806,-843.3271447227977,66.41734861227366,17.78212386881607,0.7101930950979862,2.679296085231506,-0.510017917930682,-2.5185315328947633,-4.261838764219669,-5.05540529584794,-5.11831406464601,-2.8636015823989784,-0.19161760652941218,2.044685436241317
pilot_v1_00089,data\raw\audio\pilot_v1\pilot_v1_00089.wav,0.8316105008125305,735.0640421344074,199.77092742919922,0.026110606684509173,0.008329617003907814,-632.9449744393683,42.27188503795664,-20.15234981680676,19.805156375184865,13.499003785234974,7.422339854026425,6.27908704054615,-5.0753969844693865,-8.4464122351112,-9.759903745773357,-13.910486191453918,-17.491677753429826,-16.668394388681723
pilot_v1_00090,data\raw\audio\pilot_v1\pilot_v1_00090.wav,0.4883003234863281,440.24186287434316,163.3495330810547,0.034609642684195474,0.006817889779968103,-758.7779494075829,76.28147093862792,6.824024229270839,-2.2151390728365956,-2.724456021591345,-5.049231396687168,-4.02678314235904,-4.765625586364193,-4.309663679103235,-4.498237958459765,-4.120831286007507,-3.905008975709898,-3.331089607604569
pilot_v1_00091,data\raw\audio\pilot_v1\pilot_v1_00091.wav,0.6269094347953796,553.5859516656318,744.6619033813477,0.0517266793545392,0.013409020476345249,-731.2348484277466,66.21080627587608,-17.713307661440105,-7.6930372593032645,-13.76331775953575,-6.703899467993493,-5.377705334701549,1.0776528826219323,0.917207782174831,-0.49349643204320215,-4.885278616523779,-4.324553264798474,-0.6199369328484087
pilot_v1_00092,data\raw\audio\pilot_v1\pilot_v1_00092.wav,0.5525500178337097,628.227595870108,498.4600067138672,0.02178255069066991,0.00751328430298037,-662.2551571927362,84.19388064573641,-3.93800770290447,-8.356132328564081,-13.758886894855063,-13.40848844297074,-10.038713104645865,-4.066845845321482,2.1944418550391864,1.7889743252455925,-2.5999101034138996,-4.417891220447681,0.38734098666284505
pilot_v1_00093,data\raw\audio\pilot_v1\pilot_v1_00093.wav,0.6996139287948608,549.9224865724917,145.43323516845703,0.0856668697625469,0.006455075246222571,-728.6686077504792,49.2633236766522,-17.954700808806013,-2.1545000971248336,-7.793569529272746,-3.6296276672501664,-6.673466627935829,-4.866481858956105,-6.119939183329235,-4.881346124163335,-5.959840947093953,-5.543583506066589,-6.407487218302125
pilot_v1_00094,data\raw\audio\pilot_v1\pilot_v1_00094.wav,0.35765013098716736,422.40983810484494,158.72325897216797,0.01106014605794052,0.006636482513095337,-892.9639425924527,29.023881854262548,31.989576940927734,17.387127617639177,8.541251300154403,0.5993904978858166,-2.641428064919888,-4.117500916481377,-4.169715172365656,-5.522671526962674,-7.646809950895722,-10.689035307421861,-13.621945881691026
pilot_v1_00095,data\raw\audio\pilot_v1\pilot_v1_00095.wav,0.7583649754524231,1277.8773647091184,637.5005722045898,0.09917740830887872,0.009735523322171747,-327.53105210201625,36.10167685486016,-40.386667098464514,6.902694452331663,3.5928297762511776,4.990607384286767,-6.938169161541411,-4.772177241478938,-3.2121428322861347,0.2150062845016923,-6.0295794693570075,-13.844515038460356,-22.29823834388528
pilot_v1_00096,data\raw\audio\pilot_v1\pilot_v1_00096.wav,0.5660882592201233,629.144909219067,195.90167999267578,0.0674879936706063,0.008193561553753241,-606.5955897686092,61.261231494715105,-15.744272210669555,2.787560155725083,2.75423272046269,2.121140244203027,-4.0019617526904705,-4.337719886315235,-2.5819953534919056,-1.169216348995583,-5.131282698551208,-11.83197415085338,-17.868499249386335
pilot_v1_00097,data\raw\audio\pilot_v1\pilot_v1_00097.wav,0.6874439120292664,210.30449524729434,148.79779815673828,0.05955370728958077,0.006243433434871012,-858.0739556854868,68.40000731431589,24.70288970345771,-8.272514235273302,-2.263506553935936,5.2744469400063645,0.3385615889826338,-6.897970002731152,-4.526727806471935,-1.2574151064406265,-4.774636465424358,-11.749676607122494,-15.463596427615958
pilot_v1_00098,data\raw\audio\pilot_v1\pilot_v1_00098.wav,0.34407275915145874,214.18227138286053,214.40677642822266,0.013411222633687669,0.006031791623519452,-878.87227710731,64.27038875125037,23.105186077634617,-0.42434976829485793,1.764657419456485,-0.9410832716449307,-2.392095986870703,-3.1031002482093313,-3.0178346538545195,-4.050548547506761,-3.598264038194011,-3.7001191149658283,-3.2617026739934256
pilot_v1_00099,data\raw\audio\pilot_v1\pilot_v1_00099.wav,0.7706418037414551,1362.4969918945658,1795.246696472168,0.049518920523709424,0.020680428423495264,-590.8692553139492,40.926196021881736,-32.42370407979293,-1.715452325215543,-9.026693851540388,-11.845296952832923,-13.318878821373374,0.826180877882614,0.30958850998074366,-4.628009775474711,-7.053129155120427,-3.1843334786364013,-0.8315680161421343
pilot_v1_00100,data\raw\audio\pilot_v1\pilot_v1_00100.wav,0.41744497418403625,237.12051647409265,145.18089294433594,0.0265006494562723,0.006062026167998246,-849.7200994613254,71.65098480418266,17.457748780519157,-0.8496460031838885,-1.6657008596549525,-6.573235834851242,-5.407359072361257,-3.3109225207238264,-1.5997609696079111,-3.3904728562564506,-6.3262099779990635,-5.863528738880322,-1.5431475209514736
pilot_v1_00101,data\raw\audio\pilot_v1\pilot_v1_00101.wav,0.8352813124656677,1361.4111051412256,345.8770751953125,0.07079113336032478,0.00761910520865615,-500.92194389914965,38.250836586792786,-22.975634141669044,-1.489273703697374,-12.276436382588905,-6.569142256152643,-9.184958280690823,-6.305558469955835,-8.093809385244983,-6.51513969870204,-7.600301914940703,-6.506329393446488,-6.971949986929458
pilot_v1_00102,data\raw\audio\pilot_v1\pilot_v1_00102.wav,0.4932565689086914,1223.7072910851846,227.02388763427734,0.0097817885237789,0.009523881510820188,-656.427487734495,39.55380854331815,34.45265270376262,11.61772083665277,3.0367116085467973,-1.0086700450405754,-0.7227914316460646,-1.1863944763577485,-2.5431526783904714,-4.5150870459515255,-6.6799449168077825,-10.789058517373302,-16.20106888480869
pilot_v1_00103,data\raw\audio\pilot_v1\pilot_v1_00103.wav,0.6233375668525696,478.307909487787,288.006591796875,0.05349314322040582,0.006591130696377146,-714.0921047482087,68.66638214980664,-9.36484982260048,-1.5404781475503584,-6.174138595121708,-2.6638028794946624,-4.045573140940667,-2.948120313523348,-3.945316009047722,-2.992752655573023,-2.3143834724902463,0.03251363582526822,1.1600927982333147
pilot_v1_00104,data\raw\audio\pilot_v1\pilot_v1_00104.wav,0.32530298829078674,204.29653155821316,143.33038330078125,0.014629090582574502,0.006001557079040658,-894.1270868802154,55.22287866887196,25.630172728632758,4.18901943746465,4.475197063738523,1.652395437612031,-2.1873142173876383,-4.816260299939171,-4.777484595579774,-4.640080852930257,-3.75875305369683,-3.609290589308077,-3.5269503920802117
pilot_v1_00105,data\raw\audio\pilot_v1\pilot_v1_00105.wav,0.7217271327972412,459.644102865852,189.5090103149414,0.07790630644726929,0.00772492611433193,-700.4093023821525,81.54579287275676,9.381732872448364,-12.24840613003294,1.0358615766238868,-0.058672814550625264,-2.890951528952359,-3.4027275147971165,-1.3549828209238355,-0.8599923915931225,-5.429030088782941,-13.423877529987168,-18.275232496631336
pilot_v1_00106,data\raw\audio\pilot_v1\pilot_v1_00106.wav,0.5161745548248291,1342.6736004247796,300.1190185546875,0.017621266707193457,0.011020491462520503,-481.67083947800944,79.95087478563624,43.57948896483519,4.2240464507935975,-6.231476770034388,-10.780994106483428,-10.035501170467642,-8.034682785797026,-4.537000995538575,-4.6452115222431365,-6.61293050964868,-9.511233424088934,-10.751416291020396
pilot_v1_00107,data\raw\audio\pilot_v1\pilot_v1_00107.wav,0.66754150390625,530.7405074065757,293.47400665283203,0.07227118668892905,0.006364371612786189,-680.7638089984911,60.604814576511444,-16.400358240642174,0.04947399807868616,-5.8898280729002765,-0.9905629905678979,-6.02181464506811,-5.895077342197572,-8.202283835208343,-5.474782617281579,-3.3337583173209637,1.1654361564546518,2.519928806800406
pilot_v1_00108,data\raw\audio\pilot_v1\pilot_v1_00108.wav,0.4519290328025818,972.6229173969839,358.41007232666016,0.010478339987226607,0.009372708788426217,-583.8362502739512,82.8637285620975,23.716231126689948,-4.338887109997781,-5.946042292847663,-10.184071202611149,-8.93569444591809,-4.316361980519172,-0.7393144877993278,-2.0242385019491596,-5.039387030705045,-5.232334979654074,-0.15291811150015805
pilot_v1_00109,data\raw\audio\pilot_v1\pilot_v1_00109.wav,0.5948327779769897,380.5783560863232,150.81653594970703,0.054070811009608234,0.006137612529195232,-764.3808631382508,59.350434419961225,-14.521759498915662,0.9438553840074642,-3.5415048293726175,-1.3729418249092022,-5.811826737585723,-4.648633612431623,-4.175348206127512,-1.9165680619147716,-3.132862701145321,-4.812511432015855,-7.586444042181179
pilot_v1_00110,data\raw\audio\pilot_v1\pilot_v1_00110.wav,0.3900906443595886,330.38010250347816,227.27622985839844,0.03206428799437265,0.007180704313713634,-920.341055323161,44.88893991059765,31.959156598829267,7.132898209740585,-1.8197497052699803,-2.5796294003038893,-0.07729885210742718,-0.9950635875240099,-3.073709129839419,-5.366227961964532,-6.888210246979802,-9.364249030560906,-12.120480611918824
pilot_v1_00111,data\raw\audio\pilot_v1\pilot_v1_00111.wav,0.7949684858322144,997.9345409267621,457.58056640625,0.11886092672231564,0.006984179774601471,-575.4430795982539,27.075753345993387,-26.953329094526644,4.088434274709027,-1.4362582665276682,-0.1523957424722244,-8.402892604804551,-7.034660832562989,-7.5870161167890355,-4.4511244253488425,-5.471853941347403,-6.736199074306063,-10.269945160804546
pilot_v1_00112,data\raw\audio\pilot_v1\pilot_v1_00112.wav,0.3722054362297058,224.17023351679683,228.11737060546875,0.03730546705332677,0.008072623375838063,-869.6135793125165,54.37767376683064,6.810648875180892,3.328906604938595,8.401838549733549,0.8455461590911806,-3.1391646706960636,-5.090558983337321,-3.7838293117796677,-2.9142392759219167,-5.40518046996341,-10.231411524446502,-14.201618358756265
pilot_v1_00113,data\raw\audio\pilot_v1\pilot_v1_00113.wav,0.811527669429779,493.02355265275696,181.09760284423828,0.02884477459471689,0.0071655870414742365,-752.1920796994459,61.42154941975173,-8.925401066613123,-4.322313412285291,7.9635435292030605,-4.684279751562263,-0.8216901837932516,-2.203191150698064,-4.2304242330546815,-0.3448017727108953,-3.4757948703080017,-11.907982083238073,-15.971907160961372
pilot_v1_00114,data\raw\audio\pilot_v1\pilot_v1_00114.wav,0.469207763671875,508.92097237869206,208.51879119873047,0.09733191323282091,0.00872266608213214,-535.8637027984255,100.72207817948951,2.598503700258014,0.33495306992336094,-4.973831581338074,-5.9112559364257615,-6.8333718647467645,-7.733590336369342,-7.319223296052476,-7.238151267814502,-7.042410411738341,-7.260343839367699,-7.142366969619265
pilot_v1_00115,data\raw\audio\pilot_v1\pilot_v1_00115.wav,0.5778058767318726,460.3088295223944,415.69175720214844,0.024788428030694983,0.012214755969432875,-778.6798239563146,70.14736861204048,-8.441581632947448,-7.154391574032272,-12.15274071326303,-9.642669518500883,-7.8180143255787815,-1.9530169834377897,2.373095201158631,2.624646025830977,-1.4693435561731591,-3.610811680075962,-0.36859390286664173
pilot_v1_00116,data\raw\audio\pilot_v1\pilot_v1_00116.wav,0.5340113639831543,966.6921563105287,503.5909652709961,0.04025599054924894,0.020514138428861895,-422.1789340826765,104.2737006778762,7.611267939680822,-4.150602339082747,-8.113462367631058,-11.633816000364364,-12.80521323816871,-13.146950254076021,-10.287142864699016,-6.6447752392599995,-2.08538689046805,0.9567512344085974,2.228952726372021
pilot_v1_00117,data\raw\audio\pilot_v1\pilot_v1_00117.wav,0.6510642766952515,450.3874218367972,161.07845306396484,0.02344867084049108,0.006394606157264983,-781.6584624744792,62.46377650617229,-13.912338482973027,-8.330581449891206,-4.924467002903382,-2.2600545362265447,-1.9436376408546419,-5.042926602927283,-8.229094473615968,-11.707136513261977,-13.434244750097978,-12.898313313077015,-9.877285557403496
pilot_v1_00118,data\raw\audio\pilot_v1\pilot_v1_00118.wav,0.30794236063957214,203.24155215302812,143.58272552490234,0.01409430990332614,0.006001557079040658,-926.5192539473558,39.66276227012321,32.060442687009406,9.609078093307447,0.5343823294775926,-1.8344572899753477,-0.1133536276677484,-1.1798284143799977,-3.5861874845153294,-6.491122119116242,-7.814213509267005,-9.502828851688072,-11.931156418510747
pilot_v1_00119,data\raw\audio\pilot_v1\pilot_v1_00119.wav,0.738802433013916,1016.9939192626673,194.97642517089844,0.03696357512704864,0.008042388831359269,-586.908540876188,53.40466258017446,-19.863372834350198,4.107156370745225,-1.0316800203219592,0.930664896749368,-6.640850063724797,-8.537256100624322,-10.574817425870233,-6.741844508185955,-3.2494870475547373,0.665965704039993,0.41353996660837117
pilot_v1_00120,data\raw\audio\pilot_v1\pilot_v1_00120.wav,0.4751533269882202,665.043020339383,241.07093811035156,0.06655960196396885,0.009992516950241498,-432.73797810129,114.9832277640377,12.678120849641035,1.3544971678951363,-2.7465662757861797,-6.716814189690539,-7.450649310179621,-10.662949872342685,-10.630331305251568,-10.023981723600828,-6.285363148389766,-2.399574998099695,0.8784639534964905
pilot_v1_00121,data\raw\audio\pilot_v1\pilot_v1_00121.wav,0.6395441889762878,296.5310648562454,155.44281005859375,0.0695436784480822,0.006500427062940763,-814.2858566945047,73.83030617214355,10.561883070518704,-13.758710846950775,1.6936887863372307,4.553487166707019,-2.521046531942054,-5.7571996869905835,-2.3567850429610893,-0.8001286228761791,-4.539712233737578,-11.682567931919875,-15.863960997364016
pilot_v1_00122,data\raw\audio\pilot_v1\pilot_v1_00122.wav,0.4350762665271759,241.40897241186025,144.5079803466797,0.04560604098603857,0.006077143440237643,-854.6041529557574,70.31204732939145,19.189136965487275,0.8244865361829375,1.5625266243863252,-2.6314423166525054,-3.0290448477681324,-3.9346127746248256,-4.57026836335992,-5.039400655836829,-5.272641565981668,-5.517609455067007,-4.993758246103244
pilot_v1_00123,data\raw\audio\pilot_v1\pilot_v1_00123.wav,0.8184723854064941,1295.789533643223,464.98260498046875,0.008566403552594672,0.007256290674910619,-648.0410648317933,39.419597525933746,-18.806422550363436,3.1183444818311825,-7.443630918133347,-4.596981222654177,-4.973436239911459,-2.5068326871239646,-4.848859131486073,-3.5672940618863005,-3.1147014198818432,0.2191902461323312,1.5652034670404966
pilot_v1_00124,data\raw\audio\pilot_v1\pilot_v1_00124.wav,0.3622286021709442,125.6256151274562,17.327499389648438,0.025193608775708413,4.535181671819137e-05,-858.1412432482236,71.14927992670776,18.68127986764825,-0.4295047093321781,0.253942266865066,-4.209207396272985,-3.234459067710866,-0.24987938875753427,1.6381186985199878,0.48992561518277117,-2.9377267406787344,-3.131997765834083,0.8945824886421954
pilot_v1_00125,data\raw\audio\pilot_v1\pilot_v1_00125.wav,0.7543490529060364,1030.7884244399656,452.197265625,0.04009433258711663,0.006681834329813528,-667.4344197106132,43.53692171689319,-26.944016695670634,-1.5890015203968224,-5.040235745369852,-3.3323212172181864,-9.32991049615924,-4.8880604585556,-4.497241222197301,-4.581760932182175,-6.160200096431367,-4.423652823862311,-5.121943685449337
pilot_v1_00126,data\raw\audio\pilot_v1\pilot_v1_00126.wav,0.5485430955886841,497.0617805925948,230.22022247314453,0.09643223994035796,0.008586610631977565,-649.9999249446665,87.07658307713719,32.27602072931795,-9.562119932128647,-3.4082793595000433,4.55001094104029,-0.7188873991892342,-7.595117460639912,-3.969876538793143,-1.027026993024741,-6.046957014722985,-14.773781646484457,-19.913595616339393
pilot_v1_00127,data\raw\audio\pilot_v1\pilot_v1_00127.wav,0.7042001485824585,695.143747921059,420.31803131103516,0.027599927373333992,0.006213198890392218,-745.5529513353806,33.443810578408275,-32.09488872575325,0.6447006370064919,2.4789694384610637,6.249131828179232,-3.858680097788936,-5.149221414240137,-3.482365197162495,1.191078882636374,-3.248705021703155,-9.885681740629538,-15.579210017608917
