query_id,query_audio_path,method,recommendation_rank,candidate_sample_id,candidate_audio_path,candidate_audio_rank,audio_cosine_similarity,mmr_score,query_parameter_distance,wave_frame_normalized,filter_cutoff_normalized,filter_resonance_normalized,filter_drive_normalized,amp_attack_normalized,amp_decay_normalized,amp_sustain_normalized,amp_release_normalized
pilot_v1_00045,data\raw\audio\pilot_v1\pilot_v1_00045.wav,audio_top_k_parameter_mmr,1,pilot_v1_00525,data\raw\audio\pilot_v1\pilot_v1_00525.wav,1,0.9384205467174151,0.7269077050190307,0.25049727520874043,0.44817206263542175,0.7263052463531494,0.37041574716567993,0.19030547142028809,0.19653576612472534,0.15580220520496368,0.44111815094947815,0.17123934626579285
pilot_v1_00045,data\raw\audio\pilot_v1\pilot_v1_00045.wav,audio_top_k_parameter_mmr,2,pilot_v1_00173,data\raw\audio\pilot_v1\pilot_v1_00173.wav,4,0.8855082869314134,0.5604927736645879,0.471317572489766,0.46908465027809143,0.6938945055007935,0.3849199414253235,0.17954696714878082,0.4220235347747803,0.47105494141578674,0.8235812783241272,0.2008451670408249
pilot_v1_00045,data\raw\audio\pilot_v1\pilot_v1_00045.wav,audio_top_k_parameter_mmr,3,pilot_v1_00685,data\raw\audio\pilot_v1\pilot_v1_00685.wav,2,0.9119623969179124,0.5504938475643376,0.4218442339428707,0.4721984565258026,0.7651207447052002,0.5732587575912476,0.6286710500717163,0.2851937413215637,0.3058824837207794,0.4607088267803192,0.3453792631626129
pilot_v1_00045,data\raw\audio\pilot_v1\pilot_v1_00045.wav,audio_top_k_parameter_mmr,4,pilot_v1_00093,data\raw\audio\pilot_v1\pilot_v1_00093.wav,14,0.832077414566739,0.5361475258783595,0.5201608644492619,0.40444111824035645,0.6996139287948608,0.013334107585251331,0.7016435265541077,0.3958032429218292,0.1918085366487503,0.9026821255683899,0.16985180974006653
pilot_v1_00045,data\raw\audio\pilot_v1\pilot_v1_00045.wav,audio_top_k_parameter_mmr,5,pilot_v1_00621,data\raw\audio\pilot_v1\pilot_v1_00621.wav,5,0.8831699117118383,0.5348486625633133,0.28933531521836875,0.48569899797439575,0.7942931056022644,0.1507626622915268,0.13574039936065674,0.37172242999076843,0.3470325469970703,0.3594123423099518,0.3587646484375
pilot_v1_00046,data\raw\audio\pilot_v1\pilot_v1_00046.wav,audio_top_k_parameter_mmr,1,pilot_v1_00958,data\raw\audio\pilot_v1\pilot_v1_00958.wav,1,0.9782097120362185,0.741828642013582,0.32129131503194014,0.048073455691337585,0.5691529512405396,0.5469590425491333,0.7376102805137634,0.18115077912807465,0.4232688844203949,0.4290710687637329,0.23870646953582764
pilot_v1_00046,data\raw\audio\pilot_v1\pilot_v1_00046.wav,audio_top_k_parameter_mmr,2,pilot_v1_00737,data\raw\audio\pilot_v1\pilot_v1_00737.wav,8,0.9352788086951456,0.5768139529025065,0.3952009454369105,0.02568325772881508,0.6697288751602173,0.10566827654838562,0.5093318223953247,0.3778786361217499,0.30326560139656067,0.9843775629997253,0.304916650056839
pilot_v1_00046,data\raw\audio\pilot_v1\pilot_v1_00046.wav,audio_top_k_parameter_mmr,3,pilot_v1_00209,data\raw\audio\pilot_v1\pilot_v1_00209.wav,9,0.9269068165508344,0.5695336949109565,0.5641664643088822,0.11445018649101257,0.8156684637069702,0.06770585477352142,0.31917279958724976,0.35215312242507935,0.49805423617362976,0.32764291763305664,0.13786548376083374
pilot_v1_00046,data\raw\audio\pilot_v1\pilot_v1_00046.wav,audio_top_k_parameter_mmr,4,pilot_v1_00017,data\raw\audio\pilot_v1\pilot_v1_00017.wav,12,0.9187666919645885,0.5533594099792495,0.31045737634674553,0.10149585455656052,0.7434598803520203,0.4590492844581604,0.43417230248451233,0.29063647985458374,0.1890207678079605,0.4272312819957733,0.12946128845214844
pilot_v1_00046,data\raw\audio\pilot_v1\pilot_v1_00046.wav,audio_top_k_parameter_mmr,5,pilot_v1_00854,data\raw\audio\pilot_v1\pilot_v1_00854.wav,2,0.9705303720103161,0.5509638222278375,0.32134217381661156,0.15429002046585083,0.49400103092193604,0.23359595239162445,0.682828426361084,0.33960703015327454,0.3458954095840454,0.6193709969520569,0.16769269108772278
pilot_v1_00068,data\raw\audio\pilot_v1\pilot_v1_00068.wav,audio_top_k_parameter_mmr,1,pilot_v1_00802,data\raw\audio\pilot_v1\pilot_v1_00802.wav,1,0.9139683850444268,0.71773814439166,0.5399128257642277,0.3927449882030487,0.5342074632644653,0.7408474683761597,0.703809916973114,0.09988874942064285,0.49853256344795227,0.24834077060222626,0.2905972898006439
pilot_v1_00068,data\raw\audio\pilot_v1\pilot_v1_00068.wav,audio_top_k_parameter_mmr,2,pilot_v1_00380,data\raw\audio\pilot_v1\pilot_v1_00380.wav,2,0.8981236168116531,0.6001710804974488,0.25572851793305124,0.9197208285331726,0.4447172284126282,0.4124387800693512,0.43813037872314453,0.33899277448654175,0.2385326474905014,0.9941420555114746,0.1950921267271042
pilot_v1_00068,data\raw\audio\pilot_v1\pilot_v1_00068.wav,audio_top_k_parameter_mmr,3,pilot_v1_00036,data\raw\audio\pilot_v1\pilot_v1_00036.wav,3,0.8842758295087454,0.5446222123727731,0.3992517314813715,0.847714364528656,0.5743168592453003,0.24372494220733643,0.6932505965232849,0.06088479235768318,0.4081321358680725,0.9524207711219788,0.11696040630340576
pilot_v1_00068,data\raw\audio\pilot_v1\pilot_v1_00068.wav,audio_top_k_parameter_mmr,4,pilot_v1_00204,data\raw\audio\pilot_v1\pilot_v1_00204.wav,18,0.8148424685348374,0.5233372194431002,0.4319517074316505,0.9460874199867249,0.4904526472091675,0.5257231593132019,0.7454911470413208,0.41915178298950195,0.48414310812950134,0.39913409948349,0.2210860550403595
pilot_v1_00068,data\raw\audio\pilot_v1\pilot_v1_00068.wav,audio_top_k_parameter_mmr,5,pilot_v1_00420,data\raw\audio\pilot_v1\pilot_v1_00420.wav,4,0.8737866475503988,0.5204895098492144,0.25393183155833815,0.857062578201294,0.4878159761428833,0.49409055709838867,0.5088496208190918,0.14127840101718903,0.19127264618873596,0.5699396729469299,0.23886311054229736
pilot_v1_00071,data\raw\audio\pilot_v1\pilot_v1_00071.wav,audio_top_k_parameter_mmr,1,pilot_v1_00615,data\raw\audio\pilot_v1\pilot_v1_00615.wav,1,0.8768577234187315,0.7038216462820243,0.242722471183728,0.7246952652931213,0.835688054561615,0.4953674077987671,0.08076272159814835,0.27001407742500305,0.1610613763332367,0.27187272906303406,0.2772224247455597
pilot_v1_00071,data\raw\audio\pilot_v1\pilot_v1_00071.wav,audio_top_k_parameter_mmr,2,pilot_v1_00363,data\raw\audio\pilot_v1\pilot_v1_00363.wav,2,0.8246859423307414,0.5349264429135604,0.3460335504737322,0.7573226094245911,0.8258299231529236,0.4525597095489502,0.14886316657066345,0.38279780745506287,0.43744373321533203,0.8398110270500183,0.17970184981822968
pilot_v1_00071,data\raw\audio\pilot_v1\pilot_v1_00071.wav,audio_top_k_parameter_mmr,3,pilot_v1_00683,data\raw\audio\pilot_v1\pilot_v1_00683.wav,4,0.8013934785656757,0.49971046996509105,0.3268647105552789,0.7676963806152344,0.8378461599349976,0.3062681555747986,0.24677029252052307,0.1387397050857544,0.3952394425868988,0.5308486223220825,0.29965344071388245
pilot_v1_00071,data\raw\audio\pilot_v1\pilot_v1_00071.wav,audio_top_k_parameter_mmr,4,pilot_v1_00183,data\raw\audio\pilot_v1\pilot_v1_00183.wav,3,0.8054966823227344,0.4905598176336897,0.22003939942414472,0.6866306662559509,0.820611298084259,0.4200725853443146,0.37789201736450195,0.44845330715179443,0.3849219083786011,0.538301944732666,0.34557846188545227
pilot_v1_00071,data\raw\audio\pilot_v1\pilot_v1_00071.wav,audio_top_k_parameter_mmr,5,pilot_v1_00843,data\raw\audio\pilot_v1\pilot_v1_00843.wav,7,0.7469365422546451,0.46663367026548247,0.19231256256280554,0.7812785506248474,0.8219107389450073,0.7728686928749084,0.3620656728744507,0.281983345746994,0.33285006880760193,0.6541418433189392,0.25672364234924316
pilot_v1_00107,data\raw\audio\pilot_v1\pilot_v1_00107.wav,audio_top_k_parameter_mmr,1,pilot_v1_00151,data\raw\audio\pilot_v1\pilot_v1_00151.wav,1,0.9654559252320011,0.7370459719620004,0.315772560337531,0.6520565152168274,0.633345365524292,0.14279133081436157,0.10100208222866058,0.361092209815979,0.2874402701854706,0.716518223285675,0.10246416181325912
pilot_v1_00107,data\raw\audio\pilot_v1\pilot_v1_00107.wav,audio_top_k_parameter_mmr,2,pilot_v1_00075,data\raw\audio\pilot_v1\pilot_v1_00075.wav,25,0.895403386125712,0.5875460738793717,0.4125999394177883,0.7887993454933167,0.7176777720451355,0.4087713658809662,0.6727550029754639,0.10497758537530899,0.15954169631004333,0.4636632800102234,0.3910234868526459
pilot_v1_00107,data\raw\audio\pilot_v1\pilot_v1_00107.wav,audio_top_k_parameter_mmr,3,pilot_v1_00747,data\raw\audio\pilot_v1\pilot_v1_00747.wav,2,0.9623762870461243,0.5812601277178175,0.2783791282449125,0.7626996040344238,0.6852669715881348,0.4481734037399292,0.4456566870212555,0.27656081318855286,0.4672776758670807,0.8968373537063599,0.33108386397361755
pilot_v1_00107,data\raw\audio\pilot_v1\pilot_v1_00107.wav,audio_top_k_parameter_mmr,4,pilot_v1_00331,data\raw\audio\pilot_v1\pilot_v1_00331.wav,6,0.9422704732513331,0.5652786222888027,0.44467592173510745,0.785000741481781,0.6389654278755188,0.18452905118465424,0.4227316975593567,0.4201558530330658,0.19023387134075165,0.21784436702728271,0.2860720157623291
pilot_v1_00107,data\raw\audio\pilot_v1\pilot_v1_00107.wav,audio_top_k_parameter_mmr,5,pilot_v1_00779,data\raw\audio\pilot_v1\pilot_v1_00779.wav,11,0.9338303185293578,0.5634620119774495,0.2388394593792457,0.8116201758384705,0.7037065625190735,0.08196143805980682,0.5381558537483215,0.14421701431274414,0.45461079478263855,0.3201259970664978,0.20072799921035767
pilot_v1_00121,data\raw\audio\pilot_v1\pilot_v1_00121.wav,audio_top_k_parameter_mmr,1,pilot_v1_00601,data\raw\audio\pilot_v1\pilot_v1_00601.wav,1,0.9686637457682267,0.7382489046630849,0.23266869482272573,0.22027868032455444,0.6273165345191956,0.3829016089439392,0.7363765239715576,0.35531824827194214,0.40536901354789734,0.2419215738773346,0.1828966587781906
pilot_v1_00121,data\raw\audio\pilot_v1\pilot_v1_00121.wav,audio_top_k_parameter_mmr,2,pilot_v1_00822,data\raw\audio\pilot_v1\pilot_v1_00822.wav,11,0.9323334707048029,0.6066527766833916,0.4106882311013767,0.16238680481910706,0.5625343322753906,0.03894200176000595,0.39755043387413025,0.11478491872549057,0.1874881088733673,0.9753139019012451,0.35274261236190796
pilot_v1_00121,data\raw\audio\pilot_v1\pilot_v1_00121.wav,audio_top_k_parameter_mmr,3,pilot_v1_00465,data\raw\audio\pilot_v1\pilot_v1_00465.wav,9,0.9351640643131034,0.585518939255039,0.34438553598832916,0.11071140319108963,0.6773883700370789,0.5387743711471558,0.07353253662586212,0.0729069784283638,0.4631103277206421,0.5787356495857239,0.19771085679531097
pilot_v1_00121,data\raw\audio\pilot_v1\pilot_v1_00121.wav,audio_top_k_parameter_mmr,4,pilot_v1_00817,data\raw\audio\pilot_v1\pilot_v1_00817.wav,3,0.9663429784180655,0.5709731885388251,0.31948607298733717,0.06736113876104355,0.6256815195083618,0.23954567313194275,0.4936577379703522,0.0832858607172966,0.26022008061408997,0.41467681527137756,0.10223951190710068
pilot_v1_00121,data\raw\audio\pilot_v1\pilot_v1_00121.wav,audio_top_k_parameter_mmr,5,pilot_v1_00521,data\raw\audio\pilot_v1\pilot_v1_00521.wav,12,0.9314460148638595,0.5550231198778859,0.37317206685408105,0.17825578153133392,0.5988735556602478,0.6127756834030151,0.5597213506698608,0.1427805870771408,0.22751672565937042,0.3640553951263428,0.36398935317993164
pilot_v1_00126,data\raw\audio\pilot_v1\pilot_v1_00126.wav,audio_top_k_parameter_mmr,1,pilot_v1_00142,data\raw\audio\pilot_v1\pilot_v1_00142.wav,1,0.9730696961931433,0.7399011360724288,0.20050900257164667,0.08804622292518616,0.5727927088737488,0.10857999324798584,0.2315150946378708,0.26963523030281067,0.26346954703330994,0.8359338641166687,0.3514024019241333
pilot_v1_00126,data\raw\audio\pilot_v1\pilot_v1_00126.wav,audio_top_k_parameter_mmr,2,pilot_v1_00694,data\raw\audio\pilot_v1\pilot_v1_00694.wav,4,0.9325476718094118,0.574482642383426,0.34407226004175484,0.1717769056558609,0.47824692726135254,0.6986352801322937,0.5822368264198303,0.08424101769924164,0.40372806787490845,0.5960760712623596,0.38597047328948975
pilot_v1_00126,data\raw\audio\pilot_v1\pilot_v1_00126.wav,audio_top_k_parameter_mmr,3,pilot_v1_00577,data\raw\audio\pilot_v1\pilot_v1_00577.wav,14,0.9024204732169516,0.5645795318029417,0.47521592276347785,0.049952827394008636,0.6824672222137451,0.7005058526992798,0.17497029900550842,0.09156449884176254,0.15837635099887848,0.9164683818817139,0.12529665231704712
pilot_v1_00126,data\raw\audio\pilot_v1\pilot_v1_00126.wav,audio_top_k_parameter_mmr,4,pilot_v1_00606,data\raw\audio\pilot_v1\pilot_v1_00606.wav,6,0.9227526569035569,0.555808581539405,0.20703388797739297,0.00306058581918478,0.553486168384552,0.18231166899204254,0.622324526309967,0.4490022361278534,0.4798206388950348,0.7554909586906433,0.28301966190338135
pilot_v1_00126,data\raw\audio\pilot_v1\pilot_v1_00126.wav,audio_top_k_parameter_mmr,5,pilot_v1_00385,data\raw\audio\pilot_v1\pilot_v1_00385.wav,3,0.946869531981861,0.5451898313902008,0.31491427301122416,0.03737737983465195,0.705897867679596,0.059298574924468994,0.2733522355556488,0.4354455769062042,0.2914985120296478,0.4004804491996765,0.35533905029296875
pilot_v1_00133,data\raw\audio\pilot_v1\pilot_v1_00133.wav,audio_top_k_parameter_mmr,1,pilot_v1_00309,data\raw\audio\pilot_v1\pilot_v1_00309.wav,1,0.9283393280484856,0.7231272480181821,0.2938701537505624,0.30791911482810974,0.6905988454818726,0.15747740864753723,0.552698016166687,0.06793668121099472,0.48463258147239685,0.7281721234321594,0.11925908923149109
pilot_v1_00133,data\raw\audio\pilot_v1\pilot_v1_00133.wav,audio_top_k_parameter_mmr,2,pilot_v1_00093,data\raw\audio\pilot_v1\pilot_v1_00093.wav,2,0.9231076468362055,0.580201909489313,0.2539650108022756,0.40444111824035645,0.6996139287948608,0.013334107585251331,0.7016435265541077,0.3958032429218292,0.1918085366487503,0.9026821255683899,0.16985180974006653
pilot_v1_00133,data\raw\audio\pilot_v1\pilot_v1_00133.wav,audio_top_k_parameter_mmr,3,pilot_v1_00997,data\raw\audio\pilot_v1\pilot_v1_00997.wav,6,0.8940791336004222,0.5413635153911877,0.2951995668599138,0.34596914052963257,0.7099053859710693,0.13296718895435333,0.11658015102148056,0.2386181801557541,0.26895424723625183,0.8616911768913269,0.1822531819343567
pilot_v1_00133,data\raw\audio\pilot_v1\pilot_v1_00133.wav,audio_top_k_parameter_mmr,4,pilot_v1_00869,data\raw\audio\pilot_v1\pilot_v1_00869.wav,14,0.8463906677355792,0.5335544073777688,0.39797631839124226,0.35891520977020264,0.7331965565681458,0.20205901563167572,0.056177008897066116,0.2685711681842804,0.47594907879829407,0.21542979776859283,0.11244417726993561
pilot_v1_00133,data\raw\audio\pilot_v1\pilot_v1_00133.wav,audio_top_k_parameter_mmr,5,pilot_v1_00653,data\raw\audio\pilot_v1\pilot_v1_00653.wav,3,0.9207213751373966,0.5269879474727276,0.25905208797939916,0.44451650977134705,0.6803072690963745,0.08960513025522232,0.34006232023239136,0.32283884286880493,0.4088648855686188,0.682493269443512,0.10158521682024002
pilot_v1_00158,data\raw\audio\pilot_v1\pilot_v1_00158.wav,audio_top_k_parameter_mmr,1,pilot_v1_00702,data\raw\audio\pilot_v1\pilot_v1_00702.wav,1,0.9968277720420626,0.7488104145157735,0.22812290360898785,0.05208614841103554,0.3750137686729431,0.07115408033132553,0.41653913259506226,0.293984591960907,0.45141860842704773,0.2770388126373291,0.17887979745864868
pilot_v1_00158,data\raw\audio\pilot_v1\pilot_v1_00158.wav,audio_top_k_parameter_mmr,2,pilot_v1_00942,data\raw\audio\pilot_v1\pilot_v1_00942.wav,20,0.9350560355529991,0.6115552345423425,0.44875577955635276,0.11839340627193451,0.38384702801704407,0.7905774712562561,0.33898454904556274,0.056038856506347656,0.1922702193260193,0.8233784437179565,0.32395079731941223
pilot_v1_00158,data\raw\audio\pilot_v1\pilot_v1_00158.wav,audio_top_k_parameter_mmr,3,pilot_v1_01022,data\raw\audio\pilot_v1\pilot_v1_01022.wav,8,0.9701648275949828,0.5846521541497691,0.33542769995654453,0.04505935311317444,0.4122852683067322,0.20758990943431854,0.1636999100446701,0.4435248374938965,0.3640531003475189,0.9950982928276062,0.22916197776794434
pilot_v1_00158,data\raw\audio\pilot_v1\pilot_v1_00158.wav,audio_top_k_parameter_mmr,4,pilot_v1_00590,data\raw\audio\pilot_v1\pilot_v1_00590.wav,2,0.9922399282396602,0.5695768062853283,0.22287040157565136,0.07338101416826248,0.40257006883621216,0.3302246928215027,0.2698313891887665,0.32411110401153564,0.20498137176036835,0.3998960256576538,0.19213710725307465
pilot_v1_00158,data\raw\audio\pilot_v1\pilot_v1_00158.wav,audio_top_k_parameter_mmr,5,pilot_v1_00118,data\raw\audio\pilot_v1\pilot_v1_00118.wav,10,0.9687396980865641,0.563461543049856,0.29520099911315534,0.18644292652606964,0.30794236063957214,0.4640980660915375,0.6258602738380432,0.1345052868127823,0.41709738969802856,0.6319124698638916,0.15150977671146393
pilot_v1_00174,data\raw\audio\pilot_v1\pilot_v1_00174.wav,audio_top_k_parameter_mmr,1,pilot_v1_00198,data\raw\audio\pilot_v1\pilot_v1_00198.wav,1,0.9461513058774159,0.7298067397040309,0.25174212205824226,0.21828725934028625,0.4544287919998169,0.02032756432890892,0.5967640280723572,0.32095828652381897,0.29823532700538635,0.282102108001709,0.23734048008918762
pilot_v1_00174,data\raw\audio\pilot_v1\pilot_v1_00174.wav,audio_top_k_parameter_mmr,2,pilot_v1_00256,data\raw\audio\pilot_v1\pilot_v1_00256.wav,3,0.9259220696685286,0.5651418965432399,0.24345925007446045,0.5553536415100098,0.3086766004562378,0.7421408891677856,0.5748235583305359,0.2867920696735382,0.2655640244483948,0.25453317165374756,0.13279876112937927
pilot_v1_00174,data\raw\audio\pilot_v1\pilot_v1_00174.wav,audio_top_k_parameter_mmr,3,pilot_v1_00225,data\raw\audio\pilot_v1\pilot_v1_00225.wav,33,0.8156752397048362,0.5452676933905489,0.43040317239713605,0.025012752041220665,0.7194704413414001,0.7423537969589233,0.20513586699962616,0.31451308727264404,0.46826717257499695,0.5496913194656372,0.2522338032722473
pilot_v1_00174,data\raw\audio\pilot_v1\pilot_v1_00174.wav,audio_top_k_parameter_mmr,4,pilot_v1_00750,data\raw\audio\pilot_v1\pilot_v1_00750.wav,2,0.9301304836854022,0.5449172019229348,0.31077342825299276,0.0960007831454277,0.4067438244819641,0.5260395407676697,0.5931817293167114,0.20644576847553253,0.2785862684249878,0.30530211329460144,0.36799654364585876
pilot_v1_00174,data\raw\audio\pilot_v1\pilot_v1_00174.wav,audio_top_k_parameter_mmr,5,pilot_v1_00518,data\raw\audio\pilot_v1\pilot_v1_00518.wav,13,0.861606903643805,0.5337119754859414,0.43527273765744434,0.20169878005981445,0.3486422300338745,0.24243038892745972,0.6348055601119995,0.2727941870689392,0.1809634119272232,0.9462527632713318,0.29816827178001404
pilot_v1_00181,data\raw\audio\pilot_v1\pilot_v1_00181.wav,audio_top_k_parameter_mmr,1,pilot_v1_00501,data\raw\audio\pilot_v1\pilot_v1_00501.wav,1,0.8092360225768097,0.6784635084663035,0.3797552416750133,0.2906029224395752,0.5999958515167236,0.5661580562591553,0.20036670565605164,0.1751684844493866,0.18124952912330627,0.8294627666473389,0.10021647065877914
pilot_v1_00181,data\raw\audio\pilot_v1\pilot_v1_00181.wav,audio_top_k_parameter_mmr,2,pilot_v1_00837,data\raw\audio\pilot_v1\pilot_v1_00837.wav,3,0.7838963177657506,0.5039038674861711,0.3272694012856912,0.3234248161315918,0.6455647945404053,0.7358094453811646,0.5204982757568359,0.33121025562286377,0.19543544948101044,0.8436599373817444,0.35605382919311523
pilot_v1_00181,data\raw\audio\pilot_v1\pilot_v1_00181.wav,audio_top_k_parameter_mmr,3,pilot_v1_00597,data\raw\audio\pilot_v1\pilot_v1_00597.wav,7,0.6813158465837877,0.49556073697893466,0.4537702665866861,0.25710228085517883,0.6549330949783325,0.0040699755772948265,0.2232116013765335,0.1187649741768837,0.4612390100955963,0.25669798254966736,0.14539919793605804
pilot_v1_00181,data\raw\audio\pilot_v1\pilot_v1_00181.wav,audio_top_k_parameter_mmr,4,pilot_v1_00661,data\raw\audio\pilot_v1\pilot_v1_00661.wav,2,0.8037296117068005,0.48307367663823586,0.24919218251673825,0.2710922956466675,0.6337523460388184,0.4187782108783722,0.5301327705383301,0.2365436553955078,0.1523924171924591,0.5571652054786682,0.1643133908510208
pilot_v1_00181,data\raw\audio\pilot_v1\pilot_v1_00181.wav,audio_top_k_parameter_mmr,5,pilot_v1_00117,data\raw\audio\pilot_v1\pilot_v1_00117.wav,4,0.7254240826190248,0.4576808932763773,0.4128710050675244,0.28148362040519714,0.6510642766952515,0.32126152515411377,0.015868056565523148,0.2195788025856018,0.39629313349723816,0.449349045753479,0.24474458396434784
pilot_v1_00196,data\raw\audio\pilot_v1\pilot_v1_00196.wav,audio_top_k_parameter_mmr,1,pilot_v1_00148,data\raw\audio\pilot_v1\pilot_v1_00148.wav,1,0.9554213961652158,0.733283023561956,0.30552259596914566,0.7552620768547058,0.4288879632949829,0.6999772787094116,0.7110400795936584,0.29616573452949524,0.17733624577522278,0.5022189021110535,0.20629526674747467
pilot_v1_00196,data\raw\audio\pilot_v1\pilot_v1_00196.wav,audio_top_k_parameter_mmr,2,pilot_v1_00628,data\raw\audio\pilot_v1\pilot_v1_00628.wav,15,0.8838819716496582,0.5578995028862168,0.2917783891598236,0.7976357936859131,0.3080812394618988,0.19748321175575256,0.19677570462226868,0.26005443930625916,0.37748828530311584,0.49127888679504395,0.11561558395624161
pilot_v1_00196,data\raw\audio\pilot_v1\pilot_v1_00196.wav,audio_top_k_parameter_mmr,3,pilot_v1_00724,data\raw\audio\pilot_v1\pilot_v1_00724.wav,2,0.9473006029376185,0.5570068273432892,0.24835113123297348,0.7750741839408875,0.3640504777431488,0.7962033152580261,0.62486732006073,0.17051464319229126,0.4348772168159485,0.41075068712234497,0.2914624810218811
pilot_v1_00196,data\raw\audio\pilot_v1\pilot_v1_00196.wav,audio_top_k_parameter_mmr,4,pilot_v1_00930,data\raw\audio\pilot_v1\pilot_v1_00930.wav,6,0.9224256857784067,0.551867498539053,0.319752206566034,0.4061640202999115,0.35676348209381104,0.4225371778011322,0.5767581462860107,0.4198746681213379,0.24777527153491974,0.8756551742553711,0.3602520823478699
pilot_v1_00196,data\raw\audio\pilot_v1\pilot_v1_00196.wav,audio_top_k_parameter_mmr,5,pilot_v1_00772,data\raw\audio\pilot_v1\pilot_v1_00772.wav,17,0.8815652337633222,0.5397413494674855,0.34725215387545244,0.8194424510002136,0.38231661915779114,0.4617091417312622,0.6096023321151733,0.265205055475235,0.4792913794517517,0.9898782968521118,0.13319745659828186
pilot_v1_00388,data\raw\audio\pilot_v1\pilot_v1_00388.wav,audio_top_k_parameter_mmr,1,pilot_v1_00260,data\raw\audio\pilot_v1\pilot_v1_00260.wav,1,0.9536939269630383,0.7326352226111393,0.38993115474565704,0.8171831965446472,0.4578562378883362,0.2996436357498169,0.1751953810453415,0.42678990960121155,0.29224151372909546,0.5254436135292053,0.41027116775512695
pilot_v1_00388,data\raw\audio\pilot_v1\pilot_v1_00388.wav,audio_top_k_parameter_mmr,2,pilot_v1_00674,data\raw\audio\pilot_v1\pilot_v1_00674.wav,2,0.9092410756775021,0.5571711245721004,0.3261385679239241,0.40187573432922363,0.44990962743759155,0.19673067331314087,0.5191614031791687,0.10538075119256973,0.2758839428424835,0.6308491230010986,0.4098322093486786
pilot_v1_00388,data\raw\audio\pilot_v1\pilot_v1_00388.wav,audio_top_k_parameter_mmr,3,pilot_v1_00114,data\raw\audio\pilot_v1\pilot_v1_00114.wav,4,0.8762528095579378,0.5376711397755729,0.20404689730499245,0.44000181555747986,0.469207763671875,0.11909227818250656,0.12406067550182343,0.17614805698394775,0.49974411725997925,0.9605625867843628,0.38523685932159424
pilot_v1_00388,data\raw\audio\pilot_v1\pilot_v1_00388.wav,audio_top_k_parameter_mmr,4,pilot_v1_00120,data\raw\audio\pilot_v1\pilot_v1_00120.wav,3,0.9058540384946648,0.5332107969803221,0.1985702614130913,0.7087488174438477,0.4751533269882202,0.4270271360874176,0.09261259436607361,0.07746589183807373,0.29198798537254333,0.870673656463623,0.4230291247367859
pilot_v1_00388,data\raw\audio\pilot_v1\pilot_v1_00388.wav,audio_top_k_parameter_mmr,5,pilot_v1_00970,data\raw\audio\pilot_v1\pilot_v1_00970.wav,8,0.8374176533108106,0.5243733135890719,0.4860241043787195,0.31146106123924255,0.4590553045272827,0.027599593624472618,0.6648210883140564,0.4333697557449341,0.39920076727867126,0.8000890612602234,0.4057352542877197
pilot_v1_00406,data\raw\audio\pilot_v1\pilot_v1_00406.wav,audio_top_k_parameter_mmr,1,pilot_v1_00566,data\raw\audio\pilot_v1\pilot_v1_00566.wav,1,0.9293663348185616,0.7235123755569606,0.4426901814096696,0.1583424061536789,0.3808325529098511,0.5678247213363647,0.7100213766098022,0.41054415702819824,0.1513472944498062,0.73109370470047,0.41185325384140015
pilot_v1_00406,data\raw\audio\pilot_v1\pilot_v1_00406.wav,audio_top_k_parameter_mmr,2,pilot_v1_00910,data\raw\audio\pilot_v1\pilot_v1_00910.wav,18,0.8386743399028338,0.5746834808824665,0.3552243477517944,0.09138762205839157,0.4686269164085388,0.27228033542633057,0.6128759384155273,0.14340004324913025,0.43673521280288696,0.24516239762306213,0.12409248948097229
pilot_v1_00406,data\raw\audio\pilot_v1\pilot_v1_00406.wav,audio_top_k_parameter_mmr,3,pilot_v1_00334,data\raw\audio\pilot_v1\pilot_v1_00334.wav,4,0.8981191217367873,0.5734897461119938,0.298052203147564,0.07479897141456604,0.36708688735961914,0.08813373744487762,0.56888347864151,0.08785395324230194,0.38438865542411804,0.9843199253082275,0.41322189569473267
pilot_v1_00406,data\raw\audio\pilot_v1\pilot_v1_00406.wav,audio_top_k_parameter_mmr,4,pilot_v1_00944,data\raw\audio\pilot_v1\pilot_v1_00944.wav,5,0.8914456080401687,0.5631019113795257,0.47462794121271096,0.5879614353179932,0.40194621682167053,0.5597903728485107,0.14640727639198303,0.2319268435239792,0.2858969569206238,0.26843658089637756,0.3359953761100769
pilot_v1_00406,data\raw\audio\pilot_v1\pilot_v1_00406.wav,audio_top_k_parameter_mmr,5,pilot_v1_00422,data\raw\audio\pilot_v1\pilot_v1_00422.wav,8,0.8703708801657404,0.5445005580770231,0.3854225251389883,0.21910099685192108,0.4207397401332855,0.7811175584793091,0.6122460961341858,0.4290006160736084,0.46150895953178406,0.36723801493644714,0.343265563249588
pilot_v1_00439,data\raw\audio\pilot_v1\pilot_v1_00439.wav,audio_top_k_parameter_mmr,1,pilot_v1_00007,data\raw\audio\pilot_v1\pilot_v1_00007.wav,1,0.9639235004109947,0.736471312654123,0.38517141338102795,0.7172252535820007,0.6910275816917419,0.06386153399944305,0.46561700105667114,0.20701906085014343,0.1566898375749588,0.9881131649017334,0.4312390089035034
pilot_v1_00439,data\raw\audio\pilot_v1\pilot_v1_00439.wav,audio_top_k_parameter_mmr,2,pilot_v1_00135,data\raw\audio\pilot_v1\pilot_v1_00135.wav,9,0.8533967986352786,0.5506117231576004,0.20737183050179095,0.7067357301712036,0.7155346274375916,0.39467230439186096,0.4981384873390198,0.2862030267715454,0.4091547131538391,0.3359316289424896,0.37269261479377747
pilot_v1_00439,data\raw\audio\pilot_v1\pilot_v1_00439.wav,audio_top_k_parameter_mmr,3,pilot_v1_00871,data\raw\audio\pilot_v1\pilot_v1_00871.wav,2,0.931611836296435,0.5412156745582117,0.29027422614272463,0.7211713194847107,0.6587529182434082,0.12273465096950531,0.323659211397171,0.1547289788722992,0.17666038870811462,0.4221353530883789,0.402692973613739
pilot_v1_00439,data\raw\audio\pilot_v1\pilot_v1_00439.wav,audio_top_k_parameter_mmr,4,pilot_v1_00184,data\raw\audio\pilot_v1\pilot_v1_00184.wav,3,0.898949350479436,0.5243678218369708,0.21260562104594286,0.6944529414176941,0.5404455661773682,0.04972122237086296,0.6778528690338135,0.1671212911605835,0.33287984132766724,0.7717269062995911,0.40964367985725403
pilot_v1_00439,data\raw\audio\pilot_v1\pilot_v1_00439.wav,audio_top_k_parameter_mmr,5,pilot_v1_00075,data\raw\audio\pilot_v1\pilot_v1_00075.wav,5,0.8822953802749874,0.5105054500975803,0.2618691258278728,0.7887993454933167,0.7176777720451355,0.4087713658809662,0.6727550029754639,0.10497758537530899,0.15954169631004333,0.4636632800102234,0.3910234868526459
pilot_v1_00512,data\raw\audio\pilot_v1\pilot_v1_00512.wav,audio_top_k_parameter_mmr,1,pilot_v1_00752,data\raw\audio\pilot_v1\pilot_v1_00752.wav,1,0.9840213043179928,0.7440079891192473,0.28512943727452783,0.5638450384140015,0.42429330945014954,0.7235743403434753,0.3990403711795807,0.08058815449476242,0.19854481518268585,0.9599504470825195,0.37799835205078125
pilot_v1_00512,data\raw\audio\pilot_v1\pilot_v1_00512.wav,audio_top_k_parameter_mmr,2,pilot_v1_00992,data\raw\audio\pilot_v1\pilot_v1_00992.wav,11,0.9225477001918438,0.6058960580800378,0.36372649376405475,0.5127357840538025,0.4293668866157532,0.04282069951295853,0.3447646200656891,0.2693884074687958,0.45776912569999695,0.34046700596809387,0.2109653800725937
pilot_v1_00512,data\raw\audio\pilot_v1\pilot_v1_00512.wav,audio_top_k_parameter_mmr,3,pilot_v1_00080,data\raw\audio\pilot_v1\pilot_v1_00080.wav,3,0.9632014394930101,0.5815022942129281,0.3267354276533013,0.6053264737129211,0.45658111572265625,0.7318346500396729,0.7193357944488525,0.3004131317138672,0.430847704410553,0.5798401832580566,0.3495781421661377
pilot_v1_00512,data\raw\audio\pilot_v1\pilot_v1_00512.wav,audio_top_k_parameter_mmr,4,pilot_v1_00592,data\raw\audio\pilot_v1\pilot_v1_00592.wav,7,0.9349519876825416,0.5679386689199797,0.38712460978794566,0.6016042828559875,0.38547372817993164,0.12014299631118774,0.08889299631118774,0.3888542056083679,0.26721468567848206,0.9419190287590027,0.20418685674667358
pilot_v1_00512,data\raw\audio\pilot_v1\pilot_v1_00512.wav,audio_top_k_parameter_mmr,5,pilot_v1_00160,data\raw\audio\pilot_v1\pilot_v1_00160.wav,6,0.9388621710385325,0.5580824250473594,0.3259086255770482,0.521151602268219,0.4497706890106201,0.46649274230003357,0.11644377559423447,0.27975836396217346,0.22816383838653564,0.4964476525783539,0.37938588857650757
pilot_v1_00530,data\raw\audio\pilot_v1\pilot_v1_00530.wav,audio_top_k_parameter_mmr,1,pilot_v1_00944,data\raw\audio\pilot_v1\pilot_v1_00944.wav,1,0.9408057977684354,0.7278021741631633,0.28874768107094734,0.5879614353179932,0.40194621682167053,0.5597903728485107,0.14640727639198303,0.2319268435239792,0.2858969569206238,0.26843658089637756,0.3359953761100769
pilot_v1_00530,data\raw\audio\pilot_v1\pilot_v1_00530.wav,audio_top_k_parameter_mmr,2,pilot_v1_00064,data\raw\audio\pilot_v1\pilot_v1_00064.wav,4,0.9147099648514433,0.5675495189810702,0.4532270389239469,0.5350209474563599,0.340014785528183,0.5807264447212219,0.36906298995018005,0.4256925582885742,0.17786210775375366,0.9741475582122803,0.2534109950065613
pilot_v1_00530,data\raw\audio\pilot_v1\pilot_v1_00530.wav,audio_top_k_parameter_mmr,3,pilot_v1_00406,data\raw\audio\pilot_v1\pilot_v1_00406.wav,17,0.8386620550988376,0.5581552559652418,0.3188436746844448,0.13764426112174988,0.32371118664741516,0.005699941422790289,0.7325858473777771,0.2916405498981476,0.4856511056423187,0.5585216283798218,0.36936479806900024
pilot_v1_00530,data\raw\audio\pilot_v1\pilot_v1_00530.wav,audio_top_k_parameter_mmr,4,pilot_v1_00976,data\raw\audio\pilot_v1\pilot_v1_00976.wav,15,0.8629750366630285,0.5382938899134186,0.26548082906566267,0.595352292060852,0.33233872056007385,0.7674320936203003,0.2793422043323517,0.4066501557826996,0.4880688488483429,0.5368801951408386,0.15162630379199982
pilot_v1_00530,data\raw\audio\pilot_v1\pilot_v1_00530.wav,audio_top_k_parameter_mmr,5,pilot_v1_00800,data\raw\audio\pilot_v1\pilot_v1_00800.wav,2,0.9283778992971742,0.5360698089642693,0.36076741662795003,0.5310914516448975,0.3050594925880432,0.4343380630016327,0.4143539369106293,0.38599693775177,0.15413162112236023,0.43941983580589294,0.23000793159008026
pilot_v1_00534,data\raw\audio\pilot_v1\pilot_v1_00534.wav,audio_top_k_parameter_mmr,1,pilot_v1_00662,data\raw\audio\pilot_v1\pilot_v1_00662.wav,1,0.9606841934009094,0.735256572525341,0.3235239536926925,0.13604307174682617,0.4279441833496094,0.36344125866889954,0.2936284840106964,0.12178808450698853,0.3123881220817566,0.7740974426269531,0.23599430918693542
pilot_v1_00534,data\raw\audio\pilot_v1\pilot_v1_00534.wav,audio_top_k_parameter_mmr,2,pilot_v1_00033,data\raw\audio\pilot_v1\pilot_v1_00033.wav,22,0.892151135603027,0.5817747901860018,0.4276280160755738,0.010986743494868279,0.8442486524581909,0.33362457156181335,0.5589091181755066,0.4283750355243683,0.16480395197868347,0.2485472410917282,0.23317007720470428
pilot_v1_00534,data\raw\audio\pilot_v1\pilot_v1_00534.wav,audio_top_k_parameter_mmr,3,pilot_v1_00422,data\raw\audio\pilot_v1\pilot_v1_00422.wav,18,0.9049310935960205,0.5755960391525484,0.38231994258912705,0.21910099685192108,0.4207397401332855,0.7811175584793091,0.6122460961341858,0.4290006160736084,0.46150895953178406,0.36723801493644714,0.343265563249588
pilot_v1_00534,data\raw\audio\pilot_v1\pilot_v1_00534.wav,audio_top_k_parameter_mmr,4,pilot_v1_00682,data\raw\audio\pilot_v1\pilot_v1_00682.wav,5,0.9562881053240252,0.5755376539276253,0.49499542884647874,0.2511790692806244,0.4157108962535858,0.7738391757011414,0.731370210647583,0.31678444147109985,0.22921717166900635,0.949299693107605,0.11370176821947098
pilot_v1_00534,data\raw\audio\pilot_v1\pilot_v1_00534.wav,audio_top_k_parameter_mmr,5,pilot_v1_00374,data\raw\audio\pilot_v1\pilot_v1_00374.wav,2,0.9603744394217181,0.5716871380158751,0.21432430977786254,0.1821550726890564,0.49792027473449707,0.14141814410686493,0.46957826614379883,0.44040852785110474,0.44640159606933594,0.8870697617530823,0.26599133014678955
pilot_v1_00551,data\raw\audio\pilot_v1\pilot_v1_00551.wav,audio_top_k_parameter_mmr,1,pilot_v1_00875,data\raw\audio\pilot_v1\pilot_v1_00875.wav,1,0.9682976512556756,0.7381116192208783,0.2176474368218272,0.7545769810676575,0.6342741250991821,0.2892124652862549,0.6359345316886902,0.31935977935791016,0.25244760513305664,0.47612082958221436,0.36379876732826233
pilot_v1_00551,data\raw\audio\pilot_v1\pilot_v1_00551.wav,audio_top_k_parameter_mmr,2,pilot_v1_00747,data\raw\audio\pilot_v1\pilot_v1_00747.wav,2,0.954525050336403,0.5613096278816349,0.2852093738304925,0.7626996040344238,0.6852669715881348,0.4481734037399292,0.4456566870212555,0.27656081318855286,0.4672776758670807,0.8968373537063599,0.33108386397361755
pilot_v1_00551,data\raw\audio\pilot_v1\pilot_v1_00551.wav,audio_top_k_parameter_mmr,3,pilot_v1_00779,data\raw\audio\pilot_v1\pilot_v1_00779.wav,4,0.9308938122005074,0.5571774224770762,0.33113835576688705,0.8116201758384705,0.7037065625190735,0.08196143805980682,0.5381558537483215,0.14421701431274414,0.45461079478263855,0.3201259970664978,0.20072799921035767
pilot_v1_00551,data\raw\audio\pilot_v1\pilot_v1_00551.wav,audio_top_k_parameter_mmr,4,pilot_v1_00695,data\raw\audio\pilot_v1\pilot_v1_00695.wav,8,0.9085384118175908,0.5432217462342359,0.29396785078863813,0.6843733191490173,0.6383388042449951,0.2318558245897293,0.31388455629348755,0.26189514994621277,0.21975001692771912,0.9770409464836121,0.200015127658844
pilot_v1_00551,data\raw\audio\pilot_v1\pilot_v1_00551.wav,audio_top_k_parameter_mmr,5,pilot_v1_00299,data\raw\audio\pilot_v1\pilot_v1_00299.wav,7,0.9151032979255526,0.5363797336640836,0.30359829304641084,0.7738102078437805,0.7076257467269897,0.3929023742675781,0.746828019618988,0.24497827887535095,0.33772361278533936,0.5863116383552551,0.10174575448036194
pilot_v1_00573,data\raw\audio\pilot_v1\pilot_v1_00573.wav,audio_top_k_parameter_mmr,1,pilot_v1_00389,data\raw\audio\pilot_v1\pilot_v1_00389.wav,1,0.9643914636314208,0.7366467988617829,0.19483652657492845,0.338025838136673,0.8190919756889343,0.5012617707252502,0.47669172286987305,0.27503758668899536,0.27570778131484985,0.37949636578559875,0.20911180973052979
pilot_v1_00573,data\raw\audio\pilot_v1\pilot_v1_00573.wav,audio_top_k_parameter_mmr,2,pilot_v1_00549,data\raw\audio\pilot_v1\pilot_v1_00549.wav,7,0.8991888812442389,0.550171765362139,0.49086277126658,0.36421751976013184,0.7792021632194519,0.06251974403858185,0.5006245374679565,0.41894394159317017,0.38865572214126587,0.9069512486457825,0.25151747465133667
pilot_v1_00573,data\raw\audio\pilot_v1\pilot_v1_00573.wav,audio_top_k_parameter_mmr,3,pilot_v1_00909,data\raw\audio\pilot_v1\pilot_v1_00909.wav,5,0.9099313191362538,0.5478451806174177,0.37467756474551966,0.4406869411468506,0.8127473592758179,0.5169723629951477,0.005813266150653362,0.20207661390304565,0.3779807984828949,0.8361250758171082,0.22841426730155945
pilot_v1_00573,data\raw\audio\pilot_v1\pilot_v1_00573.wav,audio_top_k_parameter_mmr,4,pilot_v1_00293,data\raw\audio\pilot_v1\pilot_v1_00293.wav,4,0.9104266358510288,0.5318418679452098,0.2247261955832193,0.3625834286212921,0.8146847486495972,0.3050593137741089,0.15480203926563263,0.19262941181659698,0.21259160339832306,0.32252755761146545,0.3743763566017151
pilot_v1_00573,data\raw\audio\pilot_v1\pilot_v1_00573.wav,audio_top_k_parameter_mmr,5,pilot_v1_00869,data\raw\audio\pilot_v1\pilot_v1_00869.wav,17,0.8520589796938448,0.5295311415536087,0.3773819582312644,0.35891520977020264,0.7331965565681458,0.20205901563167572,0.056177008897066116,0.2685711681842804,0.47594907879829407,0.21542979776859283,0.11244417726993561
pilot_v1_00625,data\raw\audio\pilot_v1\pilot_v1_00625.wav,audio_top_k_parameter_mmr,1,pilot_v1_00161,data\raw\audio\pilot_v1\pilot_v1_00161.wav,1,0.9447026191692611,0.7292634821884729,0.33389584281280804,0.006358391605317593,0.5969741344451904,0.00281377206556499,0.4046632647514343,0.052328284829854965,0.39572396874427795,0.8774079084396362,0.2152928113937378
pilot_v1_00625,data\raw\audio\pilot_v1\pilot_v1_00625.wav,audio_top_k_parameter_mmr,2,pilot_v1_00705,data\raw\audio\pilot_v1\pilot_v1_00705.wav,5,0.9189413648996573,0.5899403630737756,0.3882681867700929,0.06141708791255951,0.7241618037223816,0.431414395570755,0.04503389075398445,0.41531020402908325,0.4115245044231415,0.3563556969165802,0.15427696704864502
pilot_v1_00625,data\raw\audio\pilot_v1\pilot_v1_00625.wav,audio_top_k_parameter_mmr,3,pilot_v1_00449,data\raw\audio\pilot_v1\pilot_v1_00449.wav,4,0.920346623011181,0.5807472888763059,0.42322907632982,0.056001193821430206,0.8283275961875916,0.7986646890640259,0.42600545287132263,0.19782593846321106,0.2321065068244934,0.9719321727752686,0.2774677276611328
pilot_v1_00625,data\raw\audio\pilot_v1\pilot_v1_00625.wav,audio_top_k_parameter_mmr,4,pilot_v1_00606,data\raw\audio\pilot_v1\pilot_v1_00606.wav,13,0.881475612617943,0.553122447515938,0.46102722365202903,0.00306058581918478,0.553486168384552,0.18231166899204254,0.622324526309967,0.4490022361278534,0.4798206388950348,0.7554909586906433,0.28301966190338135
pilot_v1_00625,data\raw\audio\pilot_v1\pilot_v1_00625.wav,audio_top_k_parameter_mmr,5,pilot_v1_00177,data\raw\audio\pilot_v1\pilot_v1_00177.wav,3,0.9354542032086935,0.5503257026802888,0.22670890127156376,0.0766788199543953,0.747915506362915,0.2597225308418274,0.006794504821300507,0.17704884707927704,0.29586324095726013,0.47172752022743225,0.30088019371032715
pilot_v1_00628,data\raw\audio\pilot_v1\pilot_v1_00628.wav,audio_top_k_parameter_mmr,1,pilot_v1_00986,data\raw\audio\pilot_v1\pilot_v1_00986.wav,1,0.933851145243523,0.7251941794663211,0.19090070680217966,0.3661253750324249,0.33499452471733093,0.2849371135234833,0.31234651803970337,0.3084569275379181,0.30218106508255005,0.44435909390449524,0.13438528776168823
pilot_v1_00628,data\raw\audio\pilot_v1\pilot_v1_00628.wav,audio_top_k_parameter_mmr,2,pilot_v1_00472,data\raw\audio\pilot_v1\pilot_v1_00472.wav,11,0.8988036851841015,0.5658445997091329,0.45546709723319195,0.7429355978965759,0.33485642075538635,0.7519190311431885,0.7385476231575012,0.08293218910694122,0.16431079804897308,0.6787376403808594,0.17639927566051483
pilot_v1_00628,data\raw\audio\pilot_v1\pilot_v1_00628.wav,audio_top_k_parameter_mmr,3,pilot_v1_00724,data\raw\audio\pilot_v1\pilot_v1_00724.wav,4,0.9145961083952675,0.5516266784744971,0.39311567678594805,0.7750741839408875,0.3640504777431488,0.7962033152580261,0.62486732006073,0.17051464319229126,0.4348772168159485,0.41075068712234497,0.2914624810218811
pilot_v1_00628,data\raw\audio\pilot_v1\pilot_v1_00628.wav,audio_top_k_parameter_mmr,4,pilot_v1_00532,data\raw\audio\pilot_v1\pilot_v1_00532.wav,8,0.9039033213583223,0.5429751982280733,0.3042443193006808,0.7611767053604126,0.37677496671676636,0.3797834515571594,0.13342158496379852,0.08476702868938446,0.21874311566352844,0.3097531199455261,0.27801278233528137
pilot_v1_00628,data\raw\audio\pilot_v1\pilot_v1_00628.wav,audio_top_k_parameter_mmr,5,pilot_v1_00820,data\raw\audio\pilot_v1\pilot_v1_00820.wav,14,0.8839561146628954,0.5419072011611816,0.35720299326430366,0.7926844358444214,0.3460168242454529,0.3362411558628082,0.7350701093673706,0.40245452523231506,0.46515747904777527,0.7874618768692017,0.2485271692276001
pilot_v1_00666,data\raw\audio\pilot_v1\pilot_v1_00666.wav,audio_top_k_parameter_mmr,1,pilot_v1_00098,data\raw\audio\pilot_v1\pilot_v1_00098.wav,1,0.9586927279457738,0.7345097729796651,0.3487073440527022,0.38529160618782043,0.34407275915145874,0.36844420433044434,0.4750801920890808,0.05087130144238472,0.20312044024467468,0.5916977524757385,0.1302090287208557
pilot_v1_00666,data\raw\audio\pilot_v1\pilot_v1_00666.wav,audio_top_k_parameter_mmr,2,pilot_v1_00266,data\raw\audio\pilot_v1\pilot_v1_00266.wav,2,0.9525343311387134,0.584891826791425,0.30856537604234685,0.2967644929885864,0.358656644821167,0.21179406344890594,0.7088106870651245,0.38537657260894775,0.4296562969684601,0.3642519414424896,0.15892724692821503
pilot_v1_00666,data\raw\audio\pilot_v1\pilot_v1_00666.wav,audio_top_k_parameter_mmr,3,pilot_v1_00724,data\raw\audio\pilot_v1\pilot_v1_00724.wav,5,0.9414726661785225,0.5753027030674969,0.4770768840032358,0.7750741839408875,0.3640504777431488,0.7962033152580261,0.62486732006073,0.17051464319229126,0.4348772168159485,0.41075068712234497,0.2914624810218811
pilot_v1_00666,data\raw\audio\pilot_v1\pilot_v1_00666.wav,audio_top_k_parameter_mmr,4,pilot_v1_00930,data\raw\audio\pilot_v1\pilot_v1_00930.wav,11,0.8998494276890493,0.5563757352182457,0.21248684908568716,0.4061640202999115,0.35676348209381104,0.4225371778011322,0.5767581462860107,0.4198746681213379,0.24777527153491974,0.8756551742553711,0.3602520823478699
pilot_v1_00666,data\raw\audio\pilot_v1\pilot_v1_00666.wav,audio_top_k_parameter_mmr,5,pilot_v1_00628,data\raw\audio\pilot_v1\pilot_v1_00628.wav,10,0.9019010398740783,0.5464410963929778,0.3720706073848621,0.7976357936859131,0.3080812394618988,0.19748321175575256,0.19677570462226868,0.26005443930625916,0.37748828530311584,0.49127888679504395,0.11561558395624161
pilot_v1_00723,data\raw\audio\pilot_v1\pilot_v1_00723.wav,audio_top_k_parameter_mmr,1,pilot_v1_00867,data\raw\audio\pilot_v1\pilot_v1_00867.wav,1,0.9496566871636967,0.7311212576863863,0.36104165614991357,0.9044171571731567,0.8060576319694519,0.46826839447021484,0.426290363073349,0.10888392478227615,0.21432609856128693,0.3945598900318146,0.1552451103925705
pilot_v1_00723,data\raw\audio\pilot_v1\pilot_v1_00723.wav,audio_top_k_parameter_mmr,2,pilot_v1_00627,data\raw\audio\pilot_v1\pilot_v1_00627.wav,4,0.9128808340245479,0.5797908884029697,0.3172484380726604,0.9555264115333557,0.8121949434280396,0.39961427450180054,0.3166867196559906,0.34114083647727966,0.47480031847953796,0.9050593376159668,0.3434681296348572
pilot_v1_00723,data\raw\audio\pilot_v1\pilot_v1_00723.wav,audio_top_k_parameter_mmr,3,pilot_v1_00163,data\raw\audio\pilot_v1\pilot_v1_00163.wav,2,0.9483432507416245,0.5604799213991347,0.2693394189695745,0.8862270712852478,0.792829692363739,0.3219757676124573,0.7249725461006165,0.36499667167663574,0.25708043575286865,0.6847665905952454,0.2752349376678467
pilot_v1_00723,data\raw\audio\pilot_v1\pilot_v1_00723.wav,audio_top_k_parameter_mmr,4,pilot_v1_00931,data\raw\audio\pilot_v1\pilot_v1_00931.wav,8,0.8876200585949255,0.5375491830599808,0.39298645435428836,0.8874641060829163,0.7595621347427368,0.058101389557123184,0.30838263034820557,0.2481364905834198,0.43038615584373474,0.49428805708885193,0.15241673588752747
pilot_v1_00723,data\raw\audio\pilot_v1\pilot_v1_00723.wav,audio_top_k_parameter_mmr,5,pilot_v1_00243,data\raw\audio\pilot_v1\pilot_v1_00243.wav,7,0.8920176046680471,0.5283356699299675,0.22396101667172902,0.9652367830276489,0.8288398385047913,0.6800000071525574,0.5247994661331177,0.12753568589687347,0.4291209876537323,0.7069004774093628,0.27174845337867737
pilot_v1_00836,data\raw\audio\pilot_v1\pilot_v1_00836.wav,audio_top_k_parameter_mmr,1,pilot_v1_00540,data\raw\audio\pilot_v1\pilot_v1_00540.wav,1,0.9492150872172035,0.7309556577064513,0.26517794229976405,0.8923406004905701,0.47967278957366943,0.5525768995285034,0.29621389508247375,0.2992941439151764,0.2698315978050232,0.4157158136367798,0.24585898220539093
pilot_v1_00836,data\raw\audio\pilot_v1\pilot_v1_00836.wav,audio_top_k_parameter_mmr,2,pilot_v1_00066,data\raw\audio\pilot_v1\pilot_v1_00066.wav,17,0.8673776142938867,0.5455517177609017,0.31894898452087544,0.42004886269569397,0.5706492066383362,0.6944807171821594,0.0019699623808264732,0.1384097933769226,0.46928954124450684,0.7636656165122986,0.32461607456207275
pilot_v1_00836,data\raw\audio\pilot_v1\pilot_v1_00836.wav,audio_top_k_parameter_mmr,3,pilot_v1_00284,data\raw\audio\pilot_v1\pilot_v1_00284.wav,16,0.8689010522821806,0.5395830016378018,0.410367033453789,0.8969641327857971,0.5130073428153992,0.6165643334388733,0.7358595132827759,0.11384260654449463,0.44105446338653564,0.6001399755477905,0.3800293207168579
pilot_v1_00836,data\raw\audio\pilot_v1\pilot_v1_00836.wav,audio_top_k_parameter_mmr,4,pilot_v1_00492,data\raw\audio\pilot_v1\pilot_v1_00492.wav,5,0.9177444811595206,0.5387741570302926,0.3216834686795428,0.9766224026679993,0.5372905731201172,0.5816895365715027,0.1204364076256752,0.09308956563472748,0.19461989402770996,0.7229862213134766,0.3488703966140747
pilot_v1_00836,data\raw\audio\pilot_v1\pilot_v1_00836.wav,audio_top_k_parameter_mmr,5,pilot_v1_00012,data\raw\audio\pilot_v1\pilot_v1_00012.wav,3,0.925077563493909,0.5339197828201357,0.3255252442899956,0.9629814624786377,0.5208324790000916,0.1482921838760376,0.019651705399155617,0.3361385464668274,0.18075670301914215,0.49950382113456726,0.21851001679897308
pilot_v1_00841,data\raw\audio\pilot_v1\pilot_v1_00841.wav,audio_top_k_parameter_mmr,1,pilot_v1_00713,data\raw\audio\pilot_v1\pilot_v1_00713.wav,1,0.9411857046940816,0.7279446392602806,0.26969637168598337,0.16047769784927368,0.6898117661476135,0.21046994626522064,0.21036536991596222,0.20000037550926208,0.4489627182483673,0.46270912885665894,0.3832239806652069
pilot_v1_00841,data\raw\audio\pilot_v1\pilot_v1_00841.wav,audio_top_k_parameter_mmr,2,pilot_v1_00137,data\raw\audio\pilot_v1\pilot_v1_00137.wav,3,0.9276890419093342,0.5736025558147103,0.33216267426496404,0.18027547001838684,0.6166037917137146,0.3076101243495941,0.28184640407562256,0.3260428011417389,0.18424344062805176,0.5744670033454895,0.11998266726732254
pilot_v1_00841,data\raw\audio\pilot_v1\pilot_v1_00841.wav,audio_top_k_parameter_mmr,3,pilot_v1_00105,data\raw\audio\pilot_v1\pilot_v1_00105.wav,2,0.932032903275059,0.5468272744101292,0.22976832044679804,0.13958120346069336,0.7217271327972412,0.24684305489063263,0.1712283492088318,0.3809581995010376,0.2214420586824417,0.8959289789199829,0.34465134143829346
pilot_v1_00841,data\raw\audio\pilot_v1\pilot_v1_00841.wav,audio_top_k_parameter_mmr,4,pilot_v1_00953,data\raw\audio\pilot_v1\pilot_v1_00953.wav,10,0.8544831826356174,0.538477093774679,0.3286951416440123,0.2065763622522354,0.6112794876098633,0.7495036125183105,0.6239244937896729,0.22473405301570892,0.3415193557739258,0.9684374928474426,0.4008433222770691
pilot_v1_00841,data\raw\audio\pilot_v1\pilot_v1_00841.wav,audio_top_k_parameter_mmr,5,pilot_v1_00550,data\raw\audio\pilot_v1\pilot_v1_00550.wav,8,0.8582521756104633,0.5332713323603369,0.4052121983811787,0.22864805161952972,0.5747154355049133,0.7197117805480957,0.35791608691215515,0.335237592458725,0.44799748063087463,0.32428717613220215,0.14734314382076263
pilot_v1_00846,data\raw\audio\pilot_v1\pilot_v1_00846.wav,audio_top_k_parameter_mmr,1,pilot_v1_00918,data\raw\audio\pilot_v1\pilot_v1_00918.wav,1,0.9180114239857435,0.7192542839946539,0.2641883889431665,0.13978137075901031,0.5151147246360779,0.6423709988594055,0.05219971016049385,0.4034672677516937,0.2994573712348938,0.9198800921440125,0.18714511394500732
pilot_v1_00846,data\raw\audio\pilot_v1\pilot_v1_00846.wav,audio_top_k_parameter_mmr,2,pilot_v1_00161,data\raw\audio\pilot_v1\pilot_v1_00161.wav,7,0.8600900813633886,0.5646433789800467,0.42106182422882404,0.006358391605317593,0.5969741344451904,0.00281377206556499,0.4046632647514343,0.052328284829854965,0.39572396874427795,0.8774079084396362,0.2152928113937378
pilot_v1_00846,data\raw\audio\pilot_v1\pilot_v1_00846.wav,audio_top_k_parameter_mmr,3,pilot_v1_00033,data\raw\audio\pilot_v1\pilot_v1_00033.wav,13,0.8200175449284054,0.5528407340297423,0.4116347983433439,0.010986743494868279,0.8442486524581909,0.33362457156181335,0.5589091181755066,0.4283750355243683,0.16480395197868347,0.2485472410917282,0.23317007720470428
pilot_v1_00846,data\raw\audio\pilot_v1\pilot_v1_00846.wav,audio_top_k_parameter_mmr,4,pilot_v1_00625,data\raw\audio\pilot_v1\pilot_v1_00625.wav,2,0.9014648159113207,0.5465232666699472,0.290439367869616,0.09329333901405334,0.5776758790016174,0.07517882436513901,0.0506926067173481,0.2292052060365677,0.17252616584300995,0.7077531814575195,0.24002836644649506
pilot_v1_00846,data\raw\audio\pilot_v1\pilot_v1_00846.wav,audio_top_k_parameter_mmr,5,pilot_v1_00414,data\raw\audio\pilot_v1\pilot_v1_00414.wav,9,0.8502448942344369,0.543474590350156,0.2824928994311375,0.02173907309770584,0.5644280910491943,0.6266382932662964,0.5233073234558105,0.08033448457717896,0.3474041223526001,0.264497309923172,0.1623682826757431
pilot_v1_00881,data\raw\audio\pilot_v1\pilot_v1_00881.wav,audio_top_k_parameter_mmr,1,pilot_v1_00209,data\raw\audio\pilot_v1\pilot_v1_00209.wav,1,0.9193804247815491,0.719767659293081,0.4804026156158487,0.11445018649101257,0.8156684637069702,0.06770585477352142,0.31917279958724976,0.35215312242507935,0.49805423617362976,0.32764291763305664,0.13786548376083374
pilot_v1_00881,data\raw\audio\pilot_v1\pilot_v1_00881.wav,audio_top_k_parameter_mmr,2,pilot_v1_00046,data\raw\audio\pilot_v1\pilot_v1_00046.wav,11,0.8744317657014896,0.5939535282152792,0.30637956695117774,0.1125590056180954,0.5082145929336548,0.7102534770965576,0.6368995904922485,0.16230027377605438,0.20026858150959015,0.866339921951294,0.16632698476314545
pilot_v1_00881,data\raw\audio\pilot_v1\pilot_v1_00881.wav,audio_top_k_parameter_mmr,3,pilot_v1_00105,data\raw\audio\pilot_v1\pilot_v1_00105.wav,3,0.9117003254519634,0.5728034903380688,0.22488884872843312,0.13958120346069336,0.7217271327972412,0.24684305489063263,0.1712283492088318,0.3809581995010376,0.2214420586824417,0.8959289789199829,0.34465134143829346
pilot_v1_00881,data\raw\audio\pilot_v1\pilot_v1_00881.wav,audio_top_k_parameter_mmr,4,pilot_v1_00017,data\raw\audio\pilot_v1\pilot_v1_00017.wav,5,0.9028303587369115,0.5411757286130281,0.2578478261903464,0.10149585455656052,0.7434598803520203,0.4590492844581604,0.43417230248451233,0.29063647985458374,0.1890207678079605,0.4272312819957733,0.12946128845214844
pilot_v1_00881,data\raw\audio\pilot_v1\pilot_v1_00881.wav,audio_top_k_parameter_mmr,5,pilot_v1_00958,data\raw\audio\pilot_v1\pilot_v1_00958.wav,9,0.8798824451986222,0.5352787457074684,0.45778892700754736,0.048073455691337585,0.5691529512405396,0.5469590425491333,0.7376102805137634,0.18115077912807465,0.4232688844203949,0.4290710687637329,0.23870646953582764
pilot_v1_00904,data\raw\audio\pilot_v1\pilot_v1_00904.wav,audio_top_k_parameter_mmr,1,pilot_v1_00802,data\raw\audio\pilot_v1\pilot_v1_00802.wav,1,0.9371594372015251,0.7264347889505719,0.48035917912310055,0.3927449882030487,0.5342074632644653,0.7408474683761597,0.703809916973114,0.09988874942064285,0.49853256344795227,0.24834077060222626,0.2905972898006439
pilot_v1_00904,data\raw\audio\pilot_v1\pilot_v1_00904.wav,audio_top_k_parameter_mmr,2,pilot_v1_00952,data\raw\audio\pilot_v1\pilot_v1_00952.wav,3,0.9179930577689879,0.6070171256426196,0.18001135199660093,0.6881211400032043,0.5050296187400818,0.3826996982097626,0.35568657517433167,0.4463045001029968,0.15890923142433167,0.5624982118606567,0.19300226867198944
pilot_v1_00904,data\raw\audio\pilot_v1\pilot_v1_00904.wav,audio_top_k_parameter_mmr,3,pilot_v1_00498,data\raw\audio\pilot_v1\pilot_v1_00498.wav,8,0.8959184136251946,0.5467414421554992,0.3010505623241993,0.4483686089515686,0.5192061066627502,0.7686782479286194,0.31446412205696106,0.21894702315330505,0.2773945927619934,0.5680474638938904,0.35339510440826416
pilot_v1_00904,data\raw\audio\pilot_v1\pilot_v1_00904.wav,audio_top_k_parameter_mmr,4,pilot_v1_00888,data\raw\audio\pilot_v1\pilot_v1_00888.wav,5,0.9159481323350177,0.5393917050313616,0.35027093933276776,0.7055597305297852,0.5084207653999329,0.7913316488265991,0.379891574382782,0.3105691075325012,0.46256202459335327,0.2611519396305084,0.2014756202697754
pilot_v1_00904,data\raw\audio\pilot_v1\pilot_v1_00904.wav,audio_top_k_parameter_mmr,5,pilot_v1_00898,data\raw\audio\pilot_v1\pilot_v1_00898.wav,6,0.9104017708201284,0.5376504665816875,0.24824608002038343,0.43286845088005066,0.547218382358551,0.1403694599866867,0.29984530806541443,0.3822481632232666,0.3370858132839203,0.25387200713157654,0.11645936965942383
pilot_v1_00951,data\raw\audio\pilot_v1\pilot_v1_00951.wav,audio_top_k_parameter_mmr,1,pilot_v1_00359,data\raw\audio\pilot_v1\pilot_v1_00359.wav,1,0.9176622987812205,0.7191233620429578,0.20883672396841158,0.7203788161277771,0.7336040735244751,0.7347116470336914,0.3915576934814453,0.1431197226047516,0.3404686748981476,0.8623515963554382,0.15450094640254974
pilot_v1_00951,data\raw\audio\pilot_v1\pilot_v1_00951.wav,audio_top_k_parameter_mmr,2,pilot_v1_00727,data\raw\audio\pilot_v1\pilot_v1_00727.wav,9,0.8402694443469013,0.5481736770579917,0.4433952399844251,0.6323044896125793,0.7061044573783875,0.03915625810623169,0.01615542732179165,0.08703337609767914,0.3785315155982971,0.6204633116722107,0.3631446659564972
pilot_v1_00951,data\raw\audio\pilot_v1\pilot_v1_00951.wav,audio_top_k_parameter_mmr,3,pilot_v1_00333,data\raw\audio\pilot_v1\pilot_v1_00333.wav,3,0.8912393193754026,0.5461557318707516,0.36223531575411566,0.455382376909256,0.7123342156410217,0.7452727556228638,0.055387627333402634,0.15417136251926422,0.45083341002464294,0.3969675600528717,0.33162760734558105
pilot_v1_00951,data\raw\audio\pilot_v1\pilot_v1_00951.wav,audio_top_k_parameter_mmr,4,pilot_v1_00619,data\raw\audio\pilot_v1\pilot_v1_00619.wav,4,0.8827632467847144,0.5354200594534765,0.35666682104683406,0.7507473826408386,0.7215970158576965,0.7165814638137817,0.5067464709281921,0.20572645962238312,0.2613929510116577,0.2302897423505783,0.3135744631290436
pilot_v1_00951,data\raw\audio\pilot_v1\pilot_v1_00951.wav,audio_top_k_parameter_mmr,5,pilot_v1_00173,data\raw\audio\pilot_v1\pilot_v1_00173.wav,8,0.8419514547613267,0.5284416901674711,0.4082681296698287,0.46908465027809143,0.6938945055007935,0.3849199414253235,0.17954696714878082,0.4220235347747803,0.47105494141578674,0.8235812783241272,0.2008451670408249
pilot_v1_01018,data\raw\audio\pilot_v1\pilot_v1_01018.wav,audio_top_k_parameter_mmr,1,pilot_v1_00498,data\raw\audio\pilot_v1\pilot_v1_00498.wav,1,0.9709340547148798,0.73910027051808,0.18175329847587748,0.4483686089515686,0.5192061066627502,0.7686782479286194,0.31446412205696106,0.21894702315330505,0.2773945927619934,0.5680474638938904,0.35339510440826416
pilot_v1_01018,data\raw\audio\pilot_v1\pilot_v1_01018.wav,audio_top_k_parameter_mmr,2,pilot_v1_00504,data\raw\audio\pilot_v1\pilot_v1_00504.wav,2,0.9616575633247276,0.5612710895373889,0.343088944043137,0.7152584195137024,0.5605254173278809,0.28515756130218506,0.27706438302993774,0.12036328762769699,0.4195316731929779,0.4507162868976593,0.2827950119972229
pilot_v1_01018,data\raw\audio\pilot_v1\pilot_v1_01018.wav,audio_top_k_parameter_mmr,3,pilot_v1_00132,data\raw\audio\pilot_v1\pilot_v1_00132.wav,3,0.9310892905113357,0.5554697222103011,0.3047111306388411,0.8255820274353027,0.5099799633026123,0.43755924701690674,0.3596429228782654,0.3714420795440674,0.42747560143470764,0.9453542828559875,0.2900749444961548
pilot_v1_01018,data\raw\audio\pilot_v1\pilot_v1_01018.wav,audio_top_k_parameter_mmr,4,pilot_v1_00802,data\raw\audio\pilot_v1\pilot_v1_00802.wav,5,0.9181047090889534,0.5518543772132865,0.28351730621417337,0.3927449882030487,0.5342074632644653,0.7408474683761597,0.703809916973114,0.09988874942064285,0.49853256344795227,0.24834077060222626,0.2905972898006439
pilot_v1_01018,data\raw\audio\pilot_v1\pilot_v1_01018.wav,audio_top_k_parameter_mmr,5,pilot_v1_00904,data\raw\audio\pilot_v1\pilot_v1_00904.wav,17,0.8733080442251366,0.527753157165476,0.38033846520073167,0.6680155992507935,0.5327460169792175,0.40723976492881775,0.2449597418308258,0.2836643159389496,0.17305904626846313,0.36486732959747314,0.16689206659793854
pilot_v1_01019,data\raw\audio\pilot_v1\pilot_v1_01019.wav,audio_top_k_parameter_mmr,1,pilot_v1_00487,data\raw\audio\pilot_v1\pilot_v1_00487.wav,1,0.9094029657077916,0.7160261121404219,0.28530282772279114,0.7308663129806519,0.7097671031951904,0.40390104055404663,0.5192975401878357,0.3637526035308838,0.21866531670093536,0.21482431888580322,0.12588313221931458
pilot_v1_01019,data\raw\audio\pilot_v1\pilot_v1_01019.wav,audio_top_k_parameter_mmr,2,pilot_v1_00395,data\raw\audio\pilot_v1\pilot_v1_00395.wav,2,0.8673147056406479,0.5447494874838499,0.4337842447483978,0.7978967428207397,0.6516209244728088,0.5883266925811768,0.3062657415866852,0.3367641866207123,0.4992539584636688,0.5183046460151672,0.2834145426750183
pilot_v1_01019,data\raw\audio\pilot_v1\pilot_v1_01019.wav,audio_top_k_parameter_mmr,3,pilot_v1_00327,data\raw\audio\pilot_v1\pilot_v1_00327.wav,4,0.8262329583943206,0.5331209658947024,0.1840178634782072,0.6923916935920715,0.6451656818389893,0.20242595672607422,0.11466777324676514,0.05548986792564392,0.2429872453212738,0.2843174934387207,0.30447977781295776
pilot_v1_01019,data\raw\audio\pilot_v1\pilot_v1_01019.wav,audio_top_k_parameter_mmr,4,pilot_v1_00647,data\raw\audio\pilot_v1\pilot_v1_00647.wav,3,0.8476116676699701,0.5227521292918066,0.425530432252413,0.7035017013549805,0.6743696928024292,0.5565242171287537,0.19289104640483856,0.4245479702949524,0.20108743011951447,0.7987430095672607,0.18448995053768158
pilot_v1_01019,data\raw\audio\pilot_v1\pilot_v1_01019.wav,audio_top_k_parameter_mmr,5,pilot_v1_00779,data\raw\audio\pilot_v1\pilot_v1_00779.wav,6,0.8184861479549697,0.5144015861236269,0.3052190926584326,0.8116201758384705,0.7037065625190735,0.08196143805980682,0.5381558537483215,0.14421701431274414,0.45461079478263855,0.3201259970664978,0.20072799921035767
