kind,background,wave_frame,filter_cutoff,sample_a,sample_b,relative_waveform_difference,numerically_active,held_rms_change_db,rms_matched_waveform_difference,spectral_shape_distance
A_sustain_0.0_to_0.4,clean_held,0.0,0.3,A_clean_held_w0p000_c0p300_s0p000_b0p500,A_clean_held_w0p000_c0p300_s0p400_b0p500,0.26997989627414265,True,1.9404934725029532,0.14337567281731803,0.0016025686802877816
B_bend_0.25_to_0.5,clean_held,0.0,0.3,B_clean_held_w0p000_c0p300_s0p000_b0p250,B_clean_held_w0p000_c0p300_s0p000_b0p500,0.89911685985573,True,-2.3038366987949765,0.7053961787248137,0.04599900621325864
A_sustain_0.4_to_1.0,clean_held,0.0,0.3,A_clean_held_w0p000_c0p300_s0p400_b0p500,A_clean_held_w0p000_c0p300_s1p000_b0p500,0.42886662187664965,True,3.4115144279585103,0.24201807928612984,0.0030553711888300604
B_bend_0.5_to_0.75,clean_held,0.0,0.3,B_clean_held_w0p000_c0p300_s0p000_b0p500,B_clean_held_w0p000_c0p300_s0p000_b0p750,0.9020791282429117,True,2.3952188341156027,0.7100652548718674,0.048328697438852236
A_sustain_0.0_to_1.0,clean_held,0.0,0.3,A_clean_held_w0p000_c0p300_s0p000_b0p500,A_clean_held_w0p000_c0p300_s1p000_b0p500,0.5998863998780561,True,5.352007900461463,0.37185153094793266,0.004599361133674595
B_bend_0.25_to_0.75,clean_held,0.0,0.3,B_clean_held_w0p000_c0p300_s0p000_b0p250,B_clean_held_w0p000_c0p300_s0p000_b0p750,1.715685865567083,True,0.09138213532062553,1.2280001959106943,0.0027700876796762797
architecture_sustain_removal_only,clean_held,0.0,0.3,A_clean_held_w0p000_c0p300_s0p400_b0p500,B_clean_held_w0p000_c0p300_s0p000_b0p500,0.26997989619588303,True,-1.9404933657522543,0.14337568154973884,0.0016025686675552708
A_sustain_0.0_to_0.4,clean_held,0.0,0.575,A_clean_held_w0p000_c0p575_s0p000_b0p500,A_clean_held_w0p000_c0p575_s0p400_b0p500,0.05382611414470261,True,-0.05038520513617424,0.038270440219777345,0.0005543828149050126
B_bend_0.25_to_0.5,clean_held,0.0,0.575,B_clean_held_w0p000_c0p575_s0p000_b0p250,B_clean_held_w0p000_c0p575_s0p000_b0p500,0.7955066198607352,True,0.2386997619412584,0.5747660972712183,0.209995748820469
A_sustain_0.4_to_1.0,clean_held,0.0,0.575,A_clean_held_w0p000_c0p575_s0p400_b0p500,A_clean_held_w0p000_c0p575_s1p000_b0p500,0.061303433534215815,True,-0.05220508884143611,0.04363506319542644,0.0009312043199956834
B_bend_0.5_to_0.75,clean_held,0.0,0.575,B_clean_held_w0p000_c0p575_s0p000_b0p500,B_clean_held_w0p000_c0p575_s0p000_b0p750,0.7943306631094186,True,-0.26790053441489886,0.5747949294450937,0.20423968435066522
A_sustain_0.0_to_1.0,clean_held,0.0,0.575,A_clean_held_w0p000_c0p575_s0p000_b0p500,A_clean_held_w0p000_c0p575_s1p000_b0p500,0.1147234461906386,True,-0.10259029397760974,0.08185805691932774,0.0014550498957308852
B_bend_0.25_to_0.75,clean_held,0.0,0.575,B_clean_held_w0p000_c0p575_s0p000_b0p250,B_clean_held_w0p000_c0p575_s0p000_b0p750,1.421251899565504,True,-0.029200772473640862,1.0151925178713375,0.01003428794176945
architecture_sustain_removal_only,clean_held,0.0,0.575,A_clean_held_w0p000_c0p575_s0p400_b0p500,B_clean_held_w0p000_c0p575_s0p000_b0p500,0.053826116088784084,True,0.05038520607009653,0.03827044161055911,0.000554382965819646
A_sustain_0.0_to_0.4,clean_held,0.0,0.85,A_clean_held_w0p000_c0p850_s0p000_b0p500,A_clean_held_w0p000_c0p850_s0p400_b0p500,0.006103148885013178,True,0.002381755818543088,0.004348145798855623,0.00013078090084164397
B_bend_0.25_to_0.5,clean_held,0.0,0.85,B_clean_held_w0p000_c0p850_s0p000_b0p250,B_clean_held_w0p000_c0p850_s0p000_b0p500,0.7963543878037261,True,0.23326766991745768,0.5752111329505811,0.20286587249217672
A_sustain_0.4_to_1.0,clean_held,0.0,0.85,A_clean_held_w0p000_c0p850_s0p400_b0p500,A_clean_held_w0p000_c0p850_s1p000_b0p500,0.007382869145299508,True,0.00393185724576281,0.005255755613683642,0.00017482738031765715
B_bend_0.5_to_0.75,clean_held,0.0,0.85,B_clean_held_w0p000_c0p850_s0p000_b0p500,B_clean_held_w0p000_c0p850_s0p000_b0p750,0.7965604486882464,True,-0.23534861126848106,0.5754252402757458,0.20228610301973213
A_sustain_0.0_to_1.0,clean_held,0.0,0.85,A_clean_held_w0p000_c0p850_s0p000_b0p500,A_clean_held_w0p000_c0p850_s1p000_b0p500,0.013482537432060591,True,0.006313613064305078,0.009603446969626811,0.00030559010511987933
B_bend_0.25_to_0.75,clean_held,0.0,0.85,B_clean_held_w0p000_c0p850_s0p000_b0p250,B_clean_held_w0p000_c0p850_s0p000_b0p750,1.4283966145919937,True,-0.0020809413510233838,1.018634778671397,0.0014487927512724975
architecture_sustain_removal_only,clean_held,0.0,0.85,A_clean_held_w0p000_c0p850_s0p400_b0p500,B_clean_held_w0p000_c0p850_s0p000_b0p500,0.006103149046720184,True,-0.0023817829254820983,0.004348146104222391,0.0001307806390702574
A_sustain_0.0_to_0.4,clean_held,0.5,0.3,A_clean_held_w0p500_c0p300_s0p000_b0p500,A_clean_held_w0p500_c0p300_s0p400_b0p500,0.2694440612395135,True,1.932616578177671,0.14334102625878636,0.0015196374362045734
B_bend_0.25_to_0.5,clean_held,0.5,0.3,B_clean_held_w0p500_c0p300_s0p000_b0p250,B_clean_held_w0p500_c0p300_s0p000_b0p500,0.9039319822520111,True,-4.019204576685322,0.7394966299692315,0.0924754373717596
A_sustain_0.4_to_1.0,clean_held,0.5,0.3,A_clean_held_w0p500_c0p300_s0p400_b0p500,A_clean_held_w0p500_c0p300_s1p000_b0p500,0.4225946071048597,True,3.3482780133842427,0.237815182228898,0.0032888170314475983
B_bend_0.5_to_0.75,clean_held,0.5,0.3,B_clean_held_w0p500_c0p300_s0p000_b0p500,B_clean_held_w0p500_c0p300_s0p000_b0p750,0.9037150951335317,True,3.9947082781807897,0.7391445374717988,0.09235742184791096
A_sustain_0.0_to_1.0,clean_held,0.5,0.3,A_clean_held_w0p500_c0p300_s0p000_b0p500,A_clean_held_w0p500_c0p300_s1p000_b0p500,0.5953021356706242,True,5.280894591561913,0.3686018299566815,0.004644540989485841
B_bend_0.25_to_0.75,clean_held,0.5,0.3,B_clean_held_w0p500_c0p300_s0p000_b0p250,B_clean_held_w0p500_c0p300_s0p000_b0p750,1.768952344945367,True,-0.024496298504531545,1.2616006995974114,0.0004272421813699215
architecture_sustain_removal_only,clean_held,0.5,0.3,A_clean_held_w0p500_c0p300_s0p400_b0p500,B_clean_held_w0p500_c0p300_s0p000_b0p500,0.2694440659313058,True,-1.9326166836171341,0.14334102378757868,0.0015196407572964
A_sustain_0.0_to_0.4,clean_held,0.5,0.575,A_clean_held_w0p500_c0p575_s0p000_b0p500,A_clean_held_w0p500_c0p575_s0p400_b0p500,0.1032944973961744,True,0.05683674066305998,0.07375449220967457,0.02514764162958003
B_bend_0.25_to_0.5,clean_held,0.5,0.575,B_clean_held_w0p500_c0p575_s0p000_b0p250,B_clean_held_w0p500_c0p575_s0p000_b0p500,0.8130111843372102,True,-0.007149205270568478,0.5800186489429838,0.3948831386573841
A_sustain_0.4_to_1.0,clean_held,0.5,0.575,A_clean_held_w0p500_c0p575_s0p400_b0p500,A_clean_held_w0p500_c0p575_s1p000_b0p500,0.13554910481221943,True,0.06514611724699274,0.09687775567625273,0.0345676219192881
B_bend_0.5_to_0.75,clean_held,0.5,0.575,B_clean_held_w0p500_c0p575_s0p000_b0p500,B_clean_held_w0p500_c0p575_s0p000_b0p750,0.8134266092852366,True,0.0051986119518348355,0.580241226282044,0.3948985688665269
A_sustain_0.0_to_1.0,clean_held,0.5,0.575,A_clean_held_w0p500_c0p575_s0p000_b0p500,A_clean_held_w0p500_c0p575_s1p000_b0p500,0.2312285589640432,True,0.12198285791005077,0.16575222789685187,0.05829123501678559
B_bend_0.25_to_0.75,clean_held,0.5,0.575,B_clean_held_w0p500_c0p575_s0p000_b0p250,B_clean_held_w0p500_c0p575_s0p000_b0p750,1.1942009836240797,True,-0.0019505933187342415,0.8517127091068671,0.0011396660728310813
architecture_sustain_removal_only,clean_held,0.5,0.575,A_clean_held_w0p500_c0p575_s0p400_b0p500,B_clean_held_w0p500_c0p575_s0p000_b0p500,0.10329449925800031,True,-0.05683678739773125,0.07375449328092824,0.025147642029645915
A_sustain_0.0_to_0.4,clean_held,0.5,0.85,A_clean_held_w0p500_c0p850_s0p000_b0p500,A_clean_held_w0p500_c0p850_s0p400_b0p500,0.03675835000964152,True,0.01029724929665736,0.026215773453810914,0.009073117241191383
B_bend_0.25_to_0.5,clean_held,0.5,0.85,B_clean_held_w0p500_c0p850_s0p000_b0p250,B_clean_held_w0p500_c0p850_s0p000_b0p500,0.8328477559559573,True,-0.0011255392110422438,0.5939759344001352,0.41005778539715343
A_sustain_0.4_to_1.0,clean_held,0.5,0.85,A_clean_held_w0p500_c0p850_s0p400_b0p500,A_clean_held_w0p500_c0p850_s1p000_b0p500,0.0490967974256307,True,0.01323592753556128,0.03502271651817471,0.011837551711081156
B_bend_0.5_to_0.75,clean_held,0.5,0.85,B_clean_held_w0p500_c0p850_s0p000_b0p500,B_clean_held_w0p500_c0p850_s0p000_b0p750,0.8332308587068598,True,-0.0004071046124779179,0.5942244447718312,0.410449642848444
A_sustain_0.0_to_1.0,clean_held,0.5,0.85,A_clean_held_w0p500_c0p850_s0p000_b0p500,A_clean_held_w0p500_c0p850_s1p000_b0p500,0.08307956164285436,True,0.023533176832219234,0.05929620535132161,0.020402812442432736
B_bend_0.25_to_0.75,clean_held,0.5,0.85,B_clean_held_w0p500_c0p850_s0p000_b0p250,B_clean_held_w0p500_c0p850_s0p000_b0p750,1.1839050355147769,True,-0.001532643823521003,0.8443651015802056,0.003568326580943097
architecture_sustain_removal_only,clean_held,0.5,0.85,A_clean_held_w0p500_c0p850_s0p400_b0p500,B_clean_held_w0p500_c0p850_s0p000_b0p500,0.03675835285365628,True,-0.010297264877080351,0.026215775453291654,0.009073116692224846
A_sustain_0.0_to_0.4,clean_held,1.0,0.3,A_clean_held_w1p000_c0p300_s0p000_b0p500,A_clean_held_w1p000_c0p300_s0p400_b0p500,0.25931371387663976,True,1.8220520913970226,0.13949856447541492,0.002301395995858855
B_bend_0.25_to_0.5,clean_held,1.0,0.3,B_clean_held_w1p000_c0p300_s0p000_b0p250,B_clean_held_w1p000_c0p300_s0p000_b0p500,0.9199096401196427,True,-0.8455241088876932,0.6836823644473126,0.011955004832410451
A_sustain_0.4_to_1.0,clean_held,1.0,0.3,A_clean_held_w1p000_c0p300_s0p400_b0p500,A_clean_held_w1p000_c0p300_s1p000_b0p500,0.42082679544150603,True,3.3410818621296468,0.23597681219205524,0.0033345075588107538
B_bend_0.5_to_0.75,clean_held,1.0,0.3,B_clean_held_w1p000_c0p300_s0p000_b0p500,B_clean_held_w1p000_c0p300_s0p000_b0p750,1.0357832592852017,True,0.11560843035552276,0.7414582912156897,0.006000831938739171
A_sustain_0.0_to_1.0,clean_held,1.0,0.3,A_clean_held_w1p000_c0p300_s0p000_b0p500,A_clean_held_w1p000_c0p300_s1p000_b0p500,0.5869137796904772,True,5.163133953526669,0.36216119510336203,0.004521990648269211
B_bend_0.25_to_0.75,clean_held,1.0,0.3,B_clean_held_w1p000_c0p300_s0p000_b0p250,B_clean_held_w1p000_c0p300_s0p000_b0p750,1.2846786983497887,True,-0.7299156785321715,0.9515472218024345,0.0061587755566188925
architecture_sustain_removal_only,clean_held,1.0,0.3,A_clean_held_w1p000_c0p300_s0p400_b0p500,B_clean_held_w1p000_c0p300_s0p000_b0p500,0.2593137243317909,True,-1.8220520285490152,0.13949858146825847,0.0023014010139557166
A_sustain_0.0_to_0.4,clean_held,1.0,0.575,A_clean_held_w1p000_c0p575_s0p000_b0p500,A_clean_held_w1p000_c0p575_s0p400_b0p500,0.19102300481530116,True,0.3642543731804971,0.1358246307168904,0.05120010162430112
B_bend_0.25_to_0.5,clean_held,1.0,0.575,B_clean_held_w1p000_c0p575_s0p000_b0p250,B_clean_held_w1p000_c0p575_s0p000_b0p500,1.4258477625695631,True,1.5081105906386036,1.1018100391016847,0.078650301891765
A_sustain_0.4_to_1.0,clean_held,1.0,0.575,A_clean_held_w1p000_c0p575_s0p400_b0p500,A_clean_held_w1p000_c0p575_s1p000_b0p500,0.2477947190952353,True,0.40774459274035146,0.17773691429094432,0.06053636199060605
B_bend_0.5_to_0.75,clean_held,1.0,0.575,B_clean_held_w1p000_c0p575_s0p000_b0p500,B_clean_held_w1p000_c0p575_s0p000_b0p750,1.522117117534959,True,-0.6832620547843595,1.1273455912434833,0.039716468340202406
A_sustain_0.0_to_1.0,clean_held,1.0,0.575,A_clean_held_w1p000_c0p575_s0p000_b0p500,A_clean_held_w1p000_c0p575_s1p000_b0p500,0.41260838365915126,True,0.771998965920847,0.30093704679547917,0.10858124605630597
B_bend_0.25_to_0.75,clean_held,1.0,0.575,B_clean_held_w1p000_c0p575_s0p000_b0p250,B_clean_held_w1p000_c0p575_s0p000_b0p750,1.4133921888460095,True,0.8248485358542439,1.054669963964516,0.04124667484188102
architecture_sustain_removal_only,clean_held,1.0,0.575,A_clean_held_w1p000_c0p575_s0p400_b0p500,B_clean_held_w1p000_c0p575_s0p000_b0p500,0.19102300436363265,True,-0.36425432618883535,0.13582463106283849,0.05120010225721401
A_sustain_0.0_to_0.4,clean_held,1.0,0.85,A_clean_held_w1p000_c0p850_s0p000_b0p500,A_clean_held_w1p000_c0p850_s0p400_b0p500,0.05686320797069977,True,0.032207113258358955,0.04053673918384302,0.013847901855224044
B_bend_0.25_to_0.5,clean_held,1.0,0.85,B_clean_held_w1p000_c0p850_s0p000_b0p250,B_clean_held_w1p000_c0p850_s0p000_b0p500,1.41625439375935,True,0.9874258633153492,1.0658710763826797,0.2076909461161039
A_sustain_0.4_to_1.0,clean_held,1.0,0.85,A_clean_held_w1p000_c0p850_s0p400_b0p500,A_clean_held_w1p000_c0p850_s1p000_b0p500,0.07561497213468422,True,0.0406351692912555,0.05394211774691202,0.018026164868061956
B_bend_0.5_to_0.75,clean_held,1.0,0.85,B_clean_held_w1p000_c0p850_s0p000_b0p500,B_clean_held_w1p000_c0p850_s0p000_b0p750,1.4667529610491197,True,-0.44962785054402843,1.0726955637179783,0.12429874842845681
A_sustain_0.0_to_1.0,clean_held,1.0,0.85,A_clean_held_w1p000_c0p850_s0p000_b0p500,A_clean_held_w1p000_c0p850_s1p000_b0p500,0.1278693134405176,True,0.07284228254961309,0.09136770947790263,0.031110781161903498
B_bend_0.25_to_0.75,clean_held,1.0,0.85,B_clean_held_w1p000_c0p850_s0p000_b0p250,B_clean_held_w1p000_c0p850_s0p000_b0p750,1.4395880316396865,True,0.5377980127713197,1.05807415987153,0.13832495605170417
architecture_sustain_removal_only,clean_held,1.0,0.85,A_clean_held_w1p000_c0p850_s0p400_b0p500,B_clean_held_w1p000_c0p850_s0p000_b0p500,0.056863216372593235,True,-0.03220712856279958,0.04053674510099646,0.013847900378978257
A_sustain_0.0_to_0.4,resonant_held,0.0,0.3,A_resonant_held_w0p000_c0p300_s0p000_b0p500,A_resonant_held_w0p000_c0p300_s0p400_b0p500,0.26609553318883233,True,1.7189517067110276,0.15318082681504272,0.0029613773790877684
B_bend_0.25_to_0.5,resonant_held,0.0,0.3,B_resonant_held_w0p000_c0p300_s0p000_b0p250,B_resonant_held_w0p000_c0p300_s0p000_b0p500,0.8562674156326558,True,-0.6790057286597269,0.6297173028264053,0.03510960184067448
A_sustain_0.4_to_1.0,resonant_held,0.0,0.3,A_resonant_held_w0p000_c0p300_s0p400_b0p500,A_resonant_held_w0p000_c0p300_s1p000_b0p500,0.516178437028378,True,4.694200378475392,0.28164072107862775,0.004879956441501706
B_bend_0.5_to_0.75,resonant_held,0.0,0.3,B_resonant_held_w0p000_c0p300_s0p000_b0p500,B_resonant_held_w0p000_c0p300_s0p000_b0p750,0.8252732679148043,True,0.7774029510874898,0.6095585766188221,0.03727936055926302
A_sustain_0.0_to_1.0,resonant_held,0.0,0.3,A_resonant_held_w0p000_c0p300_s0p000_b0p500,A_resonant_held_w0p000_c0p300_s1p000_b0p500,0.663013476122621,True,6.413152085186419,0.4185416285293914,0.007674170036531923
B_bend_0.25_to_0.75,resonant_held,0.0,0.3,B_resonant_held_w0p000_c0p300_s0p000_b0p250,B_resonant_held_w0p000_c0p300_s0p000_b0p750,1.5604591694718923,True,0.09839722242776236,1.1146239960322764,0.003063410913815329
architecture_sustain_removal_only,resonant_held,0.0,0.3,A_resonant_held_w0p000_c0p300_s0p400_b0p500,B_resonant_held_w0p000_c0p300_s0p000_b0p500,0.2660955349585183,True,-1.7189517994729542,0.1531808229620665,0.002961383152135155
A_sustain_0.0_to_0.4,resonant_held,0.0,0.575,A_resonant_held_w0p000_c0p575_s0p000_b0p500,A_resonant_held_w0p000_c0p575_s0p400_b0p500,0.025163223325487337,True,-0.182201028060926,0.010242803918320264,0.0046716669086696505
B_bend_0.25_to_0.5,resonant_held,0.0,0.575,B_resonant_held_w0p000_c0p575_s0p000_b0p250,B_resonant_held_w0p000_c0p575_s0p000_b0p500,0.8426606218641542,True,-0.15639070296964705,0.6060966461319022,0.3101744570018942
A_sustain_0.4_to_1.0,resonant_held,0.0,0.575,A_resonant_held_w0p000_c0p575_s0p400_b0p500,A_resonant_held_w0p000_c0p575_s1p000_b0p500,0.02318152867050322,True,-0.1698176640356282,0.009149173135197634,0.0020335757057080702
B_bend_0.5_to_0.75,resonant_held,0.0,0.575,B_resonant_held_w0p000_c0p575_s0p000_b0p500,B_resonant_held_w0p000_c0p575_s0p000_b0p750,0.8427541844626518,True,0.07531123278812155,0.6035228468378601,0.29811320961637827
A_sustain_0.0_to_1.0,resonant_held,0.0,0.575,A_resonant_held_w0p000_c0p575_s0p000_b0p500,A_resonant_held_w0p000_c0p575_s1p000_b0p500,0.04767114187366547,True,-0.3520186920965539,0.019148028754707145,0.006703068933018419
B_bend_0.25_to_0.75,resonant_held,0.0,0.575,B_resonant_held_w0p000_c0p575_s0p000_b0p250,B_resonant_held_w0p000_c0p575_s0p000_b0p750,1.4512748022115411,True,-0.08107947018152589,1.0395487067597826,0.02309117057969932
architecture_sustain_removal_only,resonant_held,0.0,0.575,A_resonant_held_w0p000_c0p575_s0p400_b0p500,B_resonant_held_w0p000_c0p575_s0p000_b0p500,0.02516321066464158,True,0.18220090897473962,0.010242802049559787,0.004671652582384449
A_sustain_0.0_to_0.4,resonant_held,0.0,0.85,A_resonant_held_w0p000_c0p850_s0p000_b0p500,A_resonant_held_w0p000_c0p850_s0p400_b0p500,0.0006847786463551208,True,-0.0012484265327710174,0.00047743683393266503,8.115147634937552e-05
B_bend_0.25_to_0.5,resonant_held,0.0,0.85,B_resonant_held_w0p000_c0p850_s0p000_b0p250,B_resonant_held_w0p000_c0p850_s0p000_b0p500,0.8007480288166916,True,0.21374364258711342,0.5777750845947548,0.20558097334867348
A_sustain_0.4_to_1.0,resonant_held,0.0,0.85,A_resonant_held_w0p000_c0p850_s0p400_b0p500,A_resonant_held_w0p000_c0p850_s1p000_b0p500,0.00085353063088869,True,-0.00037669778278748766,0.0006078252728133004,0.00010993866727317728
B_bend_0.5_to_0.75,resonant_held,0.0,0.85,B_resonant_held_w0p000_c0p850_s0p000_b0p500,B_resonant_held_w0p000_c0p850_s0p000_b0p750,0.7999788836303116,True,-0.22343037635184082,0.5775193383665613,0.2050650796068336
A_sustain_0.0_to_1.0,resonant_held,0.0,0.85,A_resonant_held_w0p000_c0p850_s0p000_b0p500,A_resonant_held_w0p000_c0p850_s1p000_b0p500,0.0015322749675447857,True,-0.0016251243155590974,0.0010844840130816945,0.00019108959867623044
B_bend_0.25_to_0.75,resonant_held,0.0,0.85,B_resonant_held_w0p000_c0p850_s0p000_b0p250,B_resonant_held_w0p000_c0p850_s0p000_b0p750,1.432043972247215,True,-0.009686733764727623,1.0216166045333295,0.0020879488638927213
architecture_sustain_removal_only,resonant_held,0.0,0.85,A_resonant_held_w0p000_c0p850_s0p400_b0p500,B_resonant_held_w0p000_c0p850_s0p000_b0p500,0.0006847781403972514,True,0.0012484083743730758,0.0004774367990866796,8.115115316900382e-05
A_sustain_0.0_to_0.4,resonant_held,0.5,0.3,A_resonant_held_w0p500_c0p300_s0p000_b0p500,A_resonant_held_w0p500_c0p300_s0p400_b0p500,0.2719585116564977,True,1.8048098252021822,0.1543448748636737,0.0037274238080805843
B_bend_0.25_to_0.5,resonant_held,0.5,0.3,B_resonant_held_w0p500_c0p300_s0p000_b0p250,B_resonant_held_w0p500_c0p300_s0p000_b0p500,0.8338475369486792,True,-1.7709814657232301,0.6398133617153432,0.06869161747338867
A_sustain_0.4_to_1.0,resonant_held,0.5,0.3,A_resonant_held_w0p500_c0p300_s0p400_b0p500,A_resonant_held_w0p500_c0p300_s1p000_b0p500,0.5192729148463116,True,4.5630317056375445,0.2952826893155789,0.006687476325416854
B_bend_0.5_to_0.75,resonant_held,0.5,0.3,B_resonant_held_w0p500_c0p300_s0p000_b0p500,B_resonant_held_w0p500_c0p300_s0p000_b0p750,0.79780127186737,True,1.751314499631447,0.6104580964667484,0.06858748314981451
A_sustain_0.0_to_1.0,resonant_held,0.5,0.3,A_resonant_held_w0p500_c0p300_s0p000_b0p500,A_resonant_held_w0p500_c0p300_s1p000_b0p500,0.6664810869652166,True,6.367841530839728,0.42657264545115864,0.01029879211552699
B_bend_0.25_to_0.75,resonant_held,0.5,0.3,B_resonant_held_w0p500_c0p300_s0p000_b0p250,B_resonant_held_w0p500_c0p300_s0p000_b0p750,1.574138354046439,True,-0.01966696609178262,1.120398800628414,0.0006444788193383596
architecture_sustain_removal_only,resonant_held,0.5,0.3,A_resonant_held_w0p500_c0p300_s0p400_b0p500,B_resonant_held_w0p500_c0p300_s0p000_b0p500,0.2719585091093802,True,-1.804809623219508,0.15434488633021,0.003727428143558114
A_sustain_0.0_to_0.4,resonant_held,0.5,0.575,A_resonant_held_w0p500_c0p575_s0p000_b0p500,A_resonant_held_w0p500_c0p575_s0p400_b0p500,0.30588631883760414,True,-0.6024970467943127,0.2203652643494518,0.14546621226319345
B_bend_0.25_to_0.5,resonant_held,0.5,0.575,B_resonant_held_w0p500_c0p575_s0p000_b0p250,B_resonant_held_w0p500_c0p575_s0p000_b0p500,0.944702459739123,True,0.5941384840080028,0.6955555647162884,0.5798603047224294
A_sustain_0.4_to_1.0,resonant_held,0.5,0.575,A_resonant_held_w0p500_c0p575_s0p400_b0p500,A_resonant_held_w0p500_c0p575_s1p000_b0p500,0.5296044910220485,True,0.18376032790354854,0.38140197328271447,0.15026301950462356
B_bend_0.5_to_0.75,resonant_held,0.5,0.575,B_resonant_held_w0p500_c0p575_s0p000_b0p500,B_resonant_held_w0p500_c0p575_s0p000_b0p750,0.9845500422195655,True,-0.5949195164534468,0.7250711575972827,0.5807160417728502
A_sustain_0.0_to_1.0,resonant_held,0.5,0.575,A_resonant_held_w0p500_c0p575_s0p000_b0p500,A_resonant_held_w0p500_c0p575_s1p000_b0p500,0.588453398417189,True,-0.4187367188907646,0.42858933265388044,0.2876107569427553
B_bend_0.25_to_0.75,resonant_held,0.5,0.575,B_resonant_held_w0p500_c0p575_s0p000_b0p250,B_resonant_held_w0p500_c0p575_s0p000_b0p750,1.170388626289837,True,-0.0007810324454448796,0.8344221904062319,0.0017858415870191807
architecture_sustain_removal_only,resonant_held,0.5,0.575,A_resonant_held_w0p500_c0p575_s0p400_b0p500,B_resonant_held_w0p500_c0p575_s0p000_b0p500,0.30588631334230887,True,0.602497023325806,0.22036525994658523,0.14546621272468224
A_sustain_0.0_to_0.4,resonant_held,0.5,0.85,A_resonant_held_w0p500_c0p850_s0p000_b0p500,A_resonant_held_w0p500_c0p850_s0p400_b0p500,0.20451794317242206,True,-0.0336087549306135,0.14609879556856992,0.07084689801187938
B_bend_0.25_to_0.5,resonant_held,0.5,0.85,B_resonant_held_w0p500_c0p850_s0p000_b0p250,B_resonant_held_w0p500_c0p850_s0p000_b0p500,0.8492407591060506,True,-0.022271901128368615,0.6063611889764434,0.3976355067418852
A_sustain_0.4_to_1.0,resonant_held,0.5,0.85,A_resonant_held_w0p500_c0p850_s0p400_b0p500,A_resonant_held_w0p500_c0p850_s1p000_b0p500,0.21917652471469173,True,-0.03985303287743118,0.15662030090621706,0.07973119215894003
B_bend_0.5_to_0.75,resonant_held,0.5,0.85,B_resonant_held_w0p500_c0p850_s0p000_b0p500,B_resonant_held_w0p500_c0p850_s0p000_b0p750,0.8507297991597684,True,0.011728610385795613,0.6070658603820108,0.3984726620822015
A_sustain_0.0_to_1.0,resonant_held,0.5,0.85,A_resonant_held_w0p500_c0p850_s0p000_b0p500,A_resonant_held_w0p500_c0p850_s1p000_b0p500,0.272374342115707,True,-0.07346178780804467,0.19496082242209525,0.11267807652688791
B_bend_0.25_to_0.75,resonant_held,0.5,0.85,B_resonant_held_w0p500_c0p850_s0p000_b0p250,B_resonant_held_w0p500_c0p850_s0p000_b0p750,1.1742144401290469,True,-0.01054329074257336,0.8378311242865946,0.006579984306285728
architecture_sustain_removal_only,resonant_held,0.5,0.85,A_resonant_held_w0p500_c0p850_s0p400_b0p500,B_resonant_held_w0p500_c0p850_s0p000_b0p500,0.2045179496576993,True,0.03360873096602026,0.14609879993237185,0.0708468991666546
A_sustain_0.0_to_0.4,resonant_held,1.0,0.3,A_resonant_held_w1p000_c0p300_s0p000_b0p500,A_resonant_held_w1p000_c0p300_s0p400_b0p500,0.2467261939300028,True,1.4499616166578824,0.14819484463073063,0.011906700201056324
B_bend_0.25_to_0.5,resonant_held,1.0,0.3,B_resonant_held_w1p000_c0p300_s0p000_b0p250,B_resonant_held_w1p000_c0p300_s0p000_b0p500,0.9587880038265921,True,1.1862849089899272,0.7209610637167584,0.01227369739271837
A_sustain_0.4_to_1.0,resonant_held,1.0,0.3,A_resonant_held_w1p000_c0p300_s0p400_b0p500,A_resonant_held_w1p000_c0p300_s1p000_b0p500,0.5152372897887905,True,4.660803404409793,0.2822397993868,0.029106863969429103
B_bend_0.5_to_0.75,resonant_held,1.0,0.3,B_resonant_held_w1p000_c0p300_s0p000_b0p500,B_resonant_held_w1p000_c0p300_s0p000_b0p750,1.07211445797056,True,-0.7633817602975059,0.7913355751505327,0.008494607389036868
A_sustain_0.0_to_1.0,resonant_held,1.0,0.3,A_resonant_held_w1p000_c0p300_s0p000_b0p500,A_resonant_held_w1p000_c0p300_s1p000_b0p500,0.6565790533524185,True,6.1107650210676745,0.4219697623732565,0.04091636621541044
B_bend_0.25_to_0.75,resonant_held,1.0,0.3,B_resonant_held_w1p000_c0p300_s0p000_b0p250,B_resonant_held_w1p000_c0p300_s0p000_b0p750,1.6378584278523516,True,0.42290314869242224,1.1889595468002203,0.004944578101348263
architecture_sustain_removal_only,resonant_held,1.0,0.3,A_resonant_held_w1p000_c0p300_s0p400_b0p500,B_resonant_held_w1p000_c0p300_s0p000_b0p500,0.2467261858922757,True,-1.4499609582323507,0.14819487015047422,0.011906727588841929
A_sustain_0.0_to_0.4,resonant_held,1.0,0.575,A_resonant_held_w1p000_c0p575_s0p000_b0p500,A_resonant_held_w1p000_c0p575_s0p400_b0p500,0.7035486405599759,True,0.13843214937344106,0.5055294038375784,0.25470609705829433
B_bend_0.25_to_0.5,resonant_held,1.0,0.575,B_resonant_held_w1p000_c0p575_s0p000_b0p250,B_resonant_held_w1p000_c0p575_s0p000_b0p500,1.6567845778785746,True,1.1604736404758629,1.2593650223401187,0.07980953331341925
A_sustain_0.4_to_1.0,resonant_held,1.0,0.575,A_resonant_held_w1p000_c0p575_s0p400_b0p500,A_resonant_held_w1p000_c0p575_s1p000_b0p500,0.7597614296443381,True,-0.5645721627113053,0.5577140219415465,0.3121856690695548
B_bend_0.5_to_0.75,resonant_held,1.0,0.575,B_resonant_held_w1p000_c0p575_s0p000_b0p500,B_resonant_held_w1p000_c0p575_s0p000_b0p750,1.671029427317393,True,-0.5018660323004976,1.225746819310497,0.04008028823236851
A_sustain_0.0_to_1.0,resonant_held,1.0,0.575,A_resonant_held_w1p000_c0p575_s0p000_b0p500,A_resonant_held_w1p000_c0p575_s1p000_b0p500,0.9227011491438878,True,-0.4261400133378643,0.6733653558492896,0.35745784892042476
B_bend_0.25_to_0.75,resonant_held,1.0,0.575,B_resonant_held_w1p000_c0p575_s0p000_b0p250,B_resonant_held_w1p000_c0p575_s0p000_b0p750,1.2743555082738995,True,0.6586076081753647,0.9422607718364995,0.04066522892567282
architecture_sustain_removal_only,resonant_held,1.0,0.575,A_resonant_held_w1p000_c0p575_s0p400_b0p500,B_resonant_held_w1p000_c0p575_s0p000_b0p500,0.7035486435115604,True,-0.1384321220670161,0.5055294058117497,0.25470610396409915
A_sustain_0.0_to_0.4,resonant_held,1.0,0.85,A_resonant_held_w1p000_c0p850_s0p000_b0p500,A_resonant_held_w1p000_c0p850_s0p400_b0p500,0.31338051863621547,True,-0.07209986724494259,0.22426300386655237,0.10414824299953625
B_bend_0.25_to_0.5,resonant_held,1.0,0.85,B_resonant_held_w1p000_c0p850_s0p000_b0p250,B_resonant_held_w1p000_c0p850_s0p000_b0p500,1.4188126501963765,True,0.798802194703453,1.057040703441862,0.23792626820943563
A_sustain_0.4_to_1.0,resonant_held,1.0,0.85,A_resonant_held_w1p000_c0p850_s0p400_b0p500,A_resonant_held_w1p000_c0p850_s1p000_b0p500,0.32177406173081474,True,-0.0824836630292594,0.23039318361398842,0.11877641702978159
B_bend_0.5_to_0.75,resonant_held,1.0,0.85,B_resonant_held_w1p000_c0p850_s0p000_b0p500,B_resonant_held_w1p000_c0p850_s0p000_b0p750,1.449666112173792,True,-0.40244119496224484,1.057188180054445,0.17778732658685653
A_sustain_0.0_to_1.0,resonant_held,1.0,0.85,A_resonant_held_w1p000_c0p850_s0p000_b0p500,A_resonant_held_w1p000_c0p850_s1p000_b0p500,0.40207262772534363,True,-0.1545835302742025,0.28892476981885523,0.16617993530466896
B_bend_0.25_to_0.75,resonant_held,1.0,0.85,B_resonant_held_w1p000_c0p850_s0p000_b0p250,B_resonant_held_w1p000_c0p850_s0p000_b0p750,1.440112828543475,True,0.39636099974120853,1.050064478995425,0.1966866340859883
architecture_sustain_removal_only,resonant_held,1.0,0.85,A_resonant_held_w1p000_c0p850_s0p400_b0p500,B_resonant_held_w1p000_c0p850_s0p000_b0p500,0.3133805401213204,True,0.07209985497967189,0.2242630186011642,0.10414824810051092
A_sustain_0.0_to_0.4,driven_pluck,0.0,0.3,A_driven_pluck_w0p000_c0p300_s0p000_b0p500,A_driven_pluck_w0p000_c0p300_s0p400_b0p500,0.17371895496329168,True,0.5157577709994323,0.11936637917592742,0.0256391005208076
B_bend_0.25_to_0.5,driven_pluck,0.0,0.3,B_driven_pluck_w0p000_c0p300_s0p000_b0p250,B_driven_pluck_w0p000_c0p300_s0p000_b0p500,0.8491324853653395,True,0.33323686093924654,0.6114648800322577,0.07897844165055856
A_sustain_0.4_to_1.0,driven_pluck,0.0,0.3,A_driven_pluck_w0p000_c0p300_s0p400_b0p500,A_driven_pluck_w0p000_c0p300_s1p000_b0p500,0.3180908487395679,True,0.9805945969058077,0.224192077201361,0.03395325540312767
B_bend_0.5_to_0.75,driven_pluck,0.0,0.3,B_driven_pluck_w0p000_c0p300_s0p000_b0p500,B_driven_pluck_w0p000_c0p300_s0p000_b0p750,0.6952955625090189,True,-0.01731907780747377,0.4921445032116869,0.08189228031507413
A_sustain_0.0_to_1.0,driven_pluck,0.0,0.3,A_driven_pluck_w0p000_c0p300_s0p000_b0p500,A_driven_pluck_w0p000_c0p300_s1p000_b0p500,0.4468006561641727,True,1.4963523679052402,0.3220466331812019,0.058586244467682506
B_bend_0.25_to_0.75,driven_pluck,0.0,0.3,B_driven_pluck_w0p000_c0p300_s0p000_b0p250,B_driven_pluck_w0p000_c0p300_s0p000_b0p750,1.3608118101194764,True,0.3159177831317729,0.9796313215172521,0.01356835516204654
architecture_sustain_removal_only,driven_pluck,0.0,0.3,A_driven_pluck_w0p000_c0p300_s0p400_b0p500,B_driven_pluck_w0p000_c0p300_s0p000_b0p500,0.1737189514361806,True,-0.5157580041928873,0.11936637630559976,0.025639097907409748
A_sustain_0.0_to_0.4,driven_pluck,0.0,0.575,A_driven_pluck_w0p000_c0p575_s0p000_b0p500,A_driven_pluck_w0p000_c0p575_s0p400_b0p500,0.10341221219317968,True,0.1740534439736965,0.07250103830398627,0.01845411932715832
B_bend_0.25_to_0.5,driven_pluck,0.0,0.575,B_driven_pluck_w0p000_c0p575_s0p000_b0p250,B_driven_pluck_w0p000_c0p575_s0p000_b0p500,0.8028067003589073,True,0.36411343758512454,0.5790441432509384,0.24210396894852515
A_sustain_0.4_to_1.0,driven_pluck,0.0,0.575,A_driven_pluck_w0p000_c0p575_s0p400_b0p500,A_driven_pluck_w0p000_c0p575_s1p000_b0p500,0.10129718638852367,True,0.14240123798063328,0.07129456038113424,0.012194490823821565
B_bend_0.5_to_0.75,driven_pluck,0.0,0.575,B_driven_pluck_w0p000_c0p575_s0p000_b0p500,B_driven_pluck_w0p000_c0p575_s0p000_b0p750,0.7104819894586855,True,-0.3393626375588856,0.5116465754114576,0.1966441437979357
A_sustain_0.0_to_1.0,driven_pluck,0.0,0.575,A_driven_pluck_w0p000_c0p575_s0p000_b0p500,A_driven_pluck_w0p000_c0p575_s1p000_b0p500,0.20028574714209257,True,0.31645468195433013,0.1419337569706074,0.030184782807297215
B_bend_0.25_to_0.75,driven_pluck,0.0,0.575,B_driven_pluck_w0p000_c0p575_s0p000_b0p250,B_driven_pluck_w0p000_c0p575_s0p000_b0p750,1.317896851659469,True,0.024750800026240045,0.9333784095731115,0.05005174952944342
architecture_sustain_removal_only,driven_pluck,0.0,0.575,A_driven_pluck_w0p000_c0p575_s0p400_b0p500,B_driven_pluck_w0p000_c0p575_s0p000_b0p500,0.10341221301706402,True,-0.17405344100819664,0.07250103897667601,0.018454120290469733
A_sustain_0.0_to_0.4,driven_pluck,0.0,0.85,A_driven_pluck_w0p000_c0p850_s0p000_b0p500,A_driven_pluck_w0p000_c0p850_s0p400_b0p500,0.022024208248951127,True,0.026616216930028927,0.015448955247565045,0.0012074674987956246
B_bend_0.25_to_0.5,driven_pluck,0.0,0.85,B_driven_pluck_w0p000_c0p850_s0p000_b0p250,B_driven_pluck_w0p000_c0p850_s0p000_b0p500,0.8149798567855997,True,0.35075055922177045,0.5874480828355418,0.25769589293869966
A_sustain_0.4_to_1.0,driven_pluck,0.0,0.85,A_driven_pluck_w0p000_c0p850_s0p400_b0p500,A_driven_pluck_w0p000_c0p850_s1p000_b0p500,0.026019296545094425,True,0.031163857481190965,0.018259409987841275,0.0013873292427659652
B_bend_0.5_to_0.75,driven_pluck,0.0,0.85,B_driven_pluck_w0p000_c0p850_s0p000_b0p500,B_driven_pluck_w0p000_c0p850_s0p000_b0p750,0.7374359335512898,True,-0.2640967657103034,0.5290966180085627,0.24936780370614575
A_sustain_0.0_to_1.0,driven_pluck,0.0,0.85,A_driven_pluck_w0p000_c0p850_s0p000_b0p500,A_driven_pluck_w0p000_c0p850_s1p000_b0p500,0.047855941793260554,True,0.05778007441122111,0.033630818069102904,0.0025258862461099473
B_bend_0.25_to_0.75,driven_pluck,0.0,0.85,B_driven_pluck_w0p000_c0p850_s0p000_b0p250,B_driven_pluck_w0p000_c0p850_s0p000_b0p750,1.3055870143751511,True,0.08665379351146639,0.9279591409492427,0.01810021571166443
architecture_sustain_removal_only,driven_pluck,0.0,0.85,A_driven_pluck_w0p000_c0p850_s0p400_b0p500,B_driven_pluck_w0p000_c0p850_s0p000_b0p500,0.022024206750745172,True,-0.026616247765313652,0.015448953384295956,0.001207465557995626
A_sustain_0.0_to_0.4,driven_pluck,0.5,0.3,A_driven_pluck_w0p500_c0p300_s0p000_b0p500,A_driven_pluck_w0p500_c0p300_s0p400_b0p500,0.1592456940453595,True,0.5115391036184942,0.10822846717810058,0.021021035444750192
B_bend_0.25_to_0.5,driven_pluck,0.5,0.3,B_driven_pluck_w0p500_c0p300_s0p000_b0p250,B_driven_pluck_w0p500_c0p300_s0p000_b0p500,0.8896600703470671,True,0.03218542864440832,0.6302562513637899,0.12999113544753346
A_sustain_0.4_to_1.0,driven_pluck,0.5,0.3,A_driven_pluck_w0p500_c0p300_s0p400_b0p500,A_driven_pluck_w0p500_c0p300_s1p000_b0p500,0.28278173908388465,True,0.9697305331672729,0.19613249138253816,0.030620658975905386
B_bend_0.5_to_0.75,driven_pluck,0.5,0.3,B_driven_pluck_w0p500_c0p300_s0p000_b0p500,B_driven_pluck_w0p500_c0p300_s0p000_b0p750,0.6908767035642149,True,0.43899715666341205,0.499792703999525,0.13031950872780085
A_sustain_0.0_to_1.0,driven_pluck,0.5,0.3,A_driven_pluck_w0p500_c0p300_s0p000_b0p500,A_driven_pluck_w0p500_c0p300_s1p000_b0p500,0.40842181194585936,True,1.4812696367857665,0.29041317994504207,0.05047438146463258
B_bend_0.25_to_0.75,driven_pluck,0.5,0.3,B_driven_pluck_w0p500_c0p300_s0p000_b0p250,B_driven_pluck_w0p500_c0p300_s0p000_b0p750,1.3411727652805732,True,0.47118258530782,0.9737615434312189,0.003976100353935175
architecture_sustain_removal_only,driven_pluck,0.5,0.3,A_driven_pluck_w0p500_c0p300_s0p400_b0p500,B_driven_pluck_w0p500_c0p300_s0p000_b0p500,0.15924571984965272,True,-0.5115392699521705,0.1082284867899684,0.021021029745637455
A_sustain_0.0_to_0.4,driven_pluck,0.5,0.575,A_driven_pluck_w0p500_c0p575_s0p000_b0p500,A_driven_pluck_w0p500_c0p575_s0p400_b0p500,0.12145250335273303,True,0.24117860447309708,0.08485382820426068,0.04070385309976237
B_bend_0.25_to_0.5,driven_pluck,0.5,0.575,B_driven_pluck_w0p500_c0p575_s0p000_b0p250,B_driven_pluck_w0p500_c0p575_s0p000_b0p500,0.8084930761060325,True,0.25659795054315937,0.5799362176364921,0.3113027506870068
A_sustain_0.4_to_1.0,driven_pluck,0.5,0.575,A_driven_pluck_w0p500_c0p575_s0p400_b0p500,A_driven_pluck_w0p500_c0p575_s1p000_b0p500,0.1451714404798769,True,0.25480152463362427,0.10210291990157541,0.05314432402636152
B_bend_0.5_to_0.75,driven_pluck,0.5,0.575,B_driven_pluck_w0p500_c0p575_s0p000_b0p500,B_driven_pluck_w0p500_c0p575_s0p000_b0p750,0.7052324988165385,True,-0.04639354394352384,0.5000921674518368,0.31110255066776327
A_sustain_0.0_to_1.0,driven_pluck,0.5,0.575,A_driven_pluck_w0p500_c0p575_s0p000_b0p500,A_driven_pluck_w0p500_c0p575_s1p000_b0p500,0.25683284845893917,True,0.495980129106722,0.1824890567609984,0.09242332081695542
B_bend_0.25_to_0.75,driven_pluck,0.5,0.575,B_driven_pluck_w0p500_c0p575_s0p000_b0p250,B_driven_pluck_w0p500_c0p575_s0p000_b0p750,1.2104465293164113,True,0.21020440659963469,0.8663287860601375,0.00227194297305771
architecture_sustain_removal_only,driven_pluck,0.5,0.575,A_driven_pluck_w0p500_c0p575_s0p400_b0p500,B_driven_pluck_w0p500_c0p575_s0p000_b0p500,0.12145251800031882,True,-0.2411785073300462,0.08485384106357566,0.04070385251565357
A_sustain_0.0_to_0.4,driven_pluck,0.5,0.85,A_driven_pluck_w0p500_c0p850_s0p000_b0p500,A_driven_pluck_w0p500_c0p850_s0p400_b0p500,0.05154913295455631,True,0.06493443738490758,0.03621126370963167,0.018028189165389282
B_bend_0.25_to_0.5,driven_pluck,0.5,0.85,B_driven_pluck_w0p500_c0p850_s0p000_b0p250,B_driven_pluck_w0p500_c0p850_s0p000_b0p500,0.8444167250866266,True,0.15668932759676954,0.6025005828671656,0.40216403658092165
A_sustain_0.4_to_1.0,driven_pluck,0.5,0.85,A_driven_pluck_w0p500_c0p850_s0p400_b0p500,A_driven_pluck_w0p500_c0p850_s1p000_b0p500,0.06562898154220018,True,0.07754679912664733,0.04619506127365262,0.02092490696776225
B_bend_0.5_to_0.75,driven_pluck,0.5,0.85,B_driven_pluck_w0p500_c0p850_s0p000_b0p500,B_driven_pluck_w0p500_c0p850_s0p000_b0p750,0.7506880370736663,True,-0.02744563691458135,0.5317683213130261,0.40252150001616516
A_sustain_0.0_to_1.0,driven_pluck,0.5,0.85,A_driven_pluck_w0p500_c0p850_s0p000_b0p500,A_driven_pluck_w0p500_c0p850_s1p000_b0p500,0.11447955379418744,True,0.1424812365115555,0.08080525467098787,0.03849321442430007
B_bend_0.25_to_0.75,driven_pluck,0.5,0.85,B_driven_pluck_w0p500_c0p850_s0p000_b0p250,B_driven_pluck_w0p500_c0p850_s0p000_b0p750,1.1800616958028936,True,0.12924369068218816,0.8407801229143481,0.0043697444833658335
architecture_sustain_removal_only,driven_pluck,0.5,0.85,A_driven_pluck_w0p500_c0p850_s0p400_b0p500,B_driven_pluck_w0p500_c0p850_s0p000_b0p500,0.05154916129866002,True,-0.0649343594047889,0.036211283778760366,0.018028189008259397
A_sustain_0.0_to_0.4,driven_pluck,1.0,0.3,A_driven_pluck_w1p000_c0p300_s0p000_b0p500,A_driven_pluck_w1p000_c0p300_s0p400_b0p500,0.11592797478055855,True,0.22549215442504544,0.0809980576146536,0.04005394223355196
B_bend_0.25_to_0.5,driven_pluck,1.0,0.3,B_driven_pluck_w1p000_c0p300_s0p000_b0p250,B_driven_pluck_w1p000_c0p300_s0p000_b0p500,0.7286438056530085,True,0.11629953377626186,0.5186633780728643,0.028912816218141058
A_sustain_0.4_to_1.0,driven_pluck,1.0,0.3,A_driven_pluck_w1p000_c0p300_s0p400_b0p500,A_driven_pluck_w1p000_c0p300_s1p000_b0p500,0.2288414670884731,True,0.44564590913350904,0.16202862572389845,0.09321826222604596
B_bend_0.5_to_0.75,driven_pluck,1.0,0.3,B_driven_pluck_w1p000_c0p300_s0p000_b0p500,B_driven_pluck_w1p000_c0p300_s0p000_b0p750,0.7513248122930667,True,0.16030135415235056,0.5361092663527519,0.013585866491483228
A_sustain_0.0_to_1.0,driven_pluck,1.0,0.3,A_driven_pluck_w1p000_c0p300_s0p000_b0p500,A_driven_pluck_w1p000_c0p300_s1p000_b0p500,0.3100344878387007,True,0.671138063558554,0.22124245789366803,0.12343928552065478
B_bend_0.25_to_0.75,driven_pluck,1.0,0.3,B_driven_pluck_w1p000_c0p300_s0p000_b0p250,B_driven_pluck_w1p000_c0p300_s0p000_b0p750,0.7813751995831977,True,0.2766008879286125,0.5610118890889678,0.016347449921433537
architecture_sustain_removal_only,driven_pluck,1.0,0.3,A_driven_pluck_w1p000_c0p300_s0p400_b0p500,B_driven_pluck_w1p000_c0p300_s0p000_b0p500,0.11592799651785646,True,-0.22549216049058854,0.0809980737391097,0.04005394554434805
A_sustain_0.0_to_0.4,driven_pluck,1.0,0.575,A_driven_pluck_w1p000_c0p575_s0p000_b0p500,A_driven_pluck_w1p000_c0p575_s0p400_b0p500,0.1520474048057457,True,0.2364836148231614,0.10729549454621012,0.08797420689585947
B_bend_0.25_to_0.5,driven_pluck,1.0,0.575,B_driven_pluck_w1p000_c0p575_s0p000_b0p250,B_driven_pluck_w1p000_c0p575_s0p000_b0p500,1.0168715340578256,True,0.4290766731787612,0.7363424009065138,0.0722747073221548
A_sustain_0.4_to_1.0,driven_pluck,1.0,0.575,A_driven_pluck_w1p000_c0p575_s0p400_b0p500,A_driven_pluck_w1p000_c0p575_s1p000_b0p500,0.19414215006334104,True,0.30969117311206323,0.13748419981405524,0.09012236843680725
B_bend_0.5_to_0.75,driven_pluck,1.0,0.575,B_driven_pluck_w1p000_c0p575_s0p000_b0p500,B_driven_pluck_w1p000_c0p575_s0p000_b0p750,1.0547588036658715,True,-0.14641275258636607,0.7522003728131811,0.03599861802319802
A_sustain_0.0_to_1.0,driven_pluck,1.0,0.575,A_driven_pluck_w1p000_c0p575_s0p000_b0p500,A_driven_pluck_w1p000_c0p575_s1p000_b0p500,0.32164377214461193,True,0.5461747879352251,0.23049747315902774,0.16976261935123316
B_bend_0.25_to_0.75,driven_pluck,1.0,0.575,B_driven_pluck_w1p000_c0p575_s0p000_b0p250,B_driven_pluck_w1p000_c0p575_s0p000_b0p750,0.9553631041547567,True,0.28266392059239603,0.6863820140807816,0.03814970022201301
architecture_sustain_removal_only,driven_pluck,1.0,0.575,A_driven_pluck_w1p000_c0p575_s0p400_b0p500,B_driven_pluck_w1p000_c0p575_s0p000_b0p500,0.15204741526499857,True,-0.2364836438848783,0.10729550183055524,0.08797421077366972
A_sustain_0.0_to_0.4,driven_pluck,1.0,0.85,A_driven_pluck_w1p000_c0p850_s0p000_b0p500,A_driven_pluck_w1p000_c0p850_s0p400_b0p500,0.07151058421797785,True,0.08820604168284578,0.050323599965676064,0.026082727482770948
B_bend_0.25_to_0.5,driven_pluck,1.0,0.85,B_driven_pluck_w1p000_c0p850_s0p000_b0p250,B_driven_pluck_w1p000_c0p850_s0p000_b0p500,1.186526308476643,True,0.47538199012500504,0.8615860894309862,0.1824333811246413
A_sustain_0.4_to_1.0,driven_pluck,1.0,0.85,A_driven_pluck_w1p000_c0p850_s0p400_b0p500,A_driven_pluck_w1p000_c0p850_s1p000_b0p500,0.0914693993822828,True,0.10520538050040308,0.06451873993137794,0.02951449781297343
B_bend_0.5_to_0.75,driven_pluck,1.0,0.85,B_driven_pluck_w1p000_c0p850_s0p000_b0p500,B_driven_pluck_w1p000_c0p850_s0p000_b0p750,1.1892253707942384,True,-0.26085744142282813,0.8535443078065156,0.10266720916574866
A_sustain_0.0_to_1.0,driven_pluck,1.0,0.85,A_driven_pluck_w1p000_c0p850_s0p000_b0p500,A_driven_pluck_w1p000_c0p850_s1p000_b0p500,0.1560236461585411,True,0.19341142218324947,0.11046658451451612,0.05367602111873942
B_bend_0.25_to_0.75,driven_pluck,1.0,0.85,B_driven_pluck_w1p000_c0p850_s0p000_b0p250,B_driven_pluck_w1p000_c0p850_s0p000_b0p750,1.0952384407010078,True,0.21452454870217616,0.7840606018507384,0.11571132094850643
architecture_sustain_removal_only,driven_pluck,1.0,0.85,A_driven_pluck_w1p000_c0p850_s0p400_b0p500,B_driven_pluck_w1p000_c0p850_s0p000_b0p500,0.0715106149870664,True,-0.08820584420048147,0.05032362429809735,0.02608272675044045
A_sustain_0.0_to_0.4,resonant_driven_swell,0.0,0.3,A_resonant_driven_swell_w0p000_c0p300_s0p000_b0p500,A_resonant_driven_swell_w0p000_c0p300_s0p400_b0p500,0.3354247718687495,True,1.5296984674372307,0.22849472198313642,0.0037481292791282563
B_bend_0.25_to_0.5,resonant_driven_swell,0.0,0.3,B_resonant_driven_swell_w0p000_c0p300_s0p000_b0p250,B_resonant_driven_swell_w0p000_c0p300_s0p000_b0p500,0.7923642867943426,True,-0.3754254989625032,0.5788913948439601,0.040379412846872687
A_sustain_0.4_to_1.0,resonant_driven_swell,0.0,0.3,A_resonant_driven_swell_w0p000_c0p300_s0p400_b0p500,A_resonant_driven_swell_w0p000_c0p300_s1p000_b0p500,0.6328315416892428,True,2.582381348383502,0.4807290487106381,0.008356072503496712
B_bend_0.5_to_0.75,resonant_driven_swell,0.0,0.3,B_resonant_driven_swell_w0p000_c0p300_s0p000_b0p500,B_resonant_driven_swell_w0p000_c0p300_s0p000_b0p750,0.789561116902104,True,0.728531750061113,0.5889739242884836,0.05553741914408104
A_sustain_0.0_to_1.0,resonant_driven_swell,0.0,0.3,A_resonant_driven_swell_w0p000_c0p300_s0p000_b0p500,A_resonant_driven_swell_w0p000_c0p300_s1p000_b0p500,0.791455904402492,True,4.112079815820733,0.6311376486279165,0.012095776926306015
B_bend_0.25_to_0.75,resonant_driven_swell,0.0,0.3,B_resonant_driven_swell_w0p000_c0p300_s0p000_b0p250,B_resonant_driven_swell_w0p000_c0p300_s0p000_b0p750,1.442621751271988,True,0.3531062510986091,1.0593562695806986,0.021076050253382456
architecture_sustain_removal_only,resonant_driven_swell,0.0,0.3,A_resonant_driven_swell_w0p000_c0p300_s0p400_b0p500,B_resonant_driven_swell_w0p000_c0p300_s0p000_b0p500,0.33542477930203596,True,-1.529698464057656,0.22849472880795643,0.003748129730215046
A_sustain_0.0_to_0.4,resonant_driven_swell,0.0,0.575,A_resonant_driven_swell_w0p000_c0p575_s0p000_b0p500,A_resonant_driven_swell_w0p000_c0p575_s0p400_b0p500,0.06148580806679031,True,-0.08085440236362884,0.04504174852938802,0.011381211602934626
B_bend_0.25_to_0.5,resonant_driven_swell,0.0,0.575,B_resonant_driven_swell_w0p000_c0p575_s0p000_b0p250,B_resonant_driven_swell_w0p000_c0p575_s0p000_b0p500,0.8246073551739995,True,0.18142709500809912,0.6143962638061011,0.2591952460671056
A_sustain_0.4_to_1.0,resonant_driven_swell,0.0,0.575,A_resonant_driven_swell_w0p000_c0p575_s0p400_b0p500,A_resonant_driven_swell_w0p000_c0p575_s1p000_b0p500,0.04790329059944759,True,-0.0028064156071533346,0.03533419534030909,0.019480501414557108
B_bend_0.5_to_0.75,resonant_driven_swell,0.0,0.575,B_resonant_driven_swell_w0p000_c0p575_s0p000_b0p500,B_resonant_driven_swell_w0p000_c0p575_s0p000_b0p750,0.7973566829394391,True,-0.37675992935384894,0.6000874535477941,0.19968490224550542
A_sustain_0.0_to_1.0,resonant_driven_swell,0.0,0.575,A_resonant_driven_swell_w0p000_c0p575_s0p000_b0p500,A_resonant_driven_swell_w0p000_c0p575_s1p000_b0p500,0.07843745440096733,True,-0.08366081797078208,0.05763994338357866,0.02571696616789256
B_bend_0.25_to_0.75,resonant_driven_swell,0.0,0.575,B_resonant_driven_swell_w0p000_c0p575_s0p000_b0p250,B_resonant_driven_swell_w0p000_c0p575_s0p000_b0p750,1.3945454922555212,True,-0.19533283434574955,1.0395020282042033,0.10935183937873416
architecture_sustain_removal_only,resonant_driven_swell,0.0,0.575,A_resonant_driven_swell_w0p000_c0p575_s0p400_b0p500,B_resonant_driven_swell_w0p000_c0p575_s0p000_b0p500,0.061485805202151474,True,0.08085441753128958,0.045041746400226824,0.01138121039758384
A_sustain_0.0_to_0.4,resonant_driven_swell,0.0,0.85,A_resonant_driven_swell_w0p000_c0p850_s0p000_b0p500,A_resonant_driven_swell_w0p000_c0p850_s0p400_b0p500,0.008105296737924204,True,0.053888053120455484,0.003940958763996893,0.0011639686929751812
B_bend_0.25_to_0.5,resonant_driven_swell,0.0,0.85,B_resonant_driven_swell_w0p000_c0p850_s0p000_b0p250,B_resonant_driven_swell_w0p000_c0p850_s0p000_b0p500,0.7925119373730112,True,0.21023981622632248,0.5900411974286781,0.2108582329209009
A_sustain_0.4_to_1.0,resonant_driven_swell,0.0,0.85,A_resonant_driven_swell_w0p000_c0p850_s0p400_b0p500,A_resonant_driven_swell_w0p000_c0p850_s1p000_b0p500,0.009516293035068908,True,0.06356575243852075,0.004528631113712182,0.0012622725873354251
B_bend_0.5_to_0.75,resonant_driven_swell,0.0,0.85,B_resonant_driven_swell_w0p000_c0p850_s0p000_b0p500,B_resonant_driven_swell_w0p000_c0p850_s0p000_b0p750,0.7905508348836607,True,-0.21467516626254196,0.5887197730399668,0.2041240507846484
A_sustain_0.0_to_1.0,resonant_driven_swell,0.0,0.85,A_resonant_driven_swell_w0p000_c0p850_s0p000_b0p500,A_resonant_driven_swell_w0p000_c0p850_s1p000_b0p500,0.01755094228070828,True,0.11745380555897716,0.00845666629738894,0.0024244538150967865
B_bend_0.25_to_0.75,resonant_driven_swell,0.0,0.85,B_resonant_driven_swell_w0p000_c0p850_s0p000_b0p250,B_resonant_driven_swell_w0p000_c0p850_s0p000_b0p750,1.3971857936402656,True,-0.004435350036219662,1.028454837780271,0.02944396284773264
architecture_sustain_removal_only,resonant_driven_swell,0.0,0.85,A_resonant_driven_swell_w0p000_c0p850_s0p400_b0p500,B_resonant_driven_swell_w0p000_c0p850_s0p000_b0p500,0.008105298459421435,True,-0.05388807336716493,0.003940958934415497,0.0011639688960136364
A_sustain_0.0_to_0.4,resonant_driven_swell,0.5,0.3,A_resonant_driven_swell_w0p500_c0p300_s0p000_b0p500,A_resonant_driven_swell_w0p500_c0p300_s0p400_b0p500,0.29960221322223,True,1.5049562745157863,0.19688632095019382,0.004080257866194849
B_bend_0.25_to_0.5,resonant_driven_swell,0.5,0.3,B_resonant_driven_swell_w0p500_c0p300_s0p000_b0p250,B_resonant_driven_swell_w0p500_c0p300_s0p000_b0p500,0.8384089746389101,True,-1.8553865363463717,0.6546390649343331,0.10651299421468928
A_sustain_0.4_to_1.0,resonant_driven_swell,0.5,0.3,A_resonant_driven_swell_w0p500_c0p300_s0p400_b0p500,A_resonant_driven_swell_w0p500_c0p300_s1p000_b0p500,0.4683313954708417,True,2.5373790253237423,0.3257832708397496,0.01013200586246122
B_bend_0.5_to_0.75,resonant_driven_swell,0.5,0.3,B_resonant_driven_swell_w0p500_c0p300_s0p000_b0p500,B_resonant_driven_swell_w0p500_c0p300_s0p000_b0p750,0.8228949385414885,True,1.8671715772767241,0.6421423925040572,0.1068502800518992
A_sustain_0.0_to_1.0,resonant_driven_swell,0.5,0.3,A_resonant_driven_swell_w0p500_c0p300_s0p000_b0p500,A_resonant_driven_swell_w0p500_c0p300_s1p000_b0p500,0.6579446638336254,True,4.042335299839529,0.48925856639636,0.014182711183521166
B_bend_0.25_to_0.75,resonant_driven_swell,0.5,0.3,B_resonant_driven_swell_w0p500_c0p300_s0p000_b0p250,B_resonant_driven_swell_w0p500_c0p300_s0p000_b0p750,1.594039939217433,True,0.0117850409303519,1.154034782994161,0.0005979893331798713
architecture_sustain_removal_only,resonant_driven_swell,0.5,0.3,A_resonant_driven_swell_w0p500_c0p300_s0p400_b0p500,B_resonant_driven_swell_w0p500_c0p300_s0p000_b0p500,0.29960221489303807,True,-1.5049562683478255,0.19688632256277458,0.004080257799844106
A_sustain_0.0_to_0.4,resonant_driven_swell,0.5,0.575,A_resonant_driven_swell_w0p500_c0p575_s0p000_b0p500,A_resonant_driven_swell_w0p500_c0p575_s0p400_b0p500,0.12054128212483019,True,0.15462789662290372,0.08837235304322769,0.022513414568132963
B_bend_0.25_to_0.5,resonant_driven_swell,0.5,0.575,B_resonant_driven_swell_w0p500_c0p575_s0p000_b0p250,B_resonant_driven_swell_w0p500_c0p575_s0p000_b0p500,0.8035338113048539,True,-0.0012358163666050532,0.5903037783335573,0.37582619493445873
A_sustain_0.4_to_1.0,resonant_driven_swell,0.5,0.575,A_resonant_driven_swell_w0p500_c0p575_s0p400_b0p500,A_resonant_driven_swell_w0p500_c0p575_s1p000_b0p500,0.1447272130433832,True,0.17752704481619314,0.10634246414397527,0.028570404848891194
B_bend_0.5_to_0.75,resonant_driven_swell,0.5,0.575,B_resonant_driven_swell_w0p500_c0p575_s0p000_b0p500,B_resonant_driven_swell_w0p500_c0p575_s0p000_b0p750,0.8030129134907917,True,0.0011041875066354501,0.5898872883174928,0.3758404634496439
A_sustain_0.0_to_1.0,resonant_driven_swell,0.5,0.575,A_resonant_driven_swell_w0p500_c0p575_s0p000_b0p500,A_resonant_driven_swell_w0p500_c0p575_s1p000_b0p500,0.2530386454345895,True,0.3321549414390963,0.18735846898634437,0.04959759292054087
B_bend_0.25_to_0.75,resonant_driven_swell,0.5,0.575,B_resonant_driven_swell_w0p500_c0p575_s0p000_b0p250,B_resonant_driven_swell_w0p500_c0p575_s0p000_b0p750,1.206882448250487,True,-0.00013162885997049993,0.886561327274285,0.0026528014033088735
architecture_sustain_removal_only,resonant_driven_swell,0.5,0.575,A_resonant_driven_swell_w0p500_c0p575_s0p400_b0p500,B_resonant_driven_swell_w0p500_c0p575_s0p000_b0p500,0.12054128215898814,True,-0.15462791709780951,0.08837235290293873,0.022513414967848033
A_sustain_0.0_to_0.4,resonant_driven_swell,0.5,0.85,A_resonant_driven_swell_w0p500_c0p850_s0p000_b0p500,A_resonant_driven_swell_w0p500_c0p850_s0p400_b0p500,0.044499437886317564,True,0.0772148295661539,0.03223547413673566,0.007922803727697127
B_bend_0.25_to_0.5,resonant_driven_swell,0.5,0.85,B_resonant_driven_swell_w0p500_c0p850_s0p000_b0p250,B_resonant_driven_swell_w0p500_c0p850_s0p000_b0p500,0.8320094527973639,True,5.1610638447531986e-05,0.6120589799778061,0.40826481808475684
A_sustain_0.4_to_1.0,resonant_driven_swell,0.5,0.85,A_resonant_driven_swell_w0p500_c0p850_s0p400_b0p500,A_resonant_driven_swell_w0p500_c0p850_s1p000_b0p500,0.056125164481278335,True,0.08785148569609078,0.04082023850116866,0.009486228164269727
B_bend_0.5_to_0.75,resonant_driven_swell,0.5,0.85,B_resonant_driven_swell_w0p500_c0p850_s0p000_b0p500,B_resonant_driven_swell_w0p500_c0p850_s0p000_b0p750,0.8320725115515918,True,-0.002484398118164779,0.6121910615278665,0.4097193280303365
A_sustain_0.0_to_1.0,resonant_driven_swell,0.5,0.85,A_resonant_driven_swell_w0p500_c0p850_s0p000_b0p500,A_resonant_driven_swell_w0p500_c0p850_s1p000_b0p500,0.0960866394689672,True,0.1650663152622456,0.06998372474595846,0.016861639715754804
B_bend_0.25_to_0.75,resonant_driven_swell,0.5,0.85,B_resonant_driven_swell_w0p500_c0p850_s0p000_b0p250,B_resonant_driven_swell_w0p500_c0p850_s0p000_b0p750,1.185615565682187,True,-0.0024327874797166714,0.8722922215044965,0.013142247919642957
architecture_sustain_removal_only,resonant_driven_swell,0.5,0.85,A_resonant_driven_swell_w0p500_c0p850_s0p400_b0p500,B_resonant_driven_swell_w0p500_c0p850_s0p000_b0p500,0.044499442752784654,True,-0.07721484110427548,0.032235477585495255,0.0079228031362195
A_sustain_0.0_to_0.4,resonant_driven_swell,1.0,0.3,A_resonant_driven_swell_w1p000_c0p300_s0p000_b0p500,A_resonant_driven_swell_w1p000_c0p300_s0p400_b0p500,0.3746786815295864,True,1.4388302839034248,0.2659303303989723,0.016522751365921143
B_bend_0.25_to_0.5,resonant_driven_swell,1.0,0.3,B_resonant_driven_swell_w1p000_c0p300_s0p000_b0p250,B_resonant_driven_swell_w1p000_c0p300_s0p000_b0p500,0.8209056039971874,True,-0.09308197485711057,0.5940535647929224,0.007697398138836589
A_sustain_0.4_to_1.0,resonant_driven_swell,1.0,0.3,A_resonant_driven_swell_w1p000_c0p300_s0p400_b0p500,A_resonant_driven_swell_w1p000_c0p300_s1p000_b0p500,1.0083201813239497,True,2.129190028533975,0.8005930903810016,0.016391757656919994
B_bend_0.5_to_0.75,resonant_driven_swell,1.0,0.3,B_resonant_driven_swell_w1p000_c0p300_s0p000_b0p500,B_resonant_driven_swell_w1p000_c0p300_s0p000_b0p750,0.8994444475625823,True,0.023514480413272157,0.6461391677184453,0.003452592232099096
A_sustain_0.0_to_1.0,resonant_driven_swell,1.0,0.3,A_resonant_driven_swell_w1p000_c0p300_s0p000_b0p500,A_resonant_driven_swell_w1p000_c0p300_s1p000_b0p500,0.9840540236212899,True,3.5680203124374006,0.8163392919120481,0.01496671244183808
B_bend_0.25_to_0.75,resonant_driven_swell,1.0,0.3,B_resonant_driven_swell_w1p000_c0p300_s0p000_b0p250,B_resonant_driven_swell_w1p000_c0p300_s0p000_b0p750,1.3886511403736344,True,-0.06956749444383718,1.003699833509196,0.004320296439774023
architecture_sustain_removal_only,resonant_driven_swell,1.0,0.3,A_resonant_driven_swell_w1p000_c0p300_s0p400_b0p500,B_resonant_driven_swell_w1p000_c0p300_s0p000_b0p500,0.3746786880920867,True,-1.438830323785531,0.2659303346000426,0.016522752767823643
A_sustain_0.0_to_0.4,resonant_driven_swell,1.0,0.575,A_resonant_driven_swell_w1p000_c0p575_s0p000_b0p500,A_resonant_driven_swell_w1p000_c0p575_s0p400_b0p500,0.5787225814834572,True,0.1690786525109071,0.42849674955396544,0.15563040598801697
B_bend_0.25_to_0.5,resonant_driven_swell,1.0,0.575,B_resonant_driven_swell_w1p000_c0p575_s0p000_b0p250,B_resonant_driven_swell_w1p000_c0p575_s0p000_b0p500,1.3831684704445537,True,0.7388066559989269,1.0594473147297676,0.12134615046876047
A_sustain_0.4_to_1.0,resonant_driven_swell,1.0,0.575,A_resonant_driven_swell_w1p000_c0p575_s0p400_b0p500,A_resonant_driven_swell_w1p000_c0p575_s1p000_b0p500,0.5768373126459031,True,0.3357576600236254,0.43038668628333177,0.20042987761531691
B_bend_0.5_to_0.75,resonant_driven_swell,1.0,0.575,B_resonant_driven_swell_w1p000_c0p575_s0p000_b0p500,B_resonant_driven_swell_w1p000_c0p575_s0p000_b0p750,1.4212629326478083,True,-0.35235974977266604,1.0661304227193786,0.05620009525181147
A_sustain_0.0_to_1.0,resonant_driven_swell,1.0,0.575,A_resonant_driven_swell_w1p000_c0p575_s0p000_b0p500,A_resonant_driven_swell_w1p000_c0p575_s1p000_b0p500,0.6498527517211936,True,0.5048363125345311,0.48896702094943467,0.22181205567063272
B_bend_0.25_to_0.75,resonant_driven_swell,1.0,0.575,B_resonant_driven_swell_w1p000_c0p575_s0p000_b0p250,B_resonant_driven_swell_w1p000_c0p575_s0p000_b0p750,1.2898796082376887,True,0.38644690622626066,0.9692483072400537,0.06697802577962302
architecture_sustain_removal_only,resonant_driven_swell,1.0,0.575,A_resonant_driven_swell_w1p000_c0p575_s0p400_b0p500,B_resonant_driven_swell_w1p000_c0p575_s0p000_b0p500,0.5787225878687211,True,-0.16907865755591067,0.42849675415159416,0.15563040816116464
A_sustain_0.0_to_0.4,resonant_driven_swell,1.0,0.85,A_resonant_driven_swell_w1p000_c0p850_s0p000_b0p500,A_resonant_driven_swell_w1p000_c0p850_s0p400_b0p500,0.43469092647815705,True,0.026103824118478634,0.32052186077270955,0.1363940864267072
B_bend_0.25_to_0.5,resonant_driven_swell,1.0,0.85,B_resonant_driven_swell_w1p000_c0p850_s0p000_b0p250,B_resonant_driven_swell_w1p000_c0p850_s0p000_b0p500,1.3656413292752982,True,0.6307876942038917,1.0414431738265197,0.191210834427593
A_sustain_0.4_to_1.0,resonant_driven_swell,1.0,0.85,A_resonant_driven_swell_w1p000_c0p850_s0p400_b0p500,A_resonant_driven_swell_w1p000_c0p850_s1p000_b0p500,0.39430281864147787,True,-0.0009715935604456588,0.29036401026072095,0.11900725681253874
B_bend_0.5_to_0.75,resonant_driven_swell,1.0,0.85,B_resonant_driven_swell_w1p000_c0p850_s0p000_b0p500,B_resonant_driven_swell_w1p000_c0p850_s0p000_b0p750,1.4014129099869137,True,-0.3072246040300463,1.0500555644429665,0.11157931306991833
A_sustain_0.0_to_1.0,resonant_driven_swell,1.0,0.85,A_resonant_driven_swell_w1p000_c0p850_s0p000_b0p500,A_resonant_driven_swell_w1p000_c0p850_s1p000_b0p500,0.4233522135889435,True,0.025132230558033722,0.3122170505007651,0.12220413875422899
B_bend_0.25_to_0.75,resonant_driven_swell,1.0,0.85,B_resonant_driven_swell_w1p000_c0p850_s0p000_b0p250,B_resonant_driven_swell_w1p000_c0p850_s0p000_b0p750,1.3852883880629303,True,0.32356309017384594,1.0382876791762639,0.1219765437696826
architecture_sustain_removal_only,resonant_driven_swell,1.0,0.85,A_resonant_driven_swell_w1p000_c0p850_s0p400_b0p500,B_resonant_driven_swell_w1p000_c0p850_s0p000_b0p500,0.4346909515046865,True,-0.02610379489724519,0.3205218791120671,0.13639408980308693
B_extreme_vs_neutral,clean_held,0.5,0.3,B_clean_held_w0p500_c0p300_s0p000_b0p500,B_clean_held_w0p500_c0p300_s0p000_b0p000,1.0443913875766324,True,6.054228401461871,0.9240856135000393,0.10922620582136758
B_extreme_vs_neutral,clean_held,0.5,0.3,B_clean_held_w0p500_c0p300_s0p000_b0p500,B_clean_held_w0p500_c0p300_s0p000_b1p000,1.0478664307816412,True,5.849678350121307,0.9236736883949113,0.10583109516048975
B_extreme_vs_neutral,clean_held,0.5,0.85,B_clean_held_w0p500_c0p850_s0p000_b0p500,B_clean_held_w0p500_c0p850_s0p000_b0p000,1.1179300347670347,True,-0.48051163715667095,0.8186485709695464,0.40312650932393096
B_extreme_vs_neutral,clean_held,0.5,0.85,B_clean_held_w0p500_c0p850_s0p000_b0p500,B_clean_held_w0p500_c0p850_s0p000_b1p000,1.1358678528806936,True,-0.5443890444787328,0.8346221100735699,0.39367791646321443
B_extreme_vs_neutral,resonant_held,0.5,0.3,B_resonant_held_w0p500_c0p300_s0p000_b0p500,B_resonant_held_w0p500_c0p300_s0p000_b0p000,1.1049726393439245,True,3.081544053252406,0.9037914203977256,0.08232146581149277
B_extreme_vs_neutral,resonant_held,0.5,0.3,B_resonant_held_w0p500_c0p300_s0p000_b0p500,B_resonant_held_w0p500_c0p300_s0p000_b1p000,1.0535078746293047,True,2.91186421616618,0.8532983829965594,0.07966684801314419
B_extreme_vs_neutral,resonant_held,0.5,0.85,B_resonant_held_w0p500_c0p850_s0p000_b0p500,B_resonant_held_w0p500_c0p850_s0p000_b0p000,1.1129575249756822,True,-0.4881584998877525,0.8152844300771751,0.39496422739998543
B_extreme_vs_neutral,resonant_held,0.5,0.85,B_resonant_held_w0p500_c0p850_s0p000_b0p500,B_resonant_held_w0p500_c0p850_s0p000_b1p000,1.133267115205499,True,-0.6011081990463714,0.835130585916733,0.3844837485794629
B_extreme_vs_neutral,driven_pluck,0.5,0.3,B_driven_pluck_w0p500_c0p300_s0p000_b0p500,B_driven_pluck_w0p500_c0p300_s0p000_b0p000,1.259809711536323,True,0.5453620870106821,0.9182496837774717,0.15798337503287407
B_extreme_vs_neutral,driven_pluck,0.5,0.3,B_driven_pluck_w0p500_c0p300_s0p000_b0p500,B_driven_pluck_w0p500_c0p300_s0p000_b1p000,1.0493588608644222,True,0.6908444053826042,0.77015934747418,0.1558524281379068
B_extreme_vs_neutral,driven_pluck,0.5,0.85,B_driven_pluck_w0p500_c0p850_s0p000_b0p500,B_driven_pluck_w0p500_c0p850_s0p000_b0p000,1.1589636028718717,True,-0.3794372864599216,0.837221984824235,0.41315471403325127
B_extreme_vs_neutral,driven_pluck,0.5,0.85,B_driven_pluck_w0p500_c0p850_s0p000_b0p500,B_driven_pluck_w0p500_c0p850_s0p000_b1p000,1.0859706004919487,True,-0.42544145522057647,0.7863454919100895,0.38905206753743
B_extreme_vs_neutral,resonant_driven_swell,0.5,0.3,B_resonant_driven_swell_w0p500_c0p300_s0p000_b0p500,B_resonant_driven_swell_w0p500_c0p300_s0p000_b0p000,1.1251192262802676,True,2.417558369560689,0.9154412186760211,0.11444934156754727
B_extreme_vs_neutral,resonant_driven_swell,0.5,0.3,B_resonant_driven_swell_w0p500_c0p300_s0p000_b0p500,B_resonant_driven_swell_w0p500_c0p300_s0p000_b1p000,1.0678223075293523,True,3.1038882848085287,0.8911639249516501,0.12458450164708604
B_extreme_vs_neutral,resonant_driven_swell,0.5,0.85,B_resonant_driven_swell_w0p500_c0p850_s0p000_b0p500,B_resonant_driven_swell_w0p500_c0p850_s0p000_b0p000,1.118203136390949,True,-0.4276263193206919,0.8423177855368413,0.4056829993465472
B_extreme_vs_neutral,resonant_driven_swell,0.5,0.85,B_resonant_driven_swell_w0p500_c0p850_s0p000_b0p500,B_resonant_driven_swell_w0p500_c0p850_s0p000_b1p000,1.1367196983182486,True,-0.5573550992511359,0.8621861881613992,0.3901539763852942
