sample_id,architecture,purpose,background,bend_amount,raw_path,audio_sha256,wave_frame,filter_cutoff,filter_resonance,filter_drive,amp_attack,amp_decay,amp_sustain,amp_release,filter_env_amount,filter_env_attack,filter_env_decay,filter_env_sustain,wave_frame_actual_normalized,filter_cutoff_actual_normalized,filter_resonance_actual_normalized,filter_drive_actual_normalized,amp_attack_actual_normalized,amp_decay_actual_normalized,amp_sustain_actual_normalized,amp_release_actual_normalized,filter_env_amount_actual_normalized,filter_env_attack_actual_normalized,filter_env_decay_actual_normalized,filter_env_sustain_actual_normalized,bend_actual_normalized,bend_raw,peak,rms,rms_dbfs,held_rms,dc_offset,dc_to_rms,is_silent,is_clipped,has_dc_warning,final_50ms_peak,centroid_window_0_hz,centroid_window_1_hz,centroid_window_2_hz,native_gain,rms_matched_gain
B_resonant_driven_swell_w0p500_c0p850_s0p000_b0p000,B,Bend_extreme,resonant_driven_swell,0.0,generation/test_renders/architecture_ab_v1/raw/B_resonant_driven_swell_w0p500_c0p850_s0p000_b0p000.wav,7d0f56d1c7f1eb53556d8b4f51747fb1bc48eef472f5d0e3dcf243222c7461cb,0.5,0.85,0.75,0.75,0.35,0.4,0.8,0.45,0.5625,0.35,0.4,0.0,0.5,0.8500000238418579,0.75,0.75,0.3499999940395355,0.4000000059604645,0.800000011920929,0.44999998807907104,0.5625,0.3499999940395355,0.4000000059604645,0.0,0.0,0.0,0.2453792244195938,0.08392456740372019,-21.522217773636278,0.11406949851204033,-0.03309174807125712,0.3943034691149357,False,False,True,0.0,673.2520004094374,729.0254057171372,657.4104770549253,1.0,0.3634003165700579
B_resonant_driven_swell_w0p500_c0p850_s0p000_b1p000,B,Bend_extreme,resonant_driven_swell,1.0,generation/test_renders/architecture_ab_v1/raw/B_resonant_driven_swell_w0p500_c0p850_s0p000_b1p000.wav,6c2acd3daa6116cffeb4cbe9501b9a2ba1fb71fec4e877d6bbd646d213589dc7,0.5,0.85,0.75,0.75,0.35,0.4,0.8,0.45,0.5625,0.35,0.4,0.0,0.5,0.8500000238418579,0.75,0.75,0.3499999940395355,0.4000000059604645,0.800000011920929,0.44999998807907104,0.5625,0.3499999940395355,0.4000000059604645,0.0,1.0,1.0,0.24509023129940033,0.0826707236540056,-21.652965215615385,0.11237846437020087,0.030325740179284816,0.3668256286978257,False,False,True,0.0,508.32290055056404,545.6119962785849,499.91444364964207,1.0,0.36886864491854693
B_clean_held_w0p500_c0p850_s0p000_b0p000,B,Bend_extreme,clean_held,0.0,generation/test_renders/architecture_ab_v1/raw/B_clean_held_w0p500_c0p850_s0p000_b0p000.wav,0a3534b97be40154e77c42ce89c6267db8aed7e421a7cddb202c5b0e8d3ac99d,0.5,0.85,0.2,0.0,0.1,0.3,0.8,0.3,0.53125,0.2,0.3,0.0,0.5,0.8500000238418579,0.20000000298023224,0.0,0.10000000149011612,0.30000001192092896,0.800000011920929,0.30000001192092896,0.53125,0.20000000298023224,0.30000001192092896,0.0,0.0,0.0,0.1989355981349945,0.0766895097557837,-22.305280769718443,0.10754409074998486,-0.02924830426328246,0.38138598559859277,False,False,True,0.0,552.088164332407,562.6948208237214,562.0593831373573,1.0,0.3854502054104636
B_clean_held_w0p500_c0p300_s0p000_b0p000,B,Bend_extreme,clean_held,0.0,generation/test_renders/architecture_ab_v1/raw/B_clean_held_w0p500_c0p300_s0p000_b0p000.wav,9f6f3588d6543a43f247eba1675ca893bbf9a6f3c46ca203461e3b9beeac60d3,0.5,0.3,0.2,0.0,0.1,0.3,0.8,0.3,0.53125,0.2,0.3,0.0,0.5,0.30000001192092896,0.20000000298023224,0.0,0.10000000149011612,0.30000001192092896,0.800000011920929,0.30000001192092896,0.53125,0.20000000298023224,0.30000001192092896,0.0,0.0,0.0,0.1858970671892166,0.042148275211238095,-27.504403856878803,0.05913625403299151,-0.028376672983808887,0.6732582256709463,False,False,True,0.0,268.27258491925124,268.07699156661755,268.10598864960883,1.0,0.7009725683188701
B_resonant_driven_swell_w0p500_c0p300_s0p000_b1p000,B,Bend_extreme,resonant_driven_swell,1.0,generation/test_renders/architecture_ab_v1/raw/B_resonant_driven_swell_w0p500_c0p300_s0p000_b1p000.wav,92a40d2dc2760abd30454930f1afbc231e5944ebded161f7567929990a264eda,0.5,0.3,0.75,0.75,0.35,0.4,0.8,0.45,0.5625,0.35,0.4,0.0,0.5,0.30000001192092896,0.75,0.75,0.3499999940395355,0.4000000059604645,0.800000011920929,0.44999998807907104,0.5625,0.3499999940395355,0.4000000059604645,0.0,1.0,1.0,0.17598092555999756,0.04482619263485136,-26.96936293756009,0.06133251551706221,0.027779117299947885,0.619707266379573,False,False,True,0.0,268.02672228973677,272.64919016720677,267.89011744262257,1.0,0.6758713794925196
B_clean_held_w0p500_c0p850_s0p000_b1p000,B,Bend_extreme,clean_held,1.0,generation/test_renders/architecture_ab_v1/raw/B_clean_held_w0p500_c0p850_s0p000_b1p000.wav,e952834edea123eac65f76cb9692a3fb8ea340cdaac14e4790f695282189a0e1,0.5,0.85,0.2,0.0,0.1,0.3,0.8,0.3,0.53125,0.2,0.3,0.0,0.5,0.8500000238418579,0.20000000298023224,0.0,0.10000000149011612,0.30000001192092896,0.800000011920929,0.30000001192092896,0.53125,0.20000000298023224,0.30000001192092896,0.0,1.0,1.0,0.20277154445648193,0.07612983656396659,-22.368902051038706,0.10675609555519759,0.02762558908671848,0.3628746669317571,False,False,True,0.0,525.024765919397,534.9993017256666,534.4012359064516,1.0,0.38829531610989126
B_clean_held_w0p500_c0p300_s0p000_b1p000,B,Bend_extreme,clean_held,1.0,generation/test_renders/architecture_ab_v1/raw/B_clean_held_w0p500_c0p300_s0p000_b1p000.wav,d6214cff1e55d25ea667728ba3d454aa4738f13f3c147c4df814368d050e9148,0.5,0.3,0.2,0.0,0.1,0.3,0.8,0.3,0.53125,0.2,0.3,0.0,0.5,0.30000001192092896,0.20000000298023224,0.0,0.10000000149011612,0.30000001192092896,0.800000011920929,0.30000001192092896,0.53125,0.20000000298023224,0.30000001192092896,0.0,1.0,1.0,0.18008096516132355,0.041172113312374053,-27.707936812905544,0.05775988345302342,0.02757083206507263,0.669648212028659,False,False,True,0.0,267.73405546187007,267.6099627301938,267.6378509896705,1.0,0.7176761688582209
B_resonant_driven_swell_w0p500_c0p300_s0p000_b0p000,B,Bend_extreme,resonant_driven_swell,0.0,generation/test_renders/architecture_ab_v1/raw/B_resonant_driven_swell_w0p500_c0p300_s0p000_b0p000.wav,e84c4e6dc78089f752969de4b6a7e20a570eb50c98a63b5de31e7e5eb08e5cbb,0.5,0.3,0.75,0.75,0.35,0.4,0.8,0.45,0.5625,0.35,0.4,0.0,0.5,0.30000001192092896,0.75,0.75,0.3499999940395355,0.4000000059604645,0.800000011920929,0.44999998807907104,0.5625,0.3499999940395355,0.4000000059604645,0.0,0.0,0.0,0.17698629200458527,0.041207844686875966,-27.700401999765553,0.05667274930538164,-0.02359622507147597,0.5726148807532996,False,False,True,0.0,266.6854374002496,271.7962926082439,266.389955023785,1.0,0.7314431076370392
B_resonant_driven_swell_w0p500_c0p850_s0p000_b0p250,B,main,resonant_driven_swell,0.25,generation/test_renders/architecture_ab_v1/raw/B_resonant_driven_swell_w0p500_c0p850_s0p000_b0p250.wav,d3afa5bb8eb36c9dc38ab80d58a692503b54a455eb43ddecf6a1d56a4b4146ea,0.5,0.85,0.75,0.75,0.35,0.4,0.8,0.45,0.5625,0.35,0.4,0.0,0.5,0.8500000238418579,0.75,0.75,0.3499999940395355,0.4000000059604645,0.800000011920929,0.44999998807907104,0.5625,0.3499999940395355,0.4000000059604645,0.0,0.25,0.25,0.24416673183441162,0.0881465998064822,-21.095888712956906,0.11982522900788972,-0.02268034692337706,0.25730257290887776,False,False,True,0.0,534.3863007411423,580.3677034949493,524.5596838691926,1.0,0.3459446079383984
B_resonant_driven_swell_w0p500_c0p850_s0p000_b0p750,B,main,resonant_driven_swell,0.75,generation/test_renders/architecture_ab_v1/raw/B_resonant_driven_swell_w0p500_c0p850_s0p000_b0p750.wav,c5157a75563cf680003180bc5f5a6eeb4b36ee7557415b144d660dddde73c450,0.5,0.85,0.75,0.75,0.35,0.4,0.8,0.45,0.5625,0.35,0.4,0.0,0.5,0.8500000238418579,0.75,0.75,0.3499999940395355,0.4000000059604645,0.800000011920929,0.44999998807907104,0.5625,0.3499999940395355,0.4000000059604645,0.0,0.75,0.75,0.24445031583309174,0.08812333298794206,-21.098181707752314,0.11979167245707614,0.022365576766480228,0.25379857987827714,False,False,True,0.0,531.0197980031372,570.716155415111,521.7055464343454,1.0,0.34604151540764777
B_resonant_driven_swell_w0p500_c0p575_s0p000_b0p250,B,main,resonant_driven_swell,0.25,generation/test_renders/architecture_ab_v1/raw/B_resonant_driven_swell_w0p500_c0p575_s0p000_b0p250.wav,69a541a1ab447d9ec6b442584db126149fbe28e71a67dfcde62dc8c0d4486009,0.5,0.575,0.75,0.75,0.35,0.4,0.8,0.45,0.5625,0.35,0.4,0.0,0.5,0.574999988079071,0.75,0.75,0.3499999940395355,0.4000000059604645,0.800000011920929,0.44999998807907104,0.5625,0.3499999940395355,0.4000000059604645,0.0,0.25,0.25,0.18172678351402283,0.0784407018467711,-22.109170582895832,0.10678271454136243,-0.021485137710204036,0.2739029254502832,False,False,True,0.0,343.6723836205943,382.85381666963394,335.1460410537592,1.0,0.38819852115865033
B_resonant_driven_swell_w0p500_c0p575_s0p000_b0p750,B,main,resonant_driven_swell,0.75,generation/test_renders/architecture_ab_v1/raw/B_resonant_driven_swell_w0p500_c0p575_s0p000_b0p750.wav,64dbcba5c0a807c23cdd8a0e187e88f5c25d1b9ec0685f57ea35a59e3ff27b30,0.5,0.575,0.75,0.75,0.35,0.4,0.8,0.45,0.5625,0.35,0.4,0.0,0.5,0.574999988079071,0.75,0.75,0.3499999940395355,0.4000000059604645,0.800000011920929,0.44999998807907104,0.5625,0.3499999940395355,0.4000000059604645,0.0,0.75,0.75,0.18191489577293396,0.07843560993386371,-22.109734438497405,0.10678109633285834,0.021385795646487904,0.27265416389979297,False,False,True,0.0,343.3551394387009,382.3603326686916,334.84862280972015,1.0,0.3882044040927069
B_clean_held_w0p500_c0p850_s0p000_b0p250,B,main,clean_held,0.25,generation/test_renders/architecture_ab_v1/raw/B_clean_held_w0p500_c0p850_s0p000_b0p250.wav,383b52da5c4e410a87b9baaff4b6623afa11a2d62b5ffde0d0139c7cbcfcd01c,0.5,0.85,0.2,0.0,0.1,0.3,0.8,0.3,0.53125,0.2,0.3,0.0,0.5,0.8500000238418579,0.20000000298023224,0.0,0.10000000149011612,0.30000001192092896,0.800000011920929,0.30000001192092896,0.53125,0.20000000298023224,0.30000001192092896,0.0,0.25,0.25,0.20045726001262665,0.08106688695425522,-21.823130079693243,0.11367590251576928,-0.02038610120769847,0.2514726045814739,False,False,True,0.0,550.235795052856,562.2111315784414,561.5028068184498,1.0,0.3646585683761147
B_clean_held_w0p500_c0p850_s0p000_b0p750,B,main,clean_held,0.75,generation/test_renders/architecture_ab_v1/raw/B_clean_held_w0p500_c0p850_s0p000_b0p750.wav,4ecb421408b78a271774bf2e396472888a266fb5d9027ce5c49297808c4db908,0.5,0.85,0.2,0.0,0.1,0.3,0.8,0.3,0.53125,0.2,0.3,0.0,0.5,0.8500000238418579,0.20000000298023224,0.0,0.10000000149011612,0.30000001192092896,0.800000011920929,0.30000001192092896,0.53125,0.20000000298023224,0.30000001192092896,0.0,0.75,0.75,0.20313264429569244,0.08105251664092922,-21.824669919504803,0.11365584592895099,0.02028851859190053,0.25031324667907234,False,False,True,0.0,547.6065711748458,559.850120399019,559.1975741743008,1.0,0.36472291883847674
B_clean_held_w0p500_c0p575_s0p000_b0p250,B,main,clean_held,0.25,generation/test_renders/architecture_ab_v1/raw/B_clean_held_w0p500_c0p575_s0p000_b0p250.wav,1b893b7d90704da6975ba00b0c816afbcda777e8b2ca729fb1e7c41e81a80dfd,0.5,0.575,0.2,0.0,0.1,0.3,0.8,0.3,0.53125,0.2,0.3,0.0,0.5,0.574999988079071,0.20000000298023224,0.0,0.10000000149011612,0.30000001192092896,0.800000011920929,0.30000001192092896,0.53125,0.20000000298023224,0.30000001192092896,0.0,0.25,0.25,0.2001216858625412,0.07799641612558547,-22.158507046867445,0.10937238984334828,-0.020284780269524037,0.2600732351197088,False,False,True,0.0,357.4511169622345,343.44118043713803,342.8486971499367,1.0,0.3790069132587785
B_clean_held_w0p500_c0p575_s0p000_b0p750,B,main,clean_held,0.75,generation/test_renders/architecture_ab_v1/raw/B_clean_held_w0p500_c0p575_s0p000_b0p750.wav,314cf0b1afefa5e2f5f665fedf8ab8ddc21cd2cf916c8ac477792c28da1440c3,0.5,0.575,0.2,0.0,0.1,0.3,0.8,0.3,0.53125,0.2,0.3,0.0,0.5,0.574999988079071,0.20000000298023224,0.0,0.10000000149011612,0.30000001192092896,0.800000011920929,0.30000001192092896,0.53125,0.20000000298023224,0.30000001192092896,0.0,0.75,0.75,0.20072801411151886,0.07797771911226052,-22.160589445911775,0.10934783080466297,0.02021536315663016,0.25924537658670344,False,False,True,0.0,357.28336450146446,343.28144585152916,342.68868157443836,1.0,0.37909203653352685
B_clean_held_w0p500_c0p300_s0p000_b0p250,B,main,clean_held,0.25,generation/test_renders/architecture_ab_v1/raw/B_clean_held_w0p500_c0p300_s0p000_b0p250.wav,7ef4819370f46fd8127f749b1da080c46515dc43f0ed25747f75c304cd79a568,0.5,0.3,0.2,0.0,0.1,0.3,0.8,0.3,0.53125,0.2,0.3,0.0,0.5,0.30000001192092896,0.20000000298023224,0.0,0.10000000149011612,0.30000001192092896,0.800000011920929,0.30000001192092896,0.53125,0.20000000298023224,0.30000001192092896,0.0,0.25,0.25,0.18680952489376068,0.033319340813329976,-29.546071984419765,0.04678456756277346,-0.020130797317460862,0.6041775385126223,False,False,True,0.0,265.9131692056813,265.8063053678052,265.83228162899394,1.0,0.8860377263216883
B_clean_held_w0p500_c0p300_s0p000_b0p750,B,main,clean_held,0.75,generation/test_renders/architecture_ab_v1/raw/B_clean_held_w0p500_c0p300_s0p000_b0p750.wav,8731926d11eddffb924bf94bf9d6efa862fdf3c631bd8c4bf2a0d2e1bf36eb83,0.5,0.3,0.2,0.0,0.1,0.3,0.8,0.3,0.53125,0.2,0.3,0.0,0.5,0.30000001192092896,0.20000000298023224,0.0,0.10000000149011612,0.30000001192092896,0.800000011920929,0.30000001192092896,0.53125,0.20000000298023224,0.30000001192092896,0.0,0.75,0.75,0.18178489804267883,0.03323828270512244,-29.567228452846024,0.046652809708172864,0.020090824602492032,0.6044483338904805,False,False,True,0.0,265.89448145000404,265.79480921839973,265.82070718405396,1.0,0.8885400928596436
B_resonant_driven_swell_w0p500_c0p300_s0p000_b0p750,B,main,resonant_driven_swell,0.75,generation/test_renders/architecture_ab_v1/raw/B_resonant_driven_swell_w0p500_c0p300_s0p000_b0p750.wav,0812ee6a41be26ffb7e2d9c4d3a76b812bc9b60b4fbba8b94f05909faed7ce9e,0.5,0.3,0.75,0.75,0.35,0.4,0.8,0.45,0.5625,0.35,0.4,0.0,0.5,0.30000001192092896,0.75,0.75,0.3499999940395355,0.4000000059604645,0.800000011920929,0.44999998807907104,0.5625,0.3499999940395355,0.4000000059604645,0.0,0.75,0.75,0.17623117566108704,0.03848400406455565,-28.294394963103162,0.05319305603338166,0.01980905515214962,0.514734774451239,False,False,True,0.0,266.0510990881744,270.45631964160185,265.5968593235539,1.0,0.7792914143577154
B_resonant_driven_swell_w0p500_c0p300_s0p000_b0p250,B,main,resonant_driven_swell,0.25,generation/test_renders/architecture_ab_v1/raw/B_resonant_driven_swell_w0p500_c0p300_s0p000_b0p250.wav,7ec66d972d172099037b88b48ebbbd98b3599aed65bfaa7af965ac2c64a626f0,0.5,0.3,0.75,0.75,0.35,0.4,0.8,0.45,0.5625,0.35,0.4,0.0,0.5,0.30000001192092896,0.75,0.75,0.3499999940395355,0.4000000059604645,0.800000011920929,0.44999998807907104,0.5625,0.3499999940395355,0.4000000059604645,0.0,0.25,0.25,0.17626351118087769,0.038418796970779844,-28.309124771335526,0.05312093247632217,-0.01971785966314126,0.5132346980603807,False,False,True,0.0,266.01939661053837,270.4219495435759,265.56870900195173,1.0,0.7803494768985877
B_resonant_held_w0p500_c0p850_s0p000_b0p000,B,Bend_extreme,resonant_held,0.0,generation/test_renders/architecture_ab_v1/raw/B_resonant_held_w0p500_c0p850_s0p000_b0p000.wav,4f6e4ff289066c446aa4a379cd6ccc9d5227f140b399d82c91f6d5ddfa2fc4f9,0.5,0.85,0.75,0.0,0.1,0.3,0.8,0.3,0.53125,0.2,0.3,0.0,0.5,0.8500000238418579,0.75,0.0,0.10000000149011612,0.30000001192092896,0.800000011920929,0.30000001192092896,0.53125,0.20000000298023224,0.30000001192092896,0.0,0.0,0.0,0.19875730574131012,0.04569054186353542,-26.803473828621975,0.06407846577531548,-0.016913521854959493,0.3701755585537888,False,False,True,0.0,965.0733930424733,1009.8188011829077,1009.7080827354006,1.0,0.6469083079425386
B_resonant_held_w0p500_c0p300_s0p000_b0p000,B,Bend_extreme,resonant_held,0.0,generation/test_renders/architecture_ab_v1/raw/B_resonant_held_w0p500_c0p300_s0p000_b0p000.wav,b1f8c08e1a90c55050461db74210b836e176c2c2e0ddf4b7263280c0a2f2f691,0.5,0.3,0.75,0.0,0.1,0.3,0.8,0.3,0.53125,0.2,0.3,0.0,0.5,0.30000001192092896,0.75,0.0,0.10000000149011612,0.30000001192092896,0.800000011920929,0.30000001192092896,0.53125,0.20000000298023224,0.30000001192092896,0.0,0.0,0.0,0.17952871322631836,0.026337038176921335,-31.588661334443383,0.03699067730776796,-0.016095944119573966,0.6111524010956763,False,False,True,0.0,263.04829736430054,266.32961581560835,266.3776180234949,1.0,1.1206307882758932
B_resonant_held_w0p500_c0p850_s0p000_b1p000,B,Bend_extreme,resonant_held,1.0,generation/test_renders/architecture_ab_v1/raw/B_resonant_held_w0p500_c0p850_s0p000_b1p000.wav,0051e17e64be542b47665e17417ed601a757afb9d451dd9d4618cea03d69a7a4,0.5,0.85,0.75,0.0,0.1,0.3,0.8,0.3,0.53125,0.2,0.3,0.0,0.5,0.8500000238418579,0.75,0.0,0.10000000149011612,0.30000001192092896,0.800000011920929,0.30000001192092896,0.53125,0.20000000298023224,0.30000001192092896,0.0,1.0,1.0,0.21293072402477264,0.045102555647336194,-26.9159769796958,0.06325059568219907,0.015799675070470056,0.35030553909206696,False,False,True,0.0,865.4431853419518,896.8948686745645,896.4459817541459,1.0,0.6553755173870955
B_resonant_held_w0p500_c0p300_s0p000_b1p000,B,Bend_extreme,resonant_held,1.0,generation/test_renders/architecture_ab_v1/raw/B_resonant_held_w0p500_c0p300_s0p000_b1p000.wav,e0db81118f2affea76baea30e2dcb90492d4e6e197b74153984f772bae92e0b3,0.5,0.3,0.75,0.0,0.1,0.3,0.8,0.3,0.53125,0.2,0.3,0.0,0.5,0.30000001192092896,0.75,0.0,0.10000000149011612,0.30000001192092896,0.800000011920929,0.30000001192092896,0.53125,0.20000000298023224,0.30000001192092896,0.0,1.0,1.0,0.1784020960330963,0.025829020054615664,-31.75784141036731,0.03627507270597577,0.01564055434614896,0.6055419180858154,False,False,True,0.0,262.89887302035123,265.9774759147316,266.0205023928276,1.0,1.1427376646838387
A_resonant_driven_swell_w0p750_c0p438_s0p000_b0p500,A,wave_cutoff_reference,resonant_driven_swell,0.5,generation/test_renders/architecture_ab_v1/raw/A_resonant_driven_swell_w0p750_c0p438_s0p000_b0p500.wav,8bf07e1ad1f143b4c66fdb2cc8eeff6099cb9678f3ceb56800abc5d440fb612e,0.75,0.4375,0.75,0.75,0.35,0.4,0.8,0.45,0.5625,0.35,0.4,0.0,0.75,0.4375,0.75,0.75,0.3499999940395355,0.4000000059604645,0.800000011920929,0.44999998807907104,0.5625,0.3499999940395355,0.4000000059604645,0.0,0.5,0.5,0.1913367211818695,0.05058853771088387,-25.918957478550308,0.06900736983049453,-0.015577640036238346,0.3079282529426996,False,False,True,0.0,306.63140894051895,373.0569518319618,292.2439376952054,1.0,0.6007023883403403
B_resonant_driven_swell_w0p000_c0p850_s0p000_b0p750,B,main,resonant_driven_swell,0.75,generation/test_renders/architecture_ab_v1/raw/B_resonant_driven_swell_w0p000_c0p850_s0p000_b0p750.wav,70b8d99957e96f562557b87c0c2ce909d5193d5f41a85bfc8e16df2aef203ad5,0.0,0.85,0.75,0.75,0.35,0.4,0.8,0.45,0.5625,0.35,0.4,0.0,0.0,0.8500000238418579,0.75,0.75,0.3499999940395355,0.4000000059604645,0.800000011920929,0.44999998807907104,0.5625,0.3499999940395355,0.4000000059604645,0.0,0.75,0.75,0.18584829568862915,0.06594852433495893,-23.615898355757782,0.08961167231056534,0.014528077127901039,0.2202941957292559,False,False,True,0.0,290.3481144948295,289.49717969130313,290.50614258713176,1.0,0.46258362110017054
B_resonant_driven_swell_w0p000_c0p850_s0p000_b0p250,B,main,resonant_driven_swell,0.25,generation/test_renders/architecture_ab_v1/raw/B_resonant_driven_swell_w0p000_c0p850_s0p000_b0p250.wav,9e77b17e9ba2160722e6ceb144df4bcc24bf8687da0ea1b2cb69b2c4bc8a3d6a,0.0,0.85,0.75,0.75,0.35,0.4,0.8,0.45,0.5625,0.35,0.4,0.0,0.0,0.8500000238418579,0.75,0.75,0.3499999940395355,0.4000000059604645,0.800000011920929,0.44999998807907104,0.5625,0.3499999940395355,0.4000000059604645,0.0,0.25,0.25,0.1856163740158081,0.06597912426852523,-23.611869061618624,0.08965744316960758,-0.01445017576407812,0.2190113300878025,False,False,True,0.0,316.09278162771574,305.0545400601972,316.1300822741229,1.0,0.46234746837298907
B_resonant_driven_swell_w0p000_c0p575_s0p000_b0p750,B,main,resonant_driven_swell,0.75,generation/test_renders/architecture_ab_v1/raw/B_resonant_driven_swell_w0p000_c0p575_s0p000_b0p750.wav,3733c05640234d24da9051867a124de483f0518aea0a4cb23783b0d625351e90,0.0,0.575,0.75,0.75,0.35,0.4,0.8,0.45,0.5625,0.35,0.4,0.0,0.0,0.574999988079071,0.75,0.75,0.3499999940395355,0.4000000059604645,0.800000011920929,0.44999998807907104,0.5625,0.3499999940395355,0.4000000059604645,0.0,0.75,0.75,0.17481093108654022,0.06290596697753849,-24.026163147530475,0.08544073615331449,0.01427140083614334,0.22686879356356063,False,False,True,0.0,297.9587948376907,295.5223459569872,294.8439954501116,1.0,0.48516543438811566
B_resonant_driven_swell_w0p000_c0p575_s0p000_b0p250,B,main,resonant_driven_swell,0.25,generation/test_renders/architecture_ab_v1/raw/B_resonant_driven_swell_w0p000_c0p575_s0p000_b0p250.wav,7ab9b67bf25d0b4b30dccdf7f04b9ae0201505d1869eba72bb4d88cd84210c20,0.0,0.575,0.75,0.75,0.35,0.4,0.8,0.45,0.5625,0.35,0.4,0.0,0.0,0.574999988079071,0.75,0.75,0.3499999940395355,0.4000000059604645,0.800000011920929,0.44999998807907104,0.5625,0.3499999940395355,0.4000000059604645,0.0,0.25,0.25,0.17448845505714417,0.06441725964039367,-23.819955086870937,0.08738394016705844,-0.013653061951321472,0.21194726425090185,False,False,True,0.0,323.71419671845734,335.3765024078097,316.9610747891298,1.0,0.47437654780746435
A_resonant_driven_swell_w0p750_c0p575_s0p000_b0p500,A,wave_cutoff_reference,resonant_driven_swell,0.5,generation/test_renders/architecture_ab_v1/raw/A_resonant_driven_swell_w0p750_c0p575_s0p000_b0p500.wav,2b89f0858e7a88de22a501f3277519cedab23dda2370871e20c9808f92d360a2,0.75,0.575,0.75,0.75,0.35,0.4,0.8,0.45,0.5625,0.35,0.4,0.0,0.75,0.574999988079071,0.75,0.75,0.3499999940395355,0.4000000059604645,0.800000011920929,0.44999998807907104,0.5625,0.3499999940395355,0.4000000059604645,0.0,0.5,0.5,0.20011372864246368,0.0602094107679083,-24.406712458845963,0.0820591902951213,-0.013241620594869585,0.2199260950404017,False,False,True,0.0,421.44900244491697,463.39548615134333,412.5534590921775,1.0,0.5051584316294151
A_resonant_driven_swell_w0p750_c0p300_s0p000_b0p500,A,wave_cutoff_reference,resonant_driven_swell,0.5,generation/test_renders/architecture_ab_v1/raw/A_resonant_driven_swell_w0p750_c0p300_s0p000_b0p500.wav,0f0dd7bd66bdc293fb7c7ff760f0dcea6e0eb315e266902a148c3b807fe5eb3f,0.75,0.3,0.75,0.75,0.35,0.4,0.8,0.45,0.5625,0.35,0.4,0.0,0.75,0.30000001192092896,0.75,0.75,0.3499999940395355,0.4000000059604645,0.800000011920929,0.44999998807907104,0.5625,0.3499999940395355,0.4000000059604645,0.0,0.5,0.5,0.14251874387264252,0.03024943722364919,-30.385654015560668,0.04223296794784137,-0.012285929023626069,0.4061539701644716,False,False,True,0.0,265.3655503145524,269.0228193827849,265.2298351589683,1.0,0.981529214841316
B_clean_held_w0p000_c0p575_s0p000_b0p250,B,main,clean_held,0.25,generation/test_renders/architecture_ab_v1/raw/B_clean_held_w0p000_c0p575_s0p000_b0p250.wav,2be83e963ad5c066ef9b2896bf3677d7facf3a401f228f614fddc000a8bce857,0.0,0.575,0.2,0.0,0.1,0.3,0.8,0.3,0.53125,0.2,0.3,0.0,0.0,0.574999988079071,0.20000000298023224,0.0,0.10000000149011612,0.30000001192092896,0.800000011920929,0.30000001192092896,0.53125,0.20000000298023224,0.30000001192092896,0.0,0.25,0.25,0.17931851744651794,0.05785961316283508,-24.75248948559194,0.08113850044823431,-0.01207294195455002,0.2086592234996971,False,False,True,0.0,288.1912691621535,287.4850295469727,287.44243966991434,1.0,0.5108905345953467
B_clean_held_w0p000_c0p575_s0p000_b0p750,B,main,clean_held,0.75,generation/test_renders/architecture_ab_v1/raw/B_clean_held_w0p000_c0p575_s0p000_b0p750.wav,90de6c87f80ec0450dcf7bfdde1d804ef2028f8f20c0f3c69015b66152b1a24b,0.0,0.575,0.2,0.0,0.1,0.3,0.8,0.3,0.53125,0.2,0.3,0.0,0.0,0.574999988079071,0.20000000298023224,0.0,0.10000000149011612,0.30000001192092896,0.800000011920929,0.30000001192092896,0.53125,0.20000000298023224,0.30000001192092896,0.0,0.75,0.75,0.18342934548854828,0.057664215501587464,-24.781872239942096,0.08086618191720284,0.011998186095739577,0.20806987472862218,False,False,True,0.0,286.8706831463247,286.1332217081171,286.0899303883958,1.0,0.512610968979665
B_clean_held_w0p000_c0p850_s0p000_b0p250,B,main,clean_held,0.25,generation/test_renders/architecture_ab_v1/raw/B_clean_held_w0p000_c0p850_s0p000_b0p250.wav,d8ed6c074c4b89c953ef6bdf1a11cfe4c12bcd3e1db48f974dc09bcdacc92157,0.0,0.85,0.2,0.0,0.1,0.3,0.8,0.3,0.53125,0.2,0.3,0.0,0.0,0.8500000238418579,0.20000000298023224,0.0,0.10000000149011612,0.30000001192092896,0.800000011920929,0.30000001192092896,0.53125,0.20000000298023224,0.30000001192092896,0.0,0.25,0.25,0.17636141180992126,0.056732094106656444,-24.92342370745437,0.07956299650272748,-0.01197414162323053,0.21106468590281757,False,False,True,0.0,287.9554018440469,287.6001629076366,287.60424807948016,1.0,0.5210071728362087
B_resonant_held_w0p500_c0p575_s0p000_b0p250,B,main,resonant_held,0.25,generation/test_renders/architecture_ab_v1/raw/B_resonant_held_w0p500_c0p575_s0p000_b0p250.wav,661c3a2ad4fb242a1d43d9ed438d6593fc603b5c1aa7f44b099624b3bd86cddf,0.5,0.575,0.75,0.0,0.1,0.3,0.8,0.3,0.53125,0.2,0.3,0.0,0.5,0.574999988079071,0.75,0.0,0.10000000149011612,0.30000001192092896,0.800000011920929,0.30000001192092896,0.53125,0.20000000298023224,0.30000001192092896,0.0,0.25,0.25,0.21277979016304016,0.05173643172889655,-25.724070559119237,0.07257176813428533,-0.011958248941868215,0.2311378760044854,False,False,True,0.0,544.8196951496703,458.1415147037111,451.8605929988027,1.0,0.5711985932816135
B_clean_held_w0p000_c0p850_s0p000_b0p750,B,main,clean_held,0.75,generation/test_renders/architecture_ab_v1/raw/B_clean_held_w0p000_c0p850_s0p000_b0p750.wav,9943c2aa647a1778c69931ad210b0e8a498e6294acf3db8072608ad48011affc,0.0,0.85,0.2,0.0,0.1,0.3,0.8,0.3,0.53125,0.2,0.3,0.0,0.0,0.8500000238418579,0.20000000298023224,0.0,0.10000000149011612,0.30000001192092896,0.800000011920929,0.30000001192092896,0.53125,0.20000000298023224,0.30000001192092896,0.0,0.75,0.75,0.18419751524925232,0.056722874913821636,-24.924835314057106,0.07954393730384254,0.011952193786110848,0.21071205936352255,False,False,True,0.0,287.71250581637446,287.42820874208286,287.4309834353948,1.0,0.5211320092431574
A_resonant_driven_swell_w0p750_c0p713_s0p000_b0p500,A,wave_cutoff_reference,resonant_driven_swell,0.5,generation/test_renders/architecture_ab_v1/raw/A_resonant_driven_swell_w0p750_c0p713_s0p000_b0p500.wav,6a4ee76a1585c26b42c734ed6b19a15b90df8d66aafc6929fd33f323825206a6,0.75,0.7125,0.75,0.75,0.35,0.4,0.8,0.45,0.5625,0.35,0.4,0.0,0.75,0.7124999761581421,0.75,0.75,0.3499999940395355,0.4000000059604645,0.800000011920929,0.44999998807907104,0.5625,0.3499999940395355,0.4000000059604645,0.0,0.5,0.5,0.20494753122329712,0.06519654583713766,-23.71550825824775,0.0886549369361453,-0.011949575451562307,0.1832854071964579,False,False,True,0.0,520.4077536650233,574.7139527614764,508.56036245126404,1.0,0.4675756737621968
B_resonant_held_w0p500_c0p575_s0p000_b0p750,B,main,resonant_held,0.75,generation/test_renders/architecture_ab_v1/raw/B_resonant_held_w0p500_c0p575_s0p000_b0p750.wav,9037c6bd2702466315372766470f28fb09c6ccee0bcd5a907e292da6c14fdc3c,0.5,0.575,0.75,0.0,0.1,0.3,0.8,0.3,0.53125,0.2,0.3,0.0,0.5,0.574999988079071,0.75,0.0,0.10000000149011612,0.30000001192092896,0.800000011920929,0.30000001192092896,0.53125,0.20000000298023224,0.30000001192092896,0.0,0.75,0.75,0.21890032291412354,0.0517373204505418,-25.723921355326635,0.07256524279726059,0.011905438202483257,0.23011315813821936,False,False,True,0.0,544.8088658134064,458.1247561152155,451.8228307532564,1.0,0.57124995758752
B_resonant_driven_swell_w1p000_c0p575_s0p000_b0p250,B,main,resonant_driven_swell,0.25,generation/test_renders/architecture_ab_v1/raw/B_resonant_driven_swell_w1p000_c0p575_s0p000_b0p250.wav,c8cbc4bb607106c752689607aee7be6029ae242492e42b4678e326380a7bf747,1.0,0.575,0.75,0.75,0.35,0.4,0.8,0.45,0.5625,0.35,0.4,0.0,1.0,0.574999988079071,0.75,0.75,0.3499999940395355,0.4000000059604645,0.800000011920929,0.44999998807907104,0.5625,0.3499999940395355,0.4000000059604645,0.0,0.25,0.25,0.1985158920288086,0.035559487778532385,-28.980890070211437,0.048377211342437616,-0.011840623522075279,0.3329807109657969,False,False,True,0.0,876.1323293861473,1142.7500964910234,824.0382328606269,1.0,0.8568681558934704
B_clean_held_w0p000_c0p300_s0p000_b0p750,B,main,clean_held,0.75,generation/test_renders/architecture_ab_v1/raw/B_clean_held_w0p000_c0p300_s0p000_b0p750.wav,38e81e753cc90e196ba791324db41e199fb8cfa09358bf37e87dc4df85b943db,0.0,0.3,0.2,0.0,0.1,0.3,0.8,0.3,0.53125,0.2,0.3,0.0,0.0,0.30000001192092896,0.20000000298023224,0.0,0.10000000149011612,0.30000001192092896,0.800000011920929,0.30000001192092896,0.53125,0.20000000298023224,0.30000001192092896,0.0,0.75,0.75,0.13268418610095978,0.022399579507723432,-32.99520268616448,0.03145973161986737,0.011828928541025527,0.5280870802483986,False,False,True,0.0,262.4687722494195,262.8404305947609,262.86379043705375,1.0,1.317649253056087
B_resonant_driven_swell_w0p000_c0p300_s0p000_b0p750,B,main,resonant_driven_swell,0.75,generation/test_renders/architecture_ab_v1/raw/B_resonant_driven_swell_w0p000_c0p300_s0p000_b0p750.wav,ae7caaea967c50fa632a507255f3d5b0c7a3349a4229a65cb5641aba4fffb1d8,0.0,0.3,0.75,0.75,0.35,0.4,0.8,0.45,0.5625,0.35,0.4,0.0,0.0,0.30000001192092896,0.75,0.75,0.3499999940395355,0.4000000059604645,0.800000011920929,0.44999998807907104,0.5625,0.3499999940395355,0.4000000059604645,0.0,0.75,0.75,0.1506500393152237,0.03164450584133462,-29.99403363705033,0.04395718861812774,0.011802277353600493,0.3729645017298436,False,False,True,0.0,263.5499632964195,263.69798091029367,263.0463571270662,1.0,0.9430287325784121
B_resonant_held_w0p500_c0p850_s0p000_b0p250,B,main,resonant_held,0.25,generation/test_renders/architecture_ab_v1/raw/B_resonant_held_w0p500_c0p850_s0p000_b0p250.wav,aa87fdb1b5b79d4b7fb2cec3ca48725786ffb6f216d381bc7c23b67a85569891,0.5,0.85,0.75,0.0,0.1,0.3,0.8,0.3,0.53125,0.2,0.3,0.0,0.5,0.8500000238418579,0.75,0.0,0.10000000149011612,0.30000001192092896,0.800000011920929,0.30000001192092896,0.53125,0.20000000298023224,0.30000001192092896,0.0,0.25,0.25,0.20904038846492767,0.04845954495549047,-26.292413365772713,0.06795691026588208,-0.011731829739550453,0.24209533437274333,False,False,True,0.0,953.2069785065618,990.2180858905549,989.3057921120749,1.0,0.6099878836174034
B_resonant_held_w0p500_c0p850_s0p000_b0p750,B,main,resonant_held,0.75,generation/test_renders/architecture_ab_v1/raw/B_resonant_held_w0p500_c0p850_s0p000_b0p750.wav,85607c99170666e34cb34b01c815bf6e15e04a6fd46e77430eb2a7d0d6427ebc,0.5,0.85,0.75,0.0,0.1,0.3,0.8,0.3,0.53125,0.2,0.3,0.0,0.5,0.8500000238418579,0.75,0.0,0.10000000149011612,0.30000001192092896,0.800000011920929,0.30000001192092896,0.53125,0.20000000298023224,0.30000001192092896,0.0,0.75,0.75,0.2045428454875946,0.048401401443010535,-26.30284126704785,0.06787447141201505,0.011675394778964662,0.24122018021960936,False,False,True,0.0,932.8556206794921,970.3053864006808,969.8065305862402,1.0,0.6107287616080833
A_resonant_driven_swell_w0p750_c0p850_s0p000_b0p500,A,wave_cutoff_reference,resonant_driven_swell,0.5,generation/test_renders/architecture_ab_v1/raw/A_resonant_driven_swell_w0p750_c0p850_s0p000_b0p500.wav,a0c10efc83f7ca0f1969b0c716378a874b1067cf6d3ad14401afe391e492b81f,0.75,0.85,0.75,0.75,0.35,0.4,0.8,0.45,0.5625,0.35,0.4,0.0,0.75,0.8500000238418579,0.75,0.75,0.3499999940395355,0.4000000059604645,0.800000011920929,0.44999998807907104,0.5625,0.3499999940395355,0.4000000059604645,0.0,0.5,0.5,0.24724751710891724,0.06789691589309596,-23.36299904783027,0.09226545218333335,-0.011602049574845038,0.1708774164810744,False,False,True,0.0,637.7897008256748,683.0083461370037,625.8226586221813,1.0,0.44927858574730073
B_clean_held_w0p000_c0p300_s0p000_b0p250,B,main,clean_held,0.25,generation/test_renders/architecture_ab_v1/raw/B_clean_held_w0p000_c0p300_s0p000_b0p250.wav,948dcc5d6f7247ed896347de415b5e4912d4c11d96dbebc0c48ad9694f2353f4,0.0,0.3,0.2,0.0,0.1,0.3,0.8,0.3,0.53125,0.2,0.3,0.0,0.0,0.30000001192092896,0.20000000298023224,0.0,0.10000000149011612,0.30000001192092896,0.800000011920929,0.30000001192092896,0.53125,0.20000000298023224,0.30000001192092896,0.0,0.25,0.25,0.14662203192710876,0.022155457827758497,-33.09038542267691,0.031130486415511784,-0.011559742914915194,0.5217559937051732,False,False,True,0.0,262.35072684562584,262.7356227839908,262.75984853658355,1.0,1.3315851001161338
B_resonant_held_w0p500_c0p300_s0p000_b0p250,B,main,resonant_held,0.25,generation/test_renders/architecture_ab_v1/raw/B_resonant_held_w0p500_c0p300_s0p000_b0p250.wav,869a9d065c85edb10f767c4841df4f65aeac98aa191719893a23486d7ef36e2d,0.5,0.3,0.75,0.0,0.1,0.3,0.8,0.3,0.53125,0.2,0.3,0.0,0.5,0.30000001192092896,0.75,0.0,0.10000000149011612,0.30000001192092896,0.800000011920929,0.30000001192092896,0.53125,0.20000000298023224,0.30000001192092896,0.0,0.25,0.25,0.18639662861824036,0.022615309361743482,-32.91194934060386,0.031810035519250504,-0.011309258683709791,0.5000709255315677,False,False,True,0.0,262.3519495664112,264.61149764540926,264.64605523958335,1.0,1.303138811183569
B_resonant_held_w0p500_c0p300_s0p000_b0p750,B,main,resonant_held,0.75,generation/test_renders/architecture_ab_v1/raw/B_resonant_held_w0p500_c0p300_s0p000_b0p750.wav,d7c4eb3c382299e432f2a16151882196c66423b5044228050fd89c033e3344a1,0.5,0.3,0.75,0.0,0.1,0.3,0.8,0.3,0.53125,0.2,0.3,0.0,0.5,0.30000001192092896,0.75,0.0,0.10000000149011612,0.30000001192092896,0.800000011920929,0.30000001192092896,0.53125,0.20000000298023224,0.30000001192092896,0.0,0.75,0.75,0.19167035818099976,0.022570967510623045,-32.928996487457624,0.031738091344597666,0.011270511626997359,0.4993366643097104,False,False,True,0.0,262.3580030201782,264.6023210323581,264.6367391943993,1.0,1.3060927772935895
B_resonant_driven_swell_w1p000_c0p300_s0p000_b0p250,B,main,resonant_driven_swell,0.25,generation/test_renders/architecture_ab_v1/raw/B_resonant_driven_swell_w1p000_c0p300_s0p000_b0p250.wav,144c1002bb054e66a6e774c2789a9ee8759738efac210f262e9a79e7b96758ac,1.0,0.3,0.75,0.75,0.35,0.4,0.8,0.45,0.5625,0.35,0.4,0.0,1.0,0.30000001192092896,0.75,0.75,0.3499999940395355,0.4000000059604645,0.800000011920929,0.44999998807907104,0.5625,0.3499999940395355,0.4000000059604645,0.0,0.25,0.25,0.11350908130407333,0.023169938721643784,-32.70150229604957,0.032183999903807894,-0.01078316461124977,0.46539461069773436,False,False,True,0.0,269.0643429515196,264.9798760972943,269.49979975357195,1.0,1.287996892684512
B_resonant_driven_swell_w1p000_c0p850_s0p000_b0p250,B,main,resonant_driven_swell,0.25,generation/test_renders/architecture_ab_v1/raw/B_resonant_driven_swell_w1p000_c0p850_s0p000_b0p250.wav,79f4d25ccb24227fd542cb83ac41235fdf5ab15b985f3537db3550a23bad2825,1.0,0.85,0.75,0.75,0.35,0.4,0.8,0.45,0.5625,0.35,0.4,0.0,1.0,0.8500000238418579,0.75,0.75,0.3499999940395355,0.4000000059604645,0.800000011920929,0.44999998807907104,0.5625,0.3499999940395355,0.4000000059604645,0.0,0.25,0.25,0.26288846135139465,0.04216967121145976,-27.499995701592887,0.05727500576438483,-0.010723288601192843,0.25428912043020035,False,False,True,0.0,2452.923952016166,2587.4879500636407,2351.3738685599465,1.0,0.7237518585469921
B_resonant_driven_swell_w1p000_c0p575_s0p000_b0p750,B,main,resonant_driven_swell,0.75,generation/test_renders/architecture_ab_v1/raw/B_resonant_driven_swell_w1p000_c0p575_s0p000_b0p750.wav,b5800027007fa2bd2715876f0d951a72fc8e29040ecc9d4a98b1fe478d776718,1.0,0.575,0.75,0.75,0.35,0.4,0.8,0.45,0.5625,0.35,0.4,0.0,1.0,0.574999988079071,0.75,0.75,0.3499999940395355,0.4000000059604645,0.800000011920929,0.44999998807907104,0.5625,0.3499999940395355,0.4000000059604645,0.0,0.75,0.75,0.20170122385025024,0.03719111571324238,-28.591215856947258,0.050578177425228465,-0.010554391402214163,0.2837879746225558,False,False,True,0.0,811.8139203529917,1037.476839621493,773.8554594573048,1.0,0.8195805776422945
B_resonant_driven_swell_w1p000_c0p300_s0p000_b0p750,B,main,resonant_driven_swell,0.75,generation/test_renders/architecture_ab_v1/raw/B_resonant_driven_swell_w1p000_c0p300_s0p000_b0p750.wav,a4e647cff7acfca3d1045470733451f8f0b0b40ec0cd37553bbf471906cfcbad,1.0,0.3,0.75,0.75,0.35,0.4,0.8,0.45,0.5625,0.35,0.4,0.0,1.0,0.30000001192092896,0.75,0.75,0.3499999940395355,0.4000000059604645,0.800000011920929,0.44999998807907104,0.5625,0.3499999940395355,0.4000000059604645,0.0,0.75,0.75,0.11424720287322998,0.022905068045888873,-32.80136827386347,0.031927259602385856,-0.009559524998258804,0.41735414097469137,False,False,True,0.0,268.59644710343747,265.1499767292158,268.9775367663169,1.0,1.2983542084885205
A_resonant_driven_swell_w1p000_c0p575_s0p400_b0p500,A,main,resonant_driven_swell,0.5,generation/test_renders/architecture_ab_v1/raw/A_resonant_driven_swell_w1p000_c0p575_s0p400_b0p500.wav,f1a8496a65fc5c9b110afe4fc1ae21e2a6e89755d94c6fa4c9e3f254c82e161d,1.0,0.575,0.75,0.75,0.35,0.4,0.8,0.45,0.5625,0.35,0.4,0.4,1.0,0.574999988079071,0.75,0.75,0.3499999940395355,0.4000000059604645,0.800000011920929,0.44999998807907104,0.5625,0.3499999940395355,0.4000000059604645,0.4000000059604645,0.5,0.5,0.20317929983139038,0.03939724982962195,-28.09068187085206,0.05370751964084943,-0.00942064287820934,0.2391193019550862,False,False,True,0.0,762.1212616578256,970.4317738790199,874.6926862802495,1.0,0.7718265923927443
A_resonant_driven_swell_w1p000_c0p575_s0p000_b0p500,A,main,resonant_driven_swell,0.5,generation/test_renders/architecture_ab_v1/raw/A_resonant_driven_swell_w1p000_c0p575_s0p000_b0p500.wav,475bd2582d0f290b5bc4e2b2d3e487772d1df15659766812c39aff90e7dd4fd4,1.0,0.575,0.75,0.75,0.35,0.4,0.8,0.45,0.5625,0.35,0.4,0.0,1.0,0.574999988079071,0.75,0.75,0.3499999940395355,0.4000000059604645,0.800000011920929,0.44999998807907104,0.5625,0.3499999940395355,0.4000000059604645,0.0,0.5,0.5,0.20315223932266235,0.03873275924255807,-28.238431273222773,0.05267216423007458,-0.009357364678227524,0.24158786673648625,False,False,True,0.0,762.1212616578256,954.0743639173182,730.862895776477,1.0,0.7869980752868811
A_resonant_driven_swell_w0p875_c0p575_s0p000_b0p500,A,wave_cutoff_reference,resonant_driven_swell,0.5,generation/test_renders/architecture_ab_v1/raw/A_resonant_driven_swell_w0p875_c0p575_s0p000_b0p500.wav,40926d6c54a81508288ce93df9f22b1391f85fe9c1cea1810a7c576831ad2067,0.875,0.575,0.75,0.75,0.35,0.4,0.8,0.45,0.5625,0.35,0.4,0.0,0.875,0.574999988079071,0.75,0.75,0.3499999940395355,0.4000000059604645,0.800000011920929,0.44999998807907104,0.5625,0.3499999940395355,0.4000000059604645,0.0,0.5,0.5,0.20315223932266235,0.03873275924255807,-28.238431273222773,0.05267216423007458,-0.009357364678227524,0.24158786673648625,False,False,True,0.0,762.1212616578256,954.0743639173182,730.862895776477,1.0,0.7869980752868811
B_resonant_driven_swell_w1p000_c0p575_s0p000_b0p500,B,main,resonant_driven_swell,0.5,generation/test_renders/architecture_ab_v1/raw/B_resonant_driven_swell_w1p000_c0p575_s0p000_b0p500.wav,faced5ee37a528f15ca45629a075e5557289064e0a15ffcd9dd0ec873be9b00a,1.0,0.575,0.75,0.75,0.35,0.4,0.8,0.45,0.5625,0.35,0.4,0.0,1.0,0.574999988079071,0.75,0.75,0.3499999940395355,0.4000000059604645,0.800000011920929,0.44999998807907104,0.5625,0.3499999940395355,0.4000000059604645,0.0,0.5,0.5,0.20315225422382355,0.03873275912647053,-28.238431299255605,0.052672164199481133,-0.009357364514390969,0.241587863230637,False,False,True,0.0,762.1212914612826,954.0743548868226,730.8628962290285,1.0,0.7869980757439913
A_resonant_driven_swell_w1p000_c0p300_s1p000_b0p500,A,main,resonant_driven_swell,0.5,generation/test_renders/architecture_ab_v1/raw/A_resonant_driven_swell_w1p000_c0p300_s1p000_b0p500.wav,beebc5b83dca878c160e5ecd5dd21d16b53863a1d3003cb5ae928016c9841d18,1.0,0.3,0.75,0.75,0.35,0.4,0.8,0.45,0.5625,0.35,0.4,1.0,1.0,0.30000001192092896,0.75,0.75,0.3499999940395355,0.4000000059604645,0.800000011920929,0.44999998807907104,0.5625,0.3499999940395355,0.4000000059604645,1.0,0.5,0.5,0.11519769579172134,0.03458390642322789,-29.22251905164559,0.04801610603440445,-0.0092950368564505,0.2687676962428858,False,False,True,0.0,268.1782756680354,267.43502959184605,267.3453499993706,1.0,0.8633122361184689
B_resonant_driven_swell_w1p000_c0p850_s0p000_b0p750,B,main,resonant_driven_swell,0.75,generation/test_renders/architecture_ab_v1/raw/B_resonant_driven_swell_w1p000_c0p850_s0p000_b0p750.wav,07cb1c9fe00192c39229e61cc403835ba534de68ec0d1bdc83652f0e1a0fad8f,1.0,0.85,0.75,0.75,0.35,0.4,0.8,0.45,0.5625,0.35,0.4,0.0,1.0,0.8500000238418579,0.75,0.75,0.3499999940395355,0.4000000059604645,0.800000011920929,0.44999998807907104,0.5625,0.3499999940395355,0.4000000059604645,0.0,0.75,0.75,0.2516547441482544,0.043750136588227295,-27.180411735383846,0.05944882785080535,-0.00928584704551442,0.21224726982939626,False,False,True,0.0,2191.288149670201,2306.029264567584,2109.3979099742182,1.0,0.6972869502876438
A_resonant_driven_swell_w1p000_c0p575_s1p000_b0p500,A,main,resonant_driven_swell,0.5,generation/test_renders/architecture_ab_v1/raw/A_resonant_driven_swell_w1p000_c0p575_s1p000_b0p500.wav,93824fcda200d0494f0b173dc7f33063e3065110696953bb8411b0c1b98b33fa,1.0,0.575,0.75,0.75,0.35,0.4,0.8,0.45,0.5625,0.35,0.4,1.0,1.0,0.574999988079071,0.75,0.75,0.3499999940395355,0.4000000059604645,0.800000011920929,0.44999998807907104,0.5625,0.3499999940395355,0.4000000059604645,1.0,0.5,0.5,0.20321929454803467,0.04094162574070699,-27.756698320817755,0.05582426052922531,-0.009253978043790386,0.22602859257221536,False,False,True,0.0,762.1212616578256,1034.4230460252784,1070.4478813726635,1.0,0.7425605189801242
A_resonant_driven_swell_w0p875_c0p438_s0p000_b0p500,A,wave_cutoff_reference,resonant_driven_swell,0.5,generation/test_renders/architecture_ab_v1/raw/A_resonant_driven_swell_w0p875_c0p438_s0p000_b0p500.wav,d4c61652104a9482ba249acacf3c3a25d4e56fca742441565721fce721867414,0.875,0.4375,0.75,0.75,0.35,0.4,0.8,0.45,0.5625,0.35,0.4,0.0,0.875,0.4375,0.75,0.75,0.3499999940395355,0.4000000059604645,0.800000011920929,0.44999998807907104,0.5625,0.3499999940395355,0.4000000059604645,0.0,0.5,0.5,0.1401129513978958,0.033529695914295034,-29.491407704666987,0.04537126808070342,-0.009164750094809982,0.27333233555818465,False,False,True,0.0,425.0866231461037,574.5273009650056,335.90606716994637,1.0,0.9136374984390899
A_resonant_driven_swell_w1p000_c0p438_s0p000_b0p500,A,wave_cutoff_reference,resonant_driven_swell,0.5,generation/test_renders/architecture_ab_v1/raw/A_resonant_driven_swell_w1p000_c0p438_s0p000_b0p500.wav,54facf8e71fcc38d6d80ae548504b98c86228183abd2ac92750c409a4232fb81,1.0,0.4375,0.75,0.75,0.35,0.4,0.8,0.45,0.5625,0.35,0.4,0.0,1.0,0.4375,0.75,0.75,0.3499999940395355,0.4000000059604645,0.800000011920929,0.44999998807907104,0.5625,0.3499999940395355,0.4000000059604645,0.0,0.5,0.5,0.1401129513978958,0.033529695914295034,-29.491407704666987,0.04537126808070342,-0.009164750094809982,0.27333233555818465,False,False,True,0.0,425.0866231461037,574.5273009650056,335.90606716994637,1.0,0.9136374984390899
B_resonant_driven_swell_w0p000_c0p300_s0p000_b0p250,B,main,resonant_driven_swell,0.25,generation/test_renders/architecture_ab_v1/raw/B_resonant_driven_swell_w0p000_c0p300_s0p000_b0p250.wav,478a4af0a99d541c1139ec41b0393564602ce76a447141ab5a37f300c3445bb7,0.0,0.3,0.75,0.75,0.35,0.4,0.8,0.45,0.5625,0.35,0.4,0.0,0.0,0.30000001192092896,0.75,0.75,0.3499999940395355,0.4000000059604645,0.800000011920929,0.44999998807907104,0.5625,0.3499999940395355,0.4000000059604645,0.0,0.25,0.25,0.16099251806735992,0.030228093495009663,-30.391784863725984,0.04220603898896132,-0.008954081268026203,0.29621720170689647,False,False,True,0.0,262.6555235952737,263.66192619592687,262.1268356789669,1.0,0.9821554655035245
A_resonant_driven_swell_w1p000_c0p300_s0p400_b0p500,A,main,resonant_driven_swell,0.5,generation/test_renders/architecture_ab_v1/raw/A_resonant_driven_swell_w1p000_c0p300_s0p400_b0p500.wav,93aaf3b6d79978c2e230c6ee382e89f973ffcba49d3c6a4dfd7139bd23402057,1.0,0.3,0.75,0.75,0.35,0.4,0.8,0.45,0.5625,0.35,0.4,0.4,1.0,0.30000001192092896,0.75,0.75,0.3499999940395355,0.4000000059604645,0.800000011920929,0.44999998807907104,0.5625,0.3499999940395355,0.4000000059604645,0.4000000059604645,0.5,0.5,0.11519775539636612,0.026863521678035535,-31.416741080492727,0.037577461257302644,-0.00870406337154694,0.3240105104560307,False,False,True,0.0,268.1782756680354,265.66730694481424,265.4224344887602,1.0,1.103131783875033
A_resonant_driven_swell_w1p000_c0p300_s0p000_b0p500,A,main,resonant_driven_swell,0.5,generation/test_renders/architecture_ab_v1/raw/A_resonant_driven_swell_w1p000_c0p300_s0p000_b0p500.wav,b89f7de0a8878b0e43925cba5b959a7344f2c6df853758561bf7c2f94eb981f3,1.0,0.3,0.75,0.75,0.35,0.4,0.8,0.45,0.5625,0.35,0.4,0.0,1.0,0.30000001192092896,0.75,0.75,0.3499999940395355,0.4000000059604645,0.800000011920929,0.44999998807907104,0.5625,0.3499999940395355,0.4000000059604645,0.0,0.5,0.5,0.11519776284694672,0.0227778195749689,-32.84975702909041,0.031840943015661344,-0.008494145295017116,0.37291301158393314,False,False,True,0.0,268.1782756680354,265.2560960582419,268.5213374044927,1.0,1.3018738750882506
A_resonant_driven_swell_w0p875_c0p300_s0p000_b0p500,A,wave_cutoff_reference,resonant_driven_swell,0.5,generation/test_renders/architecture_ab_v1/raw/A_resonant_driven_swell_w0p875_c0p300_s0p000_b0p500.wav,467dd9b35d93a5b47d31b4415f8b1b927c1151986d04550da1b896f316649685,0.875,0.3,0.75,0.75,0.35,0.4,0.8,0.45,0.5625,0.35,0.4,0.0,0.875,0.30000001192092896,0.75,0.75,0.3499999940395355,0.4000000059604645,0.800000011920929,0.44999998807907104,0.5625,0.3499999940395355,0.4000000059604645,0.0,0.5,0.5,0.11519776284694672,0.0227778195749689,-32.84975702909041,0.031840943015661344,-0.008494145295017116,0.37291301158393314,False,False,True,0.0,268.1782756680354,265.2560960582419,268.5213374044927,1.0,1.3018738750882506
B_resonant_driven_swell_w1p000_c0p300_s0p000_b0p500,B,main,resonant_driven_swell,0.5,generation/test_renders/architecture_ab_v1/raw/B_resonant_driven_swell_w1p000_c0p300_s0p000_b0p500.wav,f93cadfd5370b51726c489e96f01d0c763dc65baf26f7491d521d278608d89b6,1.0,0.3,0.75,0.75,0.35,0.4,0.8,0.45,0.5625,0.35,0.4,0.0,1.0,0.30000001192092896,0.75,0.75,0.3499999940395355,0.4000000059604645,0.800000011920929,0.44999998807907104,0.5625,0.3499999940395355,0.4000000059604645,0.0,0.5,0.5,0.11519774794578552,0.02277781945814515,-32.849757073638926,0.03184094286946056,-0.008494145118252869,0.3729130057361762,False,False,True,0.0,268.1782765685156,265.2560953319438,268.521337431016,1.0,1.301873881065931
A_resonant_driven_swell_w0p875_c0p713_s0p000_b0p500,A,wave_cutoff_reference,resonant_driven_swell,0.5,generation/test_renders/architecture_ab_v1/raw/A_resonant_driven_swell_w0p875_c0p713_s0p000_b0p500.wav,e511e29bb1217ae3e5103d62e3f57aa0d6027a0f5ad031fd35d7e5aee6ddb267,0.875,0.7125,0.75,0.75,0.35,0.4,0.8,0.45,0.5625,0.35,0.4,0.0,0.875,0.7124999761581421,0.75,0.75,0.3499999940395355,0.4000000059604645,0.800000011920929,0.44999998807907104,0.5625,0.3499999940395355,0.4000000059604645,0.0,0.5,0.5,0.20829680562019348,0.04303640858770857,-27.323279558923858,0.05862632930456607,-0.008328425418429916,0.19352045609141652,False,False,True,0.0,1195.666793859731,1545.3665952360268,1143.6656976116005,1.0,0.7070695430190386
A_resonant_driven_swell_w1p000_c0p713_s0p000_b0p500,A,wave_cutoff_reference,resonant_driven_swell,0.5,generation/test_renders/architecture_ab_v1/raw/A_resonant_driven_swell_w1p000_c0p713_s0p000_b0p500.wav,e29af2ed1fca900e70819e9a128170717ce10ba41b09b023156b816b61803604,1.0,0.7125,0.75,0.75,0.35,0.4,0.8,0.45,0.5625,0.35,0.4,0.0,1.0,0.7124999761581421,0.75,0.75,0.3499999940395355,0.4000000059604645,0.800000011920929,0.44999998807907104,0.5625,0.3499999940395355,0.4000000059604645,0.0,0.5,0.5,0.20829680562019348,0.04303640858770857,-27.323279558923858,0.05862632930456607,-0.008328425418429916,0.19352045609141652,False,False,True,0.0,1195.666793859731,1545.3665952360268,1143.6656976116005,1.0,0.7070695430190386
A_resonant_driven_swell_w1p000_c0p850_s1p000_b0p500,A,main,resonant_driven_swell,0.5,generation/test_renders/architecture_ab_v1/raw/A_resonant_driven_swell_w1p000_c0p850_s1p000_b0p500.wav,ea808307cb6a1098d878eea03b4af5a66bb4c2ee71fcca2f5770b0ce54d2ee8c,1.0,0.85,0.75,0.75,0.35,0.4,0.8,0.45,0.5625,0.35,0.4,1.0,1.0,0.8500000238418579,0.75,0.75,0.3499999940395355,0.4000000059604645,0.800000011920929,0.44999998807907104,0.5625,0.3499999940395355,0.4000000059604645,1.0,0.5,0.5,0.25335627794265747,0.045488148829768524,-26.84203473421869,0.06176765821763416,-0.008213288835849411,0.18055887186322342,False,False,True,0.0,2003.993650427542,1480.0690748619381,1165.4888959530226,1.0,0.671109979986723
A_resonant_driven_swell_w1p000_c0p850_s0p400_b0p500,A,main,resonant_driven_swell,0.5,generation/test_renders/architecture_ab_v1/raw/A_resonant_driven_swell_w1p000_c0p850_s0p400_b0p500.wav,40c437ccadc80ff9b61653725373e3a8ecf4209303cf7c52f3b5977b139e22ff,1.0,0.85,0.75,0.75,0.35,0.4,0.8,0.45,0.5625,0.35,0.4,0.4,1.0,0.8500000238418579,0.75,0.75,0.3499999940395355,0.4000000059604645,0.800000011920929,0.44999998807907104,0.5625,0.3499999940395355,0.4000000059604645,0.4000000059604645,0.5,0.5,0.2569025754928589,0.045482407350323065,-26.84313112977749,0.06177456786282765,-0.00798579647370266,0.17557989866703783,False,False,True,0.0,2003.993650427542,2053.5707949381263,2147.410094093474,1.0,0.671034914599656
A_resonant_driven_swell_w1p000_c0p850_s0p000_b0p500,A,main,resonant_driven_swell,0.5,generation/test_renders/architecture_ab_v1/raw/A_resonant_driven_swell_w1p000_c0p850_s0p000_b0p500.wav,a6fb61b40eb8a0d12430b75ccc45fb4774598da9b69105c916fab0b9fb4738cf,1.0,0.85,0.75,0.75,0.35,0.4,0.8,0.45,0.5625,0.35,0.4,0.0,1.0,0.8500000238418579,0.75,0.75,0.3499999940395355,0.4000000059604645,0.800000011920929,0.44999998807907104,0.5625,0.3499999940395355,0.4000000059604645,0.0,0.5,0.5,0.26133832335472107,0.04535323015701489,-26.86783552184204,0.06158919459260688,-0.007869051944041661,0.17350587635761897,False,False,True,0.0,2003.993650427542,2088.8531675395443,1913.2582891027002,1.0,0.6730546185002261
A_resonant_driven_swell_w0p875_c0p850_s0p000_b0p500,A,wave_cutoff_reference,resonant_driven_swell,0.5,generation/test_renders/architecture_ab_v1/raw/A_resonant_driven_swell_w0p875_c0p850_s0p000_b0p500.wav,c9d5e4be3a21a8cd05f79116e4fae0c8f7eef9a57d145f53d784174ec30a7278,0.875,0.85,0.75,0.75,0.35,0.4,0.8,0.45,0.5625,0.35,0.4,0.0,0.875,0.8500000238418579,0.75,0.75,0.3499999940395355,0.4000000059604645,0.800000011920929,0.44999998807907104,0.5625,0.3499999940395355,0.4000000059604645,0.0,0.5,0.5,0.26133832335472107,0.04535323015701489,-26.86783552184204,0.06158919459260688,-0.007869051944041661,0.17350587635761897,False,False,True,0.0,2003.993650427542,2088.8531675395443,1913.2582891027002,1.0,0.6730546185002261
B_resonant_driven_swell_w1p000_c0p850_s0p000_b0p500,B,main,resonant_driven_swell,0.5,generation/test_renders/architecture_ab_v1/raw/B_resonant_driven_swell_w1p000_c0p850_s0p000_b0p500.wav,46a0320265a80290634488276eaf2bf426b70149415b54aa6cf6adc658d1bd46,1.0,0.85,0.75,0.75,0.35,0.4,0.8,0.45,0.5625,0.35,0.4,0.0,1.0,0.8500000238418579,0.75,0.75,0.3499999940395355,0.4000000059604645,0.800000011920929,0.44999998807907104,0.5625,0.3499999940395355,0.4000000059604645,0.0,0.5,0.5,0.26133838295936584,0.04535323029284782,-26.867835495827798,0.06158919479980641,-0.00786905184541077,0.1735058736632419,False,False,True,0.0,2003.993830785392,2088.8535744470446,1913.2582959195731,1.0,0.6730546162359229
A_resonant_driven_swell_w0p375_c0p438_s0p000_b0p500,A,wave_cutoff_reference,resonant_driven_swell,0.5,generation/test_renders/architecture_ab_v1/raw/A_resonant_driven_swell_w0p375_c0p438_s0p000_b0p500.wav,15a1fe604e1083af860ab7f2b0ae125820c3114b826ffc2863881a498893cd0d,0.375,0.4375,0.75,0.75,0.35,0.4,0.8,0.45,0.5625,0.35,0.4,0.0,0.375,0.4375,0.75,0.75,0.3499999940395355,0.4000000059604645,0.800000011920929,0.44999998807907104,0.5625,0.3499999940395355,0.4000000059604645,0.0,0.5,0.5,0.16079747676849365,0.05047098137052987,-25.939165013048815,0.06861417331048496,0.0074834166451760034,0.1482716690257501,False,False,True,0.0,279.9656644345511,350.74130543810054,273.29606739785703,1.0,0.6041447396398023
B_resonant_held_w0p000_c0p575_s0p000_b0p750,B,main,resonant_held,0.75,generation/test_renders/architecture_ab_v1/raw/B_resonant_held_w0p000_c0p575_s0p000_b0p750.wav,a6f68ab2f48d2bc450c25b791a177264262076ef2af14ed8d9abc46f19180e43,0.0,0.575,0.75,0.0,0.1,0.3,0.8,0.3,0.53125,0.2,0.3,0.0,0.0,0.574999988079071,0.75,0.0,0.10000000149011612,0.30000001192092896,0.800000011920929,0.30000001192092896,0.53125,0.20000000298023224,0.30000001192092896,0.0,0.75,0.75,0.20273734629154205,0.03663453456199913,-28.722186435134702,0.05137563005895141,0.006903169625114857,0.18843339236184783,False,False,True,0.0,326.851559488867,328.0163635384303,328.6550707337424,1.0,0.80685904625788
B_resonant_held_w0p000_c0p850_s0p000_b0p250,B,main,resonant_held,0.25,generation/test_renders/architecture_ab_v1/raw/B_resonant_held_w0p000_c0p850_s0p000_b0p250.wav,091b9ce764d82dea26052637ab92b3ce0e978151bd0146f2dc10f8ba34f2d266,0.0,0.85,0.75,0.0,0.1,0.3,0.8,0.3,0.53125,0.2,0.3,0.0,0.0,0.8500000238418579,0.75,0.0,0.10000000149011612,0.30000001192092896,0.800000011920929,0.30000001192092896,0.53125,0.20000000298023224,0.30000001192092896,0.0,0.25,0.25,0.15313720703125,0.0325865817914342,-29.73922385972141,0.045703481256959354,-0.0068235108499977186,0.2093963366170356,False,False,True,0.0,290.9908281299394,288.8843017568545,288.90584967130786,1.0,0.9069963759916232
B_resonant_held_w0p000_c0p850_s0p000_b0p750,B,main,resonant_held,0.75,generation/test_renders/architecture_ab_v1/raw/B_resonant_held_w0p000_c0p850_s0p000_b0p750.wav,d2e9515f2a30e2b4458d72dcf0039394baf86b59d8367edd5e9ab50b30c5e9ea,0.0,0.85,0.75,0.0,0.1,0.3,0.8,0.3,0.53125,0.2,0.3,0.0,0.0,0.8500000238418579,0.75,0.0,0.10000000149011612,0.30000001192092896,0.800000011920929,0.30000001192092896,0.53125,0.20000000298023224,0.30000001192092896,0.0,0.75,0.75,0.1484781801700592,0.03255354219852736,-29.748034966139592,0.04565253993717127,0.006812422830499098,0.20926825071611638,False,False,True,0.0,290.2644358277156,288.6961658104738,288.7145619970638,1.0,0.9080084465686296
B_resonant_held_w0p000_c0p575_s0p000_b0p250,B,main,resonant_held,0.25,generation/test_renders/architecture_ab_v1/raw/B_resonant_held_w0p000_c0p575_s0p000_b0p250.wav,87396ea253d97a4446c3434ea877bb505235bd99a35925199c98f73af9c29ddd,0.0,0.575,0.75,0.0,0.1,0.3,0.8,0.3,0.53125,0.2,0.3,0.0,0.0,0.574999988079071,0.75,0.0,0.10000000149011612,0.30000001192092896,0.800000011920929,0.30000001192092896,0.53125,0.20000000298023224,0.30000001192092896,0.0,0.25,0.25,0.18503086268901825,0.036973281803035773,-28.642239981941827,0.051857447281361504,-0.006794523596315988,0.18376847455716275,False,False,True,0.0,336.5452753029734,334.9911963665222,335.3315646182521,1.0,0.7993623682506662
B_resonant_held_w0p000_c0p300_s0p000_b0p750,B,main,resonant_held,0.75,generation/test_renders/architecture_ab_v1/raw/B_resonant_held_w0p000_c0p300_s0p000_b0p750.wav,4c2b2dff90f1cc41d98c72546facef33f942bb08c497ae7d9a1f8dec7a8ab0f9,0.0,0.3,0.75,0.0,0.1,0.3,0.8,0.3,0.53125,0.2,0.3,0.0,0.0,0.30000001192092896,0.75,0.0,0.10000000149011612,0.30000001192092896,0.800000011920929,0.30000001192092896,0.53125,0.20000000298023224,0.30000001192092896,0.0,0.75,0.75,0.16064013540744781,0.01691401224120571,-35.43506718863971,0.02381325340588305,0.006715894194616997,0.39706097517511646,False,False,True,0.0,261.4573274953223,262.5382291352403,262.55047690100633,1.0,1.7407487823575714
B_resonant_held_w0p000_c0p300_s0p000_b0p250,B,main,resonant_held,0.25,generation/test_renders/architecture_ab_v1/raw/B_resonant_held_w0p000_c0p300_s0p000_b0p250.wav,03f25b8de4e0d673400a72f888b5b3ae35e7736f0e97ba480188f4f0fa2b8a68,0.0,0.3,0.75,0.0,0.1,0.3,0.8,0.3,0.53125,0.2,0.3,0.0,0.0,0.30000001192092896,0.75,0.0,0.10000000149011612,0.30000001192092896,0.800000011920929,0.30000001192092896,0.53125,0.20000000298023224,0.30000001192092896,0.0,0.25,0.25,0.15843768417835236,0.01671893369234822,-35.53582849284017,0.02354500962767934,-0.00649001772620346,0.388183711092398,False,False,True,0.0,261.3293697422621,262.4723659727268,262.4851553669611,1.0,1.7605807993185736
B_clean_held_w1p000_c0p575_s0p000_b0p250,B,main,clean_held,0.25,generation/test_renders/architecture_ab_v1/raw/B_clean_held_w1p000_c0p575_s0p000_b0p250.wav,f52aa61cb0dd2160c977e7559913c07d00e77cd2453b8a3628b72acfc162721c,1.0,0.575,0.2,0.0,0.1,0.3,0.8,0.3,0.53125,0.2,0.3,0.0,1.0,0.574999988079071,0.20000000298023224,0.0,0.10000000149011612,0.30000001192092896,0.800000011920929,0.30000001192092896,0.53125,0.20000000298023224,0.30000001192092896,0.0,0.25,0.25,0.21839293837547302,0.0347058166620707,-29.191954635284034,0.048680549076229776,-0.005942185609872364,0.17121584164784867,False,False,True,0.0,663.3437386375502,609.6516420247517,607.1608179994116,1.0,0.8515288479049682
A_resonant_driven_swell_w0p375_c0p575_s0p000_b0p500,A,wave_cutoff_reference,resonant_driven_swell,0.5,generation/test_renders/architecture_ab_v1/raw/A_resonant_driven_swell_w0p375_c0p575_s0p000_b0p500.wav,9ba801fff8df36f71ea78fbd3e556ee35ed7fad9e1a19859c14b4b607cfd0170,0.375,0.575,0.75,0.75,0.35,0.4,0.8,0.45,0.5625,0.35,0.4,0.0,0.375,0.574999988079071,0.75,0.75,0.3499999940395355,0.4000000059604645,0.800000011920929,0.44999998807907104,0.5625,0.3499999940395355,0.4000000059604645,0.0,0.5,0.5,0.17399010062217712,0.05144567179107126,-25.77302314546494,0.06995760234519613,0.005336689353090913,0.1037344672019062,False,False,True,0.0,372.73204305089513,398.67284806713184,368.700031571527,1.0,0.5925430615205998
A_resonant_driven_swell_w0p375_c0p300_s0p000_b0p500,A,wave_cutoff_reference,resonant_driven_swell,0.5,generation/test_renders/architecture_ab_v1/raw/A_resonant_driven_swell_w0p375_c0p300_s0p000_b0p500.wav,961c476925b69de2926f49fc72e8dc2cc918bd6543179b7f1776999580513b97,0.375,0.3,0.75,0.75,0.35,0.4,0.8,0.45,0.5625,0.35,0.4,0.0,0.375,0.30000001192092896,0.75,0.75,0.3499999940395355,0.4000000059604645,0.800000011920929,0.44999998807907104,0.5625,0.3499999940395355,0.4000000059604645,0.0,0.5,0.5,0.15089714527130127,0.027836563558433915,-31.107687593676573,0.03899315693940784,-0.005100246242811018,0.18322111607291938,False,False,True,0.0,263.83211658827,263.42888198282253,263.34376511867566,1.0,1.0630811948536916
B_clean_held_w1p000_c0p300_s0p000_b0p250,B,main,clean_held,0.25,generation/test_renders/architecture_ab_v1/raw/B_clean_held_w1p000_c0p300_s0p000_b0p250.wav,5251bb1b2c480e507d8d601fcc774a0987781c22319d4d9f7b4e7daca52d27f0,1.0,0.3,0.2,0.0,0.1,0.3,0.8,0.3,0.53125,0.2,0.3,0.0,1.0,0.30000001192092896,0.20000000298023224,0.0,0.10000000149011612,0.30000001192092896,0.800000011920929,0.30000001192092896,0.53125,0.20000000298023224,0.30000001192092896,0.0,0.25,0.25,0.056833066046237946,0.0093151005121963,-40.61624909199093,0.013089712493327113,-0.004942850740317169,0.5306277408220634,False,False,True,0.0,280.2980040979296,280.7702565340855,280.82576581404436,1.0,3.166829820853216
B_clean_held_w1p000_c0p300_s0p000_b0p750,B,main,clean_held,0.75,generation/test_renders/architecture_ab_v1/raw/B_clean_held_w1p000_c0p300_s0p000_b0p750.wav,4bc9d3c55d7a89a56f2f80e35c43f71a70119d51ca841b238e3248086937759f,1.0,0.3,0.2,0.0,0.1,0.3,0.8,0.3,0.53125,0.2,0.3,0.0,1.0,0.30000001192092896,0.20000000298023224,0.0,0.10000000149011612,0.30000001192092896,0.800000011920929,0.30000001192092896,0.53125,0.20000000298023224,0.30000001192092896,0.0,0.75,0.75,0.056921884417533875,0.008558585099209322,-41.35196053448517,0.012034673814742243,-0.003343271930179054,0.3906337194085877,False,False,True,0.0,279.04153541052546,279.48766737056627,279.54038797395543,1.0,3.4444549564346487
B_driven_pluck_w0p500_c0p850_s0p000_b0p000,B,Bend_extreme,driven_pluck,0.0,generation/test_renders/architecture_ab_v1/raw/B_driven_pluck_w0p500_c0p850_s0p000_b0p000.wav,93b352325bd5b8ab5f9621bc763a55a5d5cd2bd1bf18f36c33ed7e50df801d70,0.5,0.85,0.2,0.75,0.05,0.2,0.2,0.15,0.5625,0.05,0.2,0.0,0.5,0.8500000238418579,0.20000000298023224,0.75,0.05000000074505806,0.20000000298023224,0.20000000298023224,0.15000000596046448,0.5625,0.05000000074505806,0.20000000298023224,0.0,0.0,0.0,0.19197522103786469,0.01021633909932055,-39.814094009255314,0.014445131178159308,-0.0025947357981260413,0.2539790205572373,False,False,True,0.0,446.0104323522651,526.693939122543,526.7073474246642,1.0,2.8696791575654905
B_driven_pluck_w0p500_c0p300_s0p000_b1p000,B,Bend_extreme,driven_pluck,1.0,generation/test_renders/architecture_ab_v1/raw/B_driven_pluck_w0p500_c0p300_s0p000_b1p000.wav,e0d56d689b23f6d86e92815da6d543da4075e6b49beb35d61678fa327c44904a,0.5,0.3,0.2,0.75,0.05,0.2,0.2,0.15,0.5625,0.05,0.2,0.0,0.5,0.30000001192092896,0.20000000298023224,0.75,0.05000000074505806,0.20000000298023224,0.20000000298023224,0.15000000596046448,0.5625,0.05000000074505806,0.20000000298023224,0.0,1.0,1.0,0.17879918217658997,0.007140165033738134,-42.92583500141353,0.010096332399076906,0.0023617943182124694,0.33077587241369194,False,False,True,0.0,269.57682242864837,270.97163307732626,270.97154672384863,1.0,4.105737631424772
B_driven_pluck_w0p500_c0p850_s0p000_b1p000,B,Bend_extreme,driven_pluck,1.0,generation/test_renders/architecture_ab_v1/raw/B_driven_pluck_w0p500_c0p850_s0p000_b1p000.wav,89e0f696c9059ae8e804316f275fa5b9ba6930ae437ff7b4444929df3f6022d7,0.5,0.85,0.2,0.75,0.05,0.2,0.2,0.15,0.5625,0.05,0.2,0.0,0.5,0.8500000238418579,0.20000000298023224,0.75,0.05000000074505806,0.20000000298023224,0.20000000298023224,0.15000000596046448,0.5625,0.05000000074505806,0.20000000298023224,0.0,1.0,1.0,0.19194850325584412,0.010162377810746677,-39.86009326375085,0.01436882586580672,0.00232271964268267,0.22856064652766628,False,False,True,0.0,397.4530578933126,468.5893004961977,468.5932601460076,1.0,2.884918521346134
B_driven_pluck_w0p500_c0p300_s0p000_b0p000,B,Bend_extreme,driven_pluck,0.0,generation/test_renders/architecture_ab_v1/raw/B_driven_pluck_w0p500_c0p300_s0p000_b0p000.wav,c257c7811c9986cad90e9a390a8a0708a3c53d978726645d5c78e5e875eefaa7,0.5,0.3,0.2,0.75,0.05,0.2,0.2,0.15,0.5625,0.05,0.2,0.0,0.5,0.30000001192092896,0.20000000298023224,0.75,0.05000000074505806,0.20000000298023224,0.20000000298023224,0.15000000596046448,0.5625,0.05000000074505806,0.20000000298023224,0.0,0.0,0.0,0.17050085961818695,0.007021339704462214,-43.07160029089619,0.009928634521878796,-0.002291930021316751,0.32642346301236214,False,False,True,0.0,269.6903052940894,270.14880326199875,270.149097521528,1.0,4.175084879891326
B_resonant_held_w1p000_c0p300_s0p000_b0p250,B,main,resonant_held,0.25,generation/test_renders/architecture_ab_v1/raw/B_resonant_held_w1p000_c0p300_s0p000_b0p250.wav,43ccc6c2a7972a8611e91ff75df719c77bc394b312e9f853c295c9bf885444fd,1.0,0.3,0.75,0.0,0.1,0.3,0.8,0.3,0.53125,0.2,0.3,0.0,1.0,0.30000001192092896,0.75,0.0,0.10000000149011612,0.30000001192092896,0.800000011920929,0.30000001192092896,0.53125,0.20000000298023224,0.30000001192092896,0.0,0.25,0.25,0.09567402303218842,0.007470356330638751,-42.533173643104895,0.01053369444992615,-0.0022519528042951476,0.30145185913810285,False,False,True,0.0,266.47168217383006,276.52114682053696,276.63928966014623,1.0,3.9352662133230782
B_clean_held_w1p000_c0p300_s0p000_b0p500,B,main,clean_held,0.5,generation/test_renders/architecture_ab_v1/raw/B_clean_held_w1p000_c0p300_s0p000_b0p500.wav,1d9b2447d3abfb103a3de35ecbd956cf23c4a1ded7222f2bf9431189fc78986b,1.0,0.3,0.2,0.0,0.1,0.3,0.8,0.3,0.53125,0.2,0.3,0.0,1.0,0.30000001192092896,0.20000000298023224,0.0,0.10000000149011612,0.30000001192092896,0.800000011920929,0.30000001192092896,0.53125,0.20000000298023224,0.30000001192092896,0.0,0.5,0.5,0.06223678216338158,0.008438028648474831,-41.475180089029635,0.011875554640464863,-0.0018743017751710355,0.2221255524546974,False,False,True,0.0,277.9031094172773,278.30327799694425,278.353762641982,1.0,3.49060680745102
A_clean_held_w1p000_c0p300_s0p000_b0p500,A,main,clean_held,0.5,generation/test_renders/architecture_ab_v1/raw/A_clean_held_w1p000_c0p300_s0p000_b0p500.wav,1a10d6829c5f348faa28fe30f3d94d50c7882c47a42ee4c2abc98aa15ad9296a,1.0,0.3,0.2,0.0,0.1,0.3,0.8,0.3,0.53125,0.2,0.3,0.0,1.0,0.30000001192092896,0.20000000298023224,0.0,0.10000000149011612,0.30000001192092896,0.800000011920929,0.30000001192092896,0.53125,0.20000000298023224,0.30000001192092896,0.0,0.5,0.5,0.062236763536930084,0.008438028588379663,-41.475180150890054,0.011875554554537576,-0.0018743014896816497,0.22212552020300372,False,False,True,0.0,277.90311093630606,278.30327607449846,278.35376259987606,1.0,3.4906068327078095
A_clean_held_w0p875_c0p300_s0p000_b0p500,A,wave_cutoff_reference,clean_held,0.5,generation/test_renders/architecture_ab_v1/raw/A_clean_held_w0p875_c0p300_s0p000_b0p500.wav,48c30d6b32839a54677c67b9c9049b59e1d41f6da73cbb24d4f707b73928b6ad,0.875,0.3,0.2,0.0,0.1,0.3,0.8,0.3,0.53125,0.2,0.3,0.0,0.875,0.30000001192092896,0.20000000298023224,0.0,0.10000000149011612,0.30000001192092896,0.800000011920929,0.30000001192092896,0.53125,0.20000000298023224,0.30000001192092896,0.0,0.5,0.5,0.062236763536930084,0.008438028588379663,-41.475180150890054,0.011875554554537576,-0.0018743014896816497,0.22212552020300372,False,False,True,0.0,277.90311093630606,278.30327607449846,278.35376259987606,1.0,3.4906068327078095
A_driven_pluck_w0p750_c0p438_s0p000_b0p500,A,wave_cutoff_reference,driven_pluck,0.5,generation/test_renders/architecture_ab_v1/raw/A_driven_pluck_w0p750_c0p438_s0p000_b0p500.wav,508cae65f7792cc89bea7a21232769972a26460811b041ea39d6f3d8b4d38cf3,0.75,0.4375,0.2,0.75,0.05,0.2,0.2,0.15,0.5625,0.05,0.2,0.0,0.75,0.4375,0.20000000298023224,0.75,0.05000000074505806,0.20000000298023224,0.20000000298023224,0.15000000596046448,0.5625,0.05000000074505806,0.20000000298023224,0.0,0.5,0.5,0.17707601189613342,0.007205391874611291,-42.846847890745224,0.010188336911307263,-0.0017890804769967832,0.2482974567005488,False,False,True,0.0,297.26463568421804,287.19907169269214,287.1990552339859,1.0,4.068661277215694
B_driven_pluck_w1p000_c0p575_s0p000_b0p250,B,main,driven_pluck,0.25,generation/test_renders/architecture_ab_v1/raw/B_driven_pluck_w1p000_c0p575_s0p000_b0p250.wav,5ce8813bb417a1d50f530bd247fac033de7161ba15154fa571606aec1a39802a,1.0,0.575,0.2,0.75,0.05,0.2,0.2,0.15,0.5625,0.05,0.2,0.0,1.0,0.574999988079071,0.20000000298023224,0.75,0.05000000074505806,0.20000000298023224,0.20000000298023224,0.15000000596046448,0.5625,0.05000000074505806,0.20000000298023224,0.0,0.25,0.25,0.09828674048185349,0.005007272637387896,-46.00797522738594,0.007079671629797116,-0.0017575726002143728,0.3510039751163283,False,False,True,0.0,509.48872463994263,566.734158054354,566.7460686046131,1.0,5.855199794266606
A_driven_pluck_w0p750_c0p575_s0p000_b0p500,A,wave_cutoff_reference,driven_pluck,0.5,generation/test_renders/architecture_ab_v1/raw/A_driven_pluck_w0p750_c0p575_s0p000_b0p500.wav,c72bd2e917f625d511219565048d8735eddacbeb306ab76582924dbd44ec84ff,0.75,0.575,0.2,0.75,0.05,0.2,0.2,0.15,0.5625,0.05,0.2,0.0,0.75,0.574999988079071,0.20000000298023224,0.75,0.05000000074505806,0.20000000298023224,0.20000000298023224,0.15000000596046448,0.5625,0.05000000074505806,0.20000000298023224,0.0,0.5,0.5,0.18667903542518616,0.008178669848340593,-41.74634645591095,0.011563770267873792,-0.0017126062026453252,0.20939911188526622,False,False,True,0.0,344.4311469668734,358.82086308165,358.82345535414953,1.0,3.5847211514938775
B_driven_pluck_w0p500_c0p300_s0p000_b0p750,B,main,driven_pluck,0.75,generation/test_renders/architecture_ab_v1/raw/B_driven_pluck_w0p500_c0p300_s0p000_b0p750.wav,211b60e3fd7f923721cc4c81877e4699e81169dfe37ddd9f6aacd4170714ac10,0.5,0.3,0.2,0.75,0.05,0.2,0.2,0.15,0.5625,0.05,0.2,0.0,0.5,0.30000001192092896,0.20000000298023224,0.75,0.05000000074505806,0.20000000298023224,0.20000000298023224,0.15000000596046448,0.5625,0.05000000074505806,0.20000000298023224,0.0,0.75,0.75,0.17988944053649902,0.006935805436313229,-43.17806196438751,0.00980779269903993,0.0017078031458360827,0.24622996730771562,False,False,True,0.0,266.75636662471584,267.46367400336175,267.46372216009706,1.0,4.226526104525126
B_driven_pluck_w1p000_c0p575_s0p000_b0p750,B,main,driven_pluck,0.75,generation/test_renders/architecture_ab_v1/raw/B_driven_pluck_w1p000_c0p575_s0p000_b0p750.wav,cdc2222e76c6fae896b7d75457b49854871b1fbab83da59cd3c7ff0530f5cc62,1.0,0.575,0.2,0.75,0.05,0.2,0.2,0.15,0.5625,0.05,0.2,0.0,1.0,0.574999988079071,0.20000000298023224,0.75,0.05000000074505806,0.20000000298023224,0.20000000298023224,0.15000000596046448,0.5625,0.05000000074505806,0.20000000298023224,0.0,0.75,0.75,0.10129567235708237,0.005172740938139031,-45.7255854287408,0.007313854404758591,-0.0016804087943986699,0.32485848692109864,False,False,True,0.0,490.48711239436176,538.3488475873537,538.3555350352772,1.0,5.667721775168622
B_driven_pluck_w1p000_c0p850_s0p000_b0p250,B,main,driven_pluck,0.25,generation/test_renders/architecture_ab_v1/raw/B_driven_pluck_w1p000_c0p850_s0p000_b0p250.wav,0d306fad4186b09bed7af4aed469e4e7ce2a66a3dde54417ee358c8a8b2c4af1,1.0,0.85,0.2,0.75,0.05,0.2,0.2,0.15,0.5625,0.05,0.2,0.0,1.0,0.8500000238418579,0.20000000298023224,0.75,0.05000000074505806,0.20000000298023224,0.20000000298023224,0.15000000596046448,0.5625,0.05000000074505806,0.20000000298023224,0.0,0.25,0.25,0.13424545526504517,0.005683232250913187,-44.90809191437195,0.008035630430328167,-0.0016747381476236965,0.29468057501162265,False,False,True,0.0,849.0566231244021,1035.208123447331,1035.2542028217108,1.0,5.158635931514624
A_driven_pluck_w0p750_c0p300_s0p000_b0p500,A,wave_cutoff_reference,driven_pluck,0.5,generation/test_renders/architecture_ab_v1/raw/A_driven_pluck_w0p750_c0p300_s0p000_b0p500.wav,87399f50adbe0a518c963f7cbbef764b8cc94ff23f111cd1029e33dcedfa2c36,0.75,0.3,0.2,0.75,0.05,0.2,0.2,0.15,0.5625,0.05,0.2,0.0,0.75,0.30000001192092896,0.20000000298023224,0.75,0.05000000074505806,0.20000000298023224,0.20000000298023224,0.15000000596046448,0.5625,0.05000000074505806,0.20000000298023224,0.0,0.5,0.5,0.16392555832862854,0.006217938802300171,-44.12707113300396,0.008792841885149122,-0.0016665733335028967,0.2680266542485734,False,False,True,0.0,272.401389653602,270.74367435164777,270.74377889316963,1.0,4.714390684117276
B_driven_pluck_w0p500_c0p300_s0p000_b0p250,B,main,driven_pluck,0.25,generation/test_renders/architecture_ab_v1/raw/B_driven_pluck_w0p500_c0p300_s0p000_b0p250.wav,478da82b995e64a56e8f03ffc44b684a07187a8f8153550d11af0d14bd4923bf,0.5,0.3,0.2,0.75,0.05,0.2,0.2,0.15,0.5625,0.05,0.2,0.0,0.5,0.30000001192092896,0.20000000298023224,0.75,0.05000000074505806,0.20000000298023224,0.20000000298023224,0.15000000596046448,0.5625,0.05000000074505806,0.20000000298023224,0.0,0.25,0.25,0.15776172280311584,0.006569334338795663,-43.64957269292631,0.009289923733026336,-0.0016483683523727953,0.25091862696624234,False,False,True,0.0,266.8136465615974,267.43544346315423,267.435603522887,1.0,4.462134788350871
B_driven_pluck_w1p000_c0p300_s0p000_b0p250,B,main,driven_pluck,0.25,generation/test_renders/architecture_ab_v1/raw/B_driven_pluck_w1p000_c0p300_s0p000_b0p250.wav,417109616dd94f970fe7994a7b58b800e8dc38f2572fbbf96a3a11781da38ace,1.0,0.3,0.2,0.75,0.05,0.2,0.2,0.15,0.5625,0.05,0.2,0.0,1.0,0.30000001192092896,0.20000000298023224,0.75,0.05000000074505806,0.20000000298023224,0.20000000298023224,0.15000000596046448,0.5625,0.05000000074505806,0.20000000298023224,0.0,0.25,0.25,0.0928230881690979,0.004284511298553406,-47.36197415134033,0.0060583491795573536,-0.0016476232850253351,0.3845533761532214,False,False,True,0.0,279.23837443196084,281.25177138148877,281.2523362849034,1.0,6.842275121767067
B_driven_pluck_w1p000_c0p850_s0p000_b0p750,B,main,driven_pluck,0.75,generation/test_renders/architecture_ab_v1/raw/B_driven_pluck_w1p000_c0p850_s0p000_b0p750.wav,97a79afcf570c2f37d251d50a2ac3eccadb46bdf762d2adbe409700a1ec00403,1.0,0.85,0.2,0.75,0.05,0.2,0.2,0.15,0.5625,0.05,0.2,0.0,1.0,0.8500000238418579,0.20000000298023224,0.75,0.05000000074505806,0.20000000298023224,0.20000000298023224,0.15000000596046448,0.5625,0.05000000074505806,0.20000000298023224,0.0,0.75,0.75,0.13553109765052795,0.0058254833813918844,-44.69336064668701,0.008236565988047203,-0.0015808112404555178,0.2713613853066755,False,False,True,0.0,772.8158934124287,937.005332308174,937.0247914326505,1.0,5.0327881705093
B_driven_pluck_w1p000_c0p300_s0p000_b0p750,B,main,driven_pluck,0.75,generation/test_renders/architecture_ab_v1/raw/B_driven_pluck_w1p000_c0p300_s0p000_b0p750.wav,8fe5cb30c84d053e4c1f22cb1fb632ccfe22750668e077de716c759cf9bf5511,1.0,0.3,0.2,0.75,0.05,0.2,0.2,0.15,0.5625,0.05,0.2,0.0,1.0,0.30000001192092896,0.20000000298023224,0.75,0.05000000074505806,0.20000000298023224,0.20000000298023224,0.15000000596046448,0.5625,0.05000000074505806,0.20000000298023224,0.0,0.75,0.75,0.09874950349330902,0.004423147748979297,-47.08537106793369,0.006254381164039547,-0.0015671784670031469,0.354312936384455,False,False,True,0.0,280.5428666212843,279.85605107564203,279.856099215371,1.0,6.627816690898612
A_driven_pluck_w1p000_c0p575_s0p000_b0p500,A,main,driven_pluck,0.5,generation/test_renders/architecture_ab_v1/raw/A_driven_pluck_w1p000_c0p575_s0p000_b0p500.wav,7b7b2ab3baa5044b6a674e3e3a5e1a9e7279f3dd2259c8a6b23afed998b8378a,1.0,0.575,0.2,0.75,0.05,0.2,0.2,0.15,0.5625,0.05,0.2,0.0,1.0,0.574999988079071,0.20000000298023224,0.75,0.05000000074505806,0.20000000298023224,0.20000000298023224,0.15000000596046448,0.5625,0.05000000074505806,0.20000000298023224,0.0,0.5,0.5,0.13134048879146576,0.005260676162980405,-45.57916863411704,0.00743818455447744,-0.0015587842893240104,0.2963087331421842,False,False,True,0.0,472.8723650772573,513.8047433321864,513.8130060453958,1.0,5.572985123810957
A_driven_pluck_w0p875_c0p575_s0p000_b0p500,A,wave_cutoff_reference,driven_pluck,0.5,generation/test_renders/architecture_ab_v1/raw/A_driven_pluck_w0p875_c0p575_s0p000_b0p500.wav,8b6ed16422362f44ff8a1d7a965c769cd553d3139f4b52ec4a40e6c2afdb7fd4,0.875,0.575,0.2,0.75,0.05,0.2,0.2,0.15,0.5625,0.05,0.2,0.0,0.875,0.574999988079071,0.20000000298023224,0.75,0.05000000074505806,0.20000000298023224,0.20000000298023224,0.15000000596046448,0.5625,0.05000000074505806,0.20000000298023224,0.0,0.5,0.5,0.13134048879146576,0.005260676162980405,-45.57916863411704,0.00743818455447744,-0.0015587842893240104,0.2963087331421842,False,False,True,0.0,472.8723650772573,513.8047433321864,513.8130060453958,1.0,5.572985123810957
B_driven_pluck_w1p000_c0p575_s0p000_b0p500,B,main,driven_pluck,0.5,generation/test_renders/architecture_ab_v1/raw/B_driven_pluck_w1p000_c0p575_s0p000_b0p500.wav,3c40810e9c9a4075e0567f0dd8146ed57c1b0691c606cf4ba9588ed8ad4ec107,1.0,0.575,0.2,0.75,0.05,0.2,0.2,0.15,0.5625,0.05,0.2,0.0,1.0,0.574999988079071,0.20000000298023224,0.75,0.05000000074505806,0.20000000298023224,0.20000000298023224,0.15000000596046448,0.5625,0.05000000074505806,0.20000000298023224,0.0,0.5,0.5,0.13134050369262695,0.005260676145320364,-45.57916866327548,0.007438184529590362,-0.0015587842604018731,0.2963087286390914,False,False,True,0.0,472.8723495075271,513.8047445480339,513.813007788628,1.0,5.572985142457351
A_driven_pluck_w0p875_c0p438_s0p000_b0p500,A,wave_cutoff_reference,driven_pluck,0.5,generation/test_renders/architecture_ab_v1/raw/A_driven_pluck_w0p875_c0p438_s0p000_b0p500.wav,a969609a95ea13280081e3946d4bb168298b94575a922ad942620fe1526a63a6,0.875,0.4375,0.2,0.75,0.05,0.2,0.2,0.15,0.5625,0.05,0.2,0.0,0.875,0.4375,0.20000000298023224,0.75,0.05000000074505806,0.20000000298023224,0.20000000298023224,0.15000000596046448,0.5625,0.05000000074505806,0.20000000298023224,0.0,0.5,0.5,0.11395152658224106,0.004804645380805285,-46.366773220648874,0.006793359133361976,-0.0015538990324658252,0.3234159671125163,False,False,True,0.0,340.6173377538139,307.6253175192991,307.6254534430258,1.0,6.10197268486651
A_driven_pluck_w1p000_c0p438_s0p000_b0p500,A,wave_cutoff_reference,driven_pluck,0.5,generation/test_renders/architecture_ab_v1/raw/A_driven_pluck_w1p000_c0p438_s0p000_b0p500.wav,ff5cd66aa19290826465af043c58fb02615bcf080b19bd89b27c01016f6a6e2d,1.0,0.4375,0.2,0.75,0.05,0.2,0.2,0.15,0.5625,0.05,0.2,0.0,1.0,0.4375,0.20000000298023224,0.75,0.05000000074505806,0.20000000298023224,0.20000000298023224,0.15000000596046448,0.5625,0.05000000074505806,0.20000000298023224,0.0,0.5,0.5,0.11395152658224106,0.004804645380805285,-46.366773220648874,0.006793359133361976,-0.0015538990324658252,0.3234159671125163,False,False,True,0.0,340.6173377538139,307.6253175192991,307.6254534430258,1.0,6.10197268486651
A_driven_pluck_w1p000_c0p300_s1p000_b0p500,A,main,driven_pluck,0.5,generation/test_renders/architecture_ab_v1/raw/A_driven_pluck_w1p000_c0p300_s1p000_b0p500.wav,c74ef9350825dd85c7f45a3b3a9afb8b8947fde53d3ecc75b93f766e03e5fe6f,1.0,0.3,0.2,0.75,0.05,0.2,0.2,0.15,0.5625,0.05,0.2,1.0,1.0,0.30000001192092896,0.20000000298023224,0.75,0.05000000074505806,0.20000000298023224,0.20000000298023224,0.15000000596046448,0.5625,0.05000000074505806,0.20000000298023224,1.0,0.5,0.5,0.10002604871988297,0.004691381381280243,-46.573985201415425,0.006633247177878725,-0.0015485670164680917,0.3300876417012806,False,False,True,0.0,339.1331198009163,298.4503925454106,298.4485646361317,1.0,6.249260845955631
A_driven_pluck_w1p000_c0p575_s0p400_b0p500,A,main,driven_pluck,0.5,generation/test_renders/architecture_ab_v1/raw/A_driven_pluck_w1p000_c0p575_s0p400_b0p500.wav,be7fff766b26c0b7353cbf0d269c3fa5bf3e8d1ef3b122286efe904b6f28fbce,1.0,0.575,0.2,0.75,0.05,0.2,0.2,0.15,0.5625,0.05,0.2,0.4,1.0,0.574999988079071,0.20000000298023224,0.75,0.05000000074505806,0.20000000298023224,0.20000000298023224,0.15000000596046448,0.5625,0.05000000074505806,0.20000000298023224,0.4000000059604645,0.5,0.5,0.13149675726890564,0.005405892469651805,-45.3426519448558,0.00764347994674524,-0.0015308636796315112,0.283184263879765,False,False,True,0.0,529.2481981692555,588.2984957651305,588.3064285775514,1.0,5.42330092563594
A_driven_pluck_w1p000_c0p575_s1p000_b0p500,A,main,driven_pluck,0.5,generation/test_renders/architecture_ab_v1/raw/A_driven_pluck_w1p000_c0p575_s1p000_b0p500.wav,57b2524a64e8dc055af2aaf5daec873169888dfed3ec80c4a3d75ecc75162898,1.0,0.575,0.2,0.75,0.05,0.2,0.2,0.15,0.5625,0.05,0.2,1.0,1.0,0.574999988079071,0.20000000298023224,0.75,0.05000000074505806,0.20000000298023224,0.20000000298023224,0.15000000596046448,0.5625,0.05000000074505806,0.20000000298023224,1.0,0.5,0.5,0.13173097372055054,0.005602136525608883,-45.032926230148746,0.00792092113365457,-0.0014884251340776518,0.2656888362633894,False,False,True,0.0,605.2346109848656,681.0196323874998,681.0274887392347,1.0,5.233342331125773
A_driven_pluck_w1p000_c0p300_s0p400_b0p500,A,main,driven_pluck,0.5,generation/test_renders/architecture_ab_v1/raw/A_driven_pluck_w1p000_c0p300_s0p400_b0p500.wav,559172dd48431cd708df6c9845002355c7854cf39b940cc6a0cb12ed625fcde2,1.0,0.3,0.2,0.75,0.05,0.2,0.2,0.15,0.5625,0.05,0.2,0.4,1.0,0.30000001192092896,0.20000000298023224,0.75,0.05000000074505806,0.20000000298023224,0.20000000298023224,0.15000000596046448,0.5625,0.05000000074505806,0.20000000298023224,0.4000000059604645,0.5,0.5,0.09983325749635696,0.0044564164500672954,-47.0202846263669,0.006301499200130875,-0.001484222955783816,0.3330530197108044,False,False,True,0.0,297.16084502432693,279.22155340278704,279.2218434995358,1.0,6.578258689519832
A_driven_pluck_w0p875_c0p713_s0p000_b0p500,A,wave_cutoff_reference,driven_pluck,0.5,generation/test_renders/architecture_ab_v1/raw/A_driven_pluck_w0p875_c0p713_s0p000_b0p500.wav,7ac7e707cf6ce35599a6bba95ce7a76e42736a0ffccdc9ce673bda235088a220,0.875,0.7125,0.2,0.75,0.05,0.2,0.2,0.15,0.5625,0.05,0.2,0.0,0.875,0.7124999761581421,0.20000000298023224,0.75,0.05000000074505806,0.20000000298023224,0.20000000298023224,0.15000000596046448,0.5625,0.05000000074505806,0.20000000298023224,0.0,0.5,0.5,0.14876091480255127,0.005698415064977478,-44.88491841023471,0.008057084069448986,-0.0014836216828662877,0.26035690028700137,False,False,True,0.0,606.0501913390544,695.3439432670634,695.3619656239982,1.0,5.144900005132765
A_driven_pluck_w1p000_c0p713_s0p000_b0p500,A,wave_cutoff_reference,driven_pluck,0.5,generation/test_renders/architecture_ab_v1/raw/A_driven_pluck_w1p000_c0p713_s0p000_b0p500.wav,906d35bca42cb094411d14b554f4b70ade72dc1085903a0dc07ad32ebfbae694,1.0,0.7125,0.2,0.75,0.05,0.2,0.2,0.15,0.5625,0.05,0.2,0.0,1.0,0.7124999761581421,0.20000000298023224,0.75,0.05000000074505806,0.20000000298023224,0.20000000298023224,0.15000000596046448,0.5625,0.05000000074505806,0.20000000298023224,0.0,0.5,0.5,0.14876091480255127,0.005698415064977478,-44.88491841023471,0.008057084069448986,-0.0014836216828662877,0.26035690028700137,False,False,True,0.0,606.0501913390544,695.3439432670634,695.3619656239982,1.0,5.144900005132765
A_driven_pluck_w1p000_c0p850_s0p000_b0p500,A,main,driven_pluck,0.5,generation/test_renders/architecture_ab_v1/raw/A_driven_pluck_w1p000_c0p850_s0p000_b0p500.wav,a4052a2e5856b178421e8991c8c15e84b7f98631160339ad9089e36e808b7bca,1.0,0.85,0.2,0.75,0.05,0.2,0.2,0.15,0.5625,0.05,0.2,0.0,1.0,0.8500000238418579,0.20000000298023224,0.75,0.05000000074505806,0.20000000298023224,0.20000000298023224,0.15000000596046448,0.5625,0.05000000074505806,0.20000000298023224,0.0,0.5,0.5,0.1641433835029602,0.006002936018919051,-44.4327257091893,0.008487680914806941,-0.0014471369995524561,0.24107153482755964,False,False,True,0.0,715.7535662224099,866.2818287123263,866.3196603833137,1.0,4.883889048885868
A_driven_pluck_w0p875_c0p850_s0p000_b0p500,A,wave_cutoff_reference,driven_pluck,0.5,generation/test_renders/architecture_ab_v1/raw/A_driven_pluck_w0p875_c0p850_s0p000_b0p500.wav,1e257c62cbc9c5703a885b9506f8e2e00cba5369e1b967457a65948ed4075df2,0.875,0.85,0.2,0.75,0.05,0.2,0.2,0.15,0.5625,0.05,0.2,0.0,0.875,0.8500000238418579,0.20000000298023224,0.75,0.05000000074505806,0.20000000298023224,0.20000000298023224,0.15000000596046448,0.5625,0.05000000074505806,0.20000000298023224,0.0,0.5,0.5,0.1641433835029602,0.006002936018919051,-44.4327257091893,0.008487680914806941,-0.0014471369995524561,0.24107153482755964,False,False,True,0.0,715.7535662224099,866.2818287123263,866.3196603833137,1.0,4.883889048885868
B_driven_pluck_w1p000_c0p850_s0p000_b0p500,B,main,driven_pluck,0.5,generation/test_renders/architecture_ab_v1/raw/B_driven_pluck_w1p000_c0p850_s0p000_b0p500.wav,b4ed2ef49e73afdc148069988b4ec11e122501b29658dde92b44105600d35722,1.0,0.85,0.2,0.75,0.05,0.2,0.2,0.15,0.5625,0.05,0.2,0.0,1.0,0.8500000238418579,0.20000000298023224,0.75,0.05000000074505806,0.20000000298023224,0.20000000298023224,0.15000000596046448,0.5625,0.05000000074505806,0.20000000298023224,0.0,0.5,0.5,0.1641434133052826,0.006002936155296659,-44.43272551185906,0.008487681107782835,-0.0014471369870988687,0.24107152727619718,False,False,True,0.0,715.7535702763455,866.2818221417286,866.3196622976511,1.0,4.8838889378457795
B_driven_pluck_w1p000_c0p300_s0p000_b0p500,B,main,driven_pluck,0.5,generation/test_renders/architecture_ab_v1/raw/B_driven_pluck_w1p000_c0p300_s0p000_b0p500.wav,42156584079ce6ecee8796592d9669ae4214540b79e6fd1a52fcf3fd1b929dba,1.0,0.3,0.2,0.75,0.05,0.2,0.2,0.15,0.5625,0.05,0.2,0.0,1.0,0.30000001192092896,0.20000000298023224,0.75,0.05000000074505806,0.20000000298023224,0.20000000298023224,0.15000000596046448,0.5625,0.05000000074505806,0.20000000298023224,0.0,0.5,0.5,0.09966984391212463,0.004342143377486399,-47.24591680499671,0.006140012813190012,-0.0014442461310978539,0.33261134088435057,False,False,True,0.0,280.84007337544944,278.573941897295,278.5742743539653,1.0,6.751271232075258
A_driven_pluck_w1p000_c0p300_s0p000_b0p500,A,main,driven_pluck,0.5,generation/test_renders/architecture_ab_v1/raw/A_driven_pluck_w1p000_c0p300_s0p000_b0p500.wav,84c4bf681b5bf93d03eb50025c038c9de0862076af89f6e82e73248e9daf419b,1.0,0.3,0.2,0.75,0.05,0.2,0.2,0.15,0.5625,0.05,0.2,0.0,1.0,0.30000001192092896,0.20000000298023224,0.75,0.05000000074505806,0.20000000298023224,0.20000000298023224,0.15000000596046448,0.5625,0.05000000074505806,0.20000000298023224,0.0,0.5,0.5,0.09966985136270523,0.0043421433802933,-47.24591679938187,0.006140012817477714,-0.0014442461289000015,0.3326113401631723,False,False,True,0.0,280.84007160154107,278.5739391244531,278.574275592154,1.0,6.751271227360702
A_driven_pluck_w0p875_c0p300_s0p000_b0p500,A,wave_cutoff_reference,driven_pluck,0.5,generation/test_renders/architecture_ab_v1/raw/A_driven_pluck_w0p875_c0p300_s0p000_b0p500.wav,e7ab8f33628d3c6a8521d3510c1b8b30fc71b95ed3d4a9213fd4a6509c5570da,0.875,0.3,0.2,0.75,0.05,0.2,0.2,0.15,0.5625,0.05,0.2,0.0,0.875,0.30000001192092896,0.20000000298023224,0.75,0.05000000074505806,0.20000000298023224,0.20000000298023224,0.15000000596046448,0.5625,0.05000000074505806,0.20000000298023224,0.0,0.5,0.5,0.09966985136270523,0.0043421433802933,-47.24591679938187,0.006140012817477714,-0.0014442461289000015,0.3326113401631723,False,False,True,0.0,280.84007160154107,278.5739391244531,278.574275592154,1.0,6.751271227360702
A_driven_pluck_w1p000_c0p850_s0p400_b0p500,A,main,driven_pluck,0.5,generation/test_renders/architecture_ab_v1/raw/A_driven_pluck_w1p000_c0p850_s0p400_b0p500.wav,83d791386cc872a63e8a34fcc1280de290786ea9eec4bab430ef8cde1fe31de7,1.0,0.85,0.2,0.75,0.05,0.2,0.2,0.15,0.5625,0.05,0.2,0.4,1.0,0.8500000238418579,0.20000000298023224,0.75,0.05000000074505806,0.20000000298023224,0.20000000298023224,0.15000000596046448,0.5625,0.05000000074505806,0.20000000298023224,0.4000000059604645,0.5,0.5,0.16427172720432281,0.006064203181860834,-44.344525120862045,0.00857431326330808,-0.001441668858703998,0.2377342604575485,False,False,True,0.0,758.102196683663,931.9372559704266,931.9794826236548,1.0,4.834543665164636
A_driven_pluck_w1p000_c0p850_s1p000_b0p500,A,main,driven_pluck,0.5,generation/test_renders/architecture_ab_v1/raw/A_driven_pluck_w1p000_c0p850_s1p000_b0p500.wav,3c053ea3fca841f5d6ea9c74b0ee909c6d16cf901adc2d72b209867e1dee5751,1.0,0.85,0.2,0.75,0.05,0.2,0.2,0.15,0.5625,0.05,0.2,1.0,1.0,0.8500000238418579,0.20000000298023224,0.75,0.05000000074505806,0.20000000298023224,0.20000000298023224,0.15000000596046448,0.5625,0.05000000074505806,0.20000000298023224,1.0,0.5,0.5,0.16446401178836823,0.006138091853533758,-44.2393323370335,0.008678798704328434,-0.0014355071868312013,0.23386863883517256,False,False,True,0.0,820.6088087836475,1016.0922940407461,1016.1461969845813,1.0,4.776339823343193
