sample_id,background,bend_amount,wave_frame,filter_cutoff,closest_no_bend,closest_wave_frame,closest_cutoff,original_shape_distance,best_grid_shape_distance,remaining_distance_ratio
B_clean_held_w0p000_c0p300_s0p000_b0p250,clean_held,0.25,0.0,0.3,A_clean_held_w0p375_c0p300_s0p000_b0p500,0.375,0.3,0.0459990068825735,0.040114785561437924,0.8720793834493678
B_clean_held_w0p000_c0p300_s0p000_b0p750,clean_held,0.75,0.0,0.3,A_clean_held_w0p375_c0p300_s0p000_b0p500,0.375,0.3,0.04832869805610486,0.03839303667478904,0.7944148760270452
B_clean_held_w0p000_c0p575_s0p000_b0p250,clean_held,0.25,0.0,0.575,A_clean_held_w0p875_c0p300_s0p000_b0p500,0.875,0.3,0.20999574912016114,0.05289787196788509,0.2518997274445614
B_clean_held_w0p000_c0p575_s0p000_b0p750,clean_held,0.75,0.0,0.575,A_clean_held_w0p875_c0p300_s0p000_b0p500,0.875,0.3,0.20423968467215728,0.04793581333506196,0.23470371789893754
B_clean_held_w0p000_c0p850_s0p000_b0p250,clean_held,0.25,0.0,0.85,A_clean_held_w0p875_c0p300_s0p000_b0p500,0.875,0.3,0.20286587242440096,0.04453101750803221,0.21950965421562926
B_clean_held_w0p000_c0p850_s0p000_b0p750,clean_held,0.75,0.0,0.85,A_clean_held_w0p875_c0p300_s0p000_b0p500,0.875,0.3,0.20228610295426375,0.043860763868646374,0.21682539348025878
B_clean_held_w0p500_c0p300_s0p000_b0p250,clean_held,0.25,0.5,0.3,A_clean_held_w0p375_c0p300_s0p000_b0p500,0.375,0.3,0.09247543752557282,0.02367822171987486,0.2560487666071001
B_clean_held_w0p500_c0p300_s0p000_b0p750,clean_held,0.75,0.5,0.3,A_clean_held_w0p375_c0p300_s0p000_b0p500,0.375,0.3,0.0923574220173426,0.023692746271000743,0.2565332136116986
B_clean_held_w0p500_c0p575_s0p000_b0p250,clean_held,0.25,0.5,0.575,A_clean_held_w0p875_c0p438_s0p000_b0p500,0.875,0.4375,0.3948831380715407,0.1469243809230542,0.3720705362112373
B_clean_held_w0p500_c0p575_s0p000_b0p750,clean_held,0.75,0.5,0.575,A_clean_held_w0p875_c0p438_s0p000_b0p500,0.875,0.4375,0.394898568280862,0.14733558204014185,0.37309728085758215
B_clean_held_w0p500_c0p850_s0p000_b0p250,clean_held,0.25,0.5,0.85,A_clean_held_w0p375_c0p850_s0p000_b0p500,0.375,0.85,0.41005778542948423,0.19780378270560525,0.482380263792408
B_clean_held_w0p500_c0p850_s0p000_b0p750,clean_held,0.75,0.5,0.85,A_clean_held_w0p375_c0p850_s0p000_b0p500,0.375,0.85,0.41044964287587915,0.1996860975257585,0.48650571633252465
B_clean_held_w1p000_c0p300_s0p000_b0p250,clean_held,0.25,1.0,0.3,A_clean_held_w0p875_c0p300_s0p000_b0p500,0.875,0.3,0.011955004749325844,0.011955004749325844,1.0
B_clean_held_w1p000_c0p300_s0p000_b0p750,clean_held,0.75,1.0,0.3,A_clean_held_w0p875_c0p300_s0p000_b0p500,0.875,0.3,0.006000832081480872,0.006000832081480871,0.9999999999999999
B_clean_held_w1p000_c0p575_s0p000_b0p250,clean_held,0.25,1.0,0.575,A_clean_held_w0p875_c0p575_s0p000_b0p500,0.875,0.575,0.07865029974739046,0.07865029974739046,1.0
B_clean_held_w1p000_c0p575_s0p000_b0p750,clean_held,0.75,1.0,0.575,A_clean_held_w0p875_c0p575_s0p000_b0p500,0.875,0.575,0.039716466139881154,0.039716466139881154,1.0
B_clean_held_w1p000_c0p850_s0p000_b0p250,clean_held,0.25,1.0,0.85,A_clean_held_w0p875_c0p850_s0p000_b0p500,0.875,0.85,0.20769094596770274,0.20769094596770277,1.0000000000000002
B_clean_held_w1p000_c0p850_s0p000_b0p750,clean_held,0.75,1.0,0.85,A_clean_held_w0p875_c0p850_s0p000_b0p500,0.875,0.85,0.12429874780716843,0.12429874780716843,1.0
B_resonant_held_w0p000_c0p300_s0p000_b0p250,resonant_held,0.25,0.0,0.3,A_resonant_held_w0p375_c0p300_s0p000_b0p500,0.375,0.3,0.035109602773498505,0.033440829410915716,0.9524696028790615
B_resonant_held_w0p000_c0p300_s0p000_b0p750,resonant_held,0.75,0.0,0.3,A_resonant_held_w0p375_c0p300_s0p000_b0p500,0.375,0.3,0.037279361504259145,0.031706591678212014,0.8505132705824254
B_resonant_held_w0p000_c0p575_s0p000_b0p250,resonant_held,0.25,0.0,0.575,A_resonant_held_w0p875_c0p300_s0p000_b0p500,0.875,0.3,0.31017444533509864,0.20249702980451656,0.6528488495747862
B_resonant_held_w0p000_c0p575_s0p000_b0p750,resonant_held,0.75,0.0,0.575,A_resonant_held_w0p875_c0p300_s0p000_b0p500,0.875,0.3,0.29811319791223767,0.18988815046913565,0.6369666012741821
B_resonant_held_w0p000_c0p850_s0p000_b0p250,resonant_held,0.25,0.0,0.85,A_resonant_held_w0p875_c0p300_s0p000_b0p500,0.875,0.3,0.20558097608967327,0.08863394577300758,0.4311388507774472
B_resonant_held_w0p000_c0p850_s0p000_b0p750,resonant_held,0.75,0.0,0.85,A_resonant_held_w0p875_c0p300_s0p000_b0p500,0.875,0.3,0.2050650821988698,0.08793221676906846,0.42880150938516576
B_resonant_held_w0p500_c0p300_s0p000_b0p250,resonant_held,0.25,0.5,0.3,A_resonant_held_w0p375_c0p300_s0p000_b0p500,0.375,0.3,0.06869161926253994,0.017968793863565775,0.261586406849559
B_resonant_held_w0p500_c0p300_s0p000_b0p750,resonant_held,0.75,0.5,0.3,A_resonant_held_w0p375_c0p300_s0p000_b0p500,0.375,0.3,0.0685874848859891,0.018236439117378593,0.2658858120791639
B_resonant_held_w0p500_c0p575_s0p000_b0p250,resonant_held,0.25,0.5,0.575,A_resonant_held_w0p375_c0p575_s0p000_b0p500,0.375,0.575,0.5798603076083424,0.33214979242771764,0.5728100166015554
B_resonant_held_w0p500_c0p575_s0p000_b0p750,resonant_held,0.75,0.5,0.575,A_resonant_held_w0p375_c0p575_s0p000_b0p500,0.375,0.575,0.5807160446759639,0.3334537595693159,0.5742113768449106
B_resonant_held_w0p500_c0p850_s0p000_b0p250,resonant_held,0.25,0.5,0.85,A_resonant_held_w0p375_c0p850_s0p000_b0p500,0.375,0.85,0.39763550878421494,0.1952676752036851,0.49107202674309225
B_resonant_held_w0p500_c0p850_s0p000_b0p750,resonant_held,0.75,0.5,0.85,A_resonant_held_w0p375_c0p850_s0p000_b0p500,0.375,0.85,0.398472664013721,0.19812941003665183,0.49722208806230545
B_resonant_held_w1p000_c0p300_s0p000_b0p250,resonant_held,0.25,1.0,0.3,A_resonant_held_w0p875_c0p300_s0p000_b0p500,0.875,0.3,0.012273753542483511,0.012273753542483513,1.0000000000000002
B_resonant_held_w1p000_c0p300_s0p000_b0p750,resonant_held,0.75,1.0,0.3,A_resonant_held_w0p875_c0p300_s0p000_b0p500,0.875,0.3,0.008494681187682951,0.008494681187682951,1.0
B_resonant_held_w1p000_c0p575_s0p000_b0p250,resonant_held,0.25,1.0,0.575,A_resonant_held_w0p875_c0p575_s0p000_b0p500,0.875,0.575,0.07980953078131668,0.07980953078131668,1.0
B_resonant_held_w1p000_c0p575_s0p000_b0p750,resonant_held,0.75,1.0,0.575,A_resonant_held_w0p875_c0p575_s0p000_b0p500,0.875,0.575,0.04008028567600263,0.04008028567600263,1.0
B_resonant_held_w1p000_c0p850_s0p000_b0p250,resonant_held,0.25,1.0,0.85,A_resonant_held_w0p875_c0p850_s0p000_b0p500,0.875,0.85,0.2379262616697599,0.2379262616697599,1.0
B_resonant_held_w1p000_c0p850_s0p000_b0p750,resonant_held,0.75,1.0,0.85,A_resonant_held_w0p875_c0p850_s0p000_b0p500,0.875,0.85,0.17778732003401307,0.1777873200340131,1.0000000000000002
B_driven_pluck_w0p000_c0p300_s0p000_b0p250,driven_pluck,0.25,0.0,0.3,A_driven_pluck_w0p375_c0p300_s0p000_b0p500,0.375,0.3,0.07897844076362917,0.031969450347133097,0.40478705375829016
B_driven_pluck_w0p000_c0p300_s0p000_b0p750,driven_pluck,0.75,0.0,0.3,A_driven_pluck_w0p375_c0p300_s0p000_b0p500,0.375,0.3,0.08189227929928328,0.03130772342670784,0.3823037250226084
B_driven_pluck_w0p000_c0p575_s0p000_b0p250,driven_pluck,0.25,0.0,0.575,A_driven_pluck_w0p750_c0p438_s0p000_b0p500,0.75,0.4375,0.2421039699938554,0.07472622459882614,0.30865344587584703
B_driven_pluck_w0p000_c0p575_s0p000_b0p750,driven_pluck,0.75,0.0,0.575,A_driven_pluck_w0p750_c0p438_s0p000_b0p500,0.75,0.4375,0.19664414477658143,0.06588994779947975,0.33507200468308407
B_driven_pluck_w0p000_c0p850_s0p000_b0p250,driven_pluck,0.25,0.0,0.85,A_driven_pluck_w0p750_c0p438_s0p000_b0p500,0.75,0.4375,0.25769589286992134,0.0835853335613597,0.32435648325816185
B_driven_pluck_w0p000_c0p850_s0p000_b0p750,driven_pluck,0.75,0.0,0.85,A_driven_pluck_w0p750_c0p438_s0p000_b0p500,0.75,0.4375,0.24936780373658862,0.07463945236675489,0.2993147120371553
B_driven_pluck_w0p500_c0p300_s0p000_b0p250,driven_pluck,0.25,0.5,0.3,A_driven_pluck_w0p750_c0p300_s0p000_b0p500,0.75,0.3,0.12999113341984486,0.04578761488497052,0.35223644628965467
B_driven_pluck_w0p500_c0p300_s0p000_b0p750,driven_pluck,0.75,0.5,0.3,A_driven_pluck_w0p750_c0p300_s0p000_b0p500,0.75,0.3,0.13031950660614847,0.04566026069484258,0.35037165105939966
B_driven_pluck_w0p500_c0p575_s0p000_b0p250,driven_pluck,0.25,0.5,0.575,A_driven_pluck_w0p750_c0p438_s0p000_b0p500,0.75,0.4375,0.31130275146005937,0.10884002111344152,0.3496275590336562
B_driven_pluck_w0p500_c0p575_s0p000_b0p750,driven_pluck,0.75,0.5,0.575,A_driven_pluck_w0p750_c0p438_s0p000_b0p500,0.75,0.4375,0.31110255142528526,0.10889570110409984,0.3500315269199981
B_driven_pluck_w0p500_c0p850_s0p000_b0p250,driven_pluck,0.25,0.5,0.85,A_driven_pluck_w0p375_c0p850_s0p000_b0p500,0.375,0.85,0.4021640398685804,0.1868449624604021,0.4645988799034829
B_driven_pluck_w0p500_c0p850_s0p000_b0p750,driven_pluck,0.75,0.5,0.85,A_driven_pluck_w0p375_c0p850_s0p000_b0p500,0.375,0.85,0.40252150329192393,0.1880062870451554,0.46707141235335714
B_driven_pluck_w1p000_c0p300_s0p000_b0p250,driven_pluck,0.25,1.0,0.3,A_driven_pluck_w0p875_c0p300_s0p000_b0p500,0.875,0.3,0.02891280390347726,0.02891280390347726,1.0
B_driven_pluck_w1p000_c0p300_s0p000_b0p750,driven_pluck,0.75,1.0,0.3,A_driven_pluck_w0p875_c0p300_s0p000_b0p500,0.875,0.3,0.013585854675322185,0.013585854675322183,0.9999999999999999
B_driven_pluck_w1p000_c0p575_s0p000_b0p250,driven_pluck,0.25,1.0,0.575,A_driven_pluck_w0p875_c0p575_s0p000_b0p500,0.875,0.575,0.0722747029632247,0.0722747029632247,1.0
B_driven_pluck_w1p000_c0p575_s0p000_b0p750,driven_pluck,0.75,1.0,0.575,A_driven_pluck_w0p875_c0p575_s0p000_b0p500,0.875,0.575,0.03599861383145898,0.03599861383145898,1.0
B_driven_pluck_w1p000_c0p850_s0p000_b0p250,driven_pluck,0.25,1.0,0.85,A_driven_pluck_w0p875_c0p850_s0p000_b0p500,0.875,0.85,0.1824333802145765,0.18243338021457656,1.0000000000000002
B_driven_pluck_w1p000_c0p850_s0p000_b0p750,driven_pluck,0.75,1.0,0.85,A_driven_pluck_w0p875_c0p850_s0p000_b0p500,0.875,0.85,0.10266720957657588,0.10266720957657588,1.0
B_resonant_driven_swell_w0p000_c0p300_s0p000_b0p250,resonant_driven_swell,0.25,0.0,0.3,A_resonant_driven_swell_w0p375_c0p300_s0p000_b0p500,0.375,0.3,0.040379412548208385,0.027001799283720894,0.668702132590063
B_resonant_driven_swell_w0p000_c0p300_s0p000_b0p750,resonant_driven_swell,0.75,0.0,0.3,A_resonant_driven_swell_w0p375_c0p300_s0p000_b0p500,0.375,0.3,0.05553741895294668,0.015586679119763115,0.28065184543359345
B_resonant_driven_swell_w0p000_c0p575_s0p000_b0p250,resonant_driven_swell,0.25,0.0,0.575,A_resonant_driven_swell_w0p375_c0p575_s0p000_b0p500,0.375,0.575,0.25919524713673525,0.14679777596611188,0.5663598294635029
B_resonant_driven_swell_w0p000_c0p575_s0p000_b0p750,resonant_driven_swell,0.75,0.0,0.575,A_resonant_driven_swell_w0p375_c0p438_s0p000_b0p500,0.375,0.4375,0.199684903078661,0.1272359338463186,0.6371835420938011
B_resonant_driven_swell_w0p000_c0p850_s0p000_b0p250,resonant_driven_swell,0.25,0.0,0.85,A_resonant_driven_swell_w0p875_c0p300_s0p000_b0p500,0.875,0.3,0.21085823649178465,0.1258985491995106,0.5970767435703931
B_resonant_driven_swell_w0p000_c0p850_s0p000_b0p750,resonant_driven_swell,0.75,0.0,0.85,A_resonant_driven_swell_w0p875_c0p300_s0p000_b0p500,0.875,0.3,0.20412405159148717,0.11771365257814233,0.5766770336977354
B_resonant_driven_swell_w0p500_c0p300_s0p000_b0p250,resonant_driven_swell,0.25,0.5,0.3,A_resonant_driven_swell_w0p750_c0p300_s0p000_b0p500,0.75,0.3,0.10651299462338099,0.017660326516209874,0.16580443145603949
B_resonant_driven_swell_w0p500_c0p300_s0p000_b0p750,resonant_driven_swell,0.75,0.5,0.3,A_resonant_driven_swell_w0p750_c0p300_s0p000_b0p500,0.75,0.3,0.10685028045532108,0.0178956787030993,0.16748368489853696
B_resonant_driven_swell_w0p500_c0p575_s0p000_b0p250,resonant_driven_swell,0.25,0.5,0.575,A_resonant_driven_swell_w0p750_c0p438_s0p000_b0p500,0.75,0.4375,0.3758261943892979,0.16831221551103848,0.4478458873377331
B_resonant_driven_swell_w0p500_c0p575_s0p000_b0p750,resonant_driven_swell,0.75,0.5,0.575,A_resonant_driven_swell_w0p750_c0p438_s0p000_b0p500,0.75,0.4375,0.3758404628938674,0.1693882761684155,0.4506919634575073
B_resonant_driven_swell_w0p500_c0p850_s0p000_b0p250,resonant_driven_swell,0.25,0.5,0.85,A_resonant_driven_swell_w0p375_c0p850_s0p000_b0p500,0.375,0.85,0.40826482400741754,0.181536358510722,0.44465344020777986
B_resonant_driven_swell_w0p500_c0p850_s0p000_b0p750,resonant_driven_swell,0.75,0.5,0.85,A_resonant_driven_swell_w0p375_c0p850_s0p000_b0p500,0.375,0.85,0.4097193338546015,0.18835332868766128,0.4597130599516762
B_resonant_driven_swell_w1p000_c0p300_s0p000_b0p250,resonant_driven_swell,0.25,1.0,0.3,A_resonant_driven_swell_w0p875_c0p300_s0p000_b0p500,0.875,0.3,0.0076974028355481635,0.0076974028355481635,1.0
B_resonant_driven_swell_w1p000_c0p300_s0p000_b0p750,resonant_driven_swell,0.75,1.0,0.3,A_resonant_driven_swell_w0p875_c0p300_s0p000_b0p500,0.875,0.3,0.0034525981733487788,0.0034525981733487783,0.9999999999999999
B_resonant_driven_swell_w1p000_c0p575_s0p000_b0p250,resonant_driven_swell,0.25,1.0,0.575,A_resonant_driven_swell_w0p875_c0p575_s0p000_b0p500,0.875,0.575,0.12134616464815913,0.12134616464815912,0.9999999999999999
B_resonant_driven_swell_w1p000_c0p575_s0p000_b0p750,resonant_driven_swell,0.75,1.0,0.575,A_resonant_driven_swell_w0p875_c0p575_s0p000_b0p500,0.875,0.575,0.05620011003452248,0.05620011003452248,1.0
B_resonant_driven_swell_w1p000_c0p850_s0p000_b0p250,resonant_driven_swell,0.25,1.0,0.85,A_resonant_driven_swell_w0p875_c0p850_s0p000_b0p500,0.875,0.85,0.19121084709065833,0.19121084709065833,1.0
B_resonant_driven_swell_w1p000_c0p850_s0p000_b0p750,resonant_driven_swell,0.75,1.0,0.85,A_resonant_driven_swell_w0p875_c0p850_s0p000_b0p500,0.875,0.85,0.11157933061027794,0.11157933061027794,1.0
