kind,sample_id,max_absolute_error,tolerance,passed
B_neutral_vs_A_sustain_zero,B_clean_held_w0p000_c0p300_s0p000_b0p500,6.705522537231445e-08,2e-06,True
B_neutral_vs_A_sustain_zero,B_clean_held_w0p000_c0p575_s0p000_b0p500,1.043081283569336e-07,2e-06,True
B_neutral_vs_A_sustain_zero,B_clean_held_w0p000_c0p850_s0p000_b0p500,8.195638656616211e-08,2e-06,True
B_neutral_vs_A_sustain_zero,B_clean_held_w0p500_c0p300_s0p000_b0p500,7.82310962677002e-08,2e-06,True
B_neutral_vs_A_sustain_zero,B_clean_held_w0p500_c0p575_s0p000_b0p500,1.4901161193847656e-07,2e-06,True
B_neutral_vs_A_sustain_zero,B_clean_held_w0p500_c0p850_s0p000_b0p500,6.780028343200684e-07,2e-06,True
B_neutral_vs_A_sustain_zero,B_clean_held_w1p000_c0p300_s0p000_b0p500,5.21540641784668e-08,2e-06,True
B_neutral_vs_A_sustain_zero,B_clean_held_w1p000_c0p575_s0p000_b0p500,3.129243850708008e-07,2e-06,True
B_neutral_vs_A_sustain_zero,B_clean_held_w1p000_c0p850_s0p000_b0p500,9.08970832824707e-07,2e-06,True
B_neutral_vs_A_sustain_zero,B_resonant_held_w0p000_c0p300_s0p000_b0p500,9.313225746154785e-08,2e-06,True
B_neutral_vs_A_sustain_zero,B_resonant_held_w0p000_c0p575_s0p000_b0p500,3.501772880554199e-07,2e-06,True
B_neutral_vs_A_sustain_zero,B_resonant_held_w0p000_c0p850_s0p000_b0p500,1.0803341865539551e-07,2e-06,True
B_neutral_vs_A_sustain_zero,B_resonant_held_w0p500_c0p300_s0p000_b0p500,1.341104507446289e-07,2e-06,True
B_neutral_vs_A_sustain_zero,B_resonant_held_w0p500_c0p575_s0p000_b0p500,2.980232238769531e-07,2e-06,True
B_neutral_vs_A_sustain_zero,B_resonant_held_w0p500_c0p850_s0p000_b0p500,5.438923835754395e-07,2e-06,True
B_neutral_vs_A_sustain_zero,B_resonant_held_w1p000_c0p300_s0p000_b0p500,1.4156103134155273e-07,2e-06,True
B_neutral_vs_A_sustain_zero,B_resonant_held_w1p000_c0p575_s0p000_b0p500,2.1606683731079102e-07,2e-06,True
B_neutral_vs_A_sustain_zero,B_resonant_held_w1p000_c0p850_s0p000_b0p500,8.903443813323975e-07,2e-06,True
B_neutral_vs_A_sustain_zero,B_driven_pluck_w0p000_c0p300_s0p000_b0p500,7.450580596923828e-08,2e-06,True
B_neutral_vs_A_sustain_zero,B_driven_pluck_w0p000_c0p575_s0p000_b0p500,5.960464477539063e-08,2e-06,True
B_neutral_vs_A_sustain_zero,B_driven_pluck_w0p000_c0p850_s0p000_b0p500,5.960464477539063e-08,2e-06,True
B_neutral_vs_A_sustain_zero,B_driven_pluck_w0p500_c0p300_s0p000_b0p500,7.450580596923828e-08,2e-06,True
B_neutral_vs_A_sustain_zero,B_driven_pluck_w0p500_c0p575_s0p000_b0p500,1.6391277313232422e-07,2e-06,True
B_neutral_vs_A_sustain_zero,B_driven_pluck_w0p500_c0p850_s0p000_b0p500,1.564621925354004e-07,2e-06,True
B_neutral_vs_A_sustain_zero,B_driven_pluck_w1p000_c0p300_s0p000_b0p500,4.284083843231201e-08,2e-06,True
B_neutral_vs_A_sustain_zero,B_driven_pluck_w1p000_c0p575_s0p000_b0p500,5.960464477539063e-08,2e-06,True
B_neutral_vs_A_sustain_zero,B_driven_pluck_w1p000_c0p850_s0p000_b0p500,7.916241884231567e-08,2e-06,True
B_neutral_vs_A_sustain_zero,B_resonant_driven_swell_w0p000_c0p300_s0p000_b0p500,1.1920928955078125e-07,2e-06,True
B_neutral_vs_A_sustain_zero,B_resonant_driven_swell_w0p000_c0p575_s0p000_b0p500,2.644956111907959e-07,2e-06,True
B_neutral_vs_A_sustain_zero,B_resonant_driven_swell_w0p000_c0p850_s0p000_b0p500,7.450580596923828e-07,2e-06,True
B_neutral_vs_A_sustain_zero,B_resonant_driven_swell_w0p500_c0p300_s0p000_b0p500,8.940696716308594e-08,2e-06,True
B_neutral_vs_A_sustain_zero,B_resonant_driven_swell_w0p500_c0p575_s0p000_b0p500,2.384185791015625e-07,2e-06,True
B_neutral_vs_A_sustain_zero,B_resonant_driven_swell_w0p500_c0p850_s0p000_b0p500,1.8812716007232666e-06,2e-06,True
B_neutral_vs_A_sustain_zero,B_resonant_driven_swell_w1p000_c0p300_s0p000_b0p500,2.086162567138672e-07,2e-06,True
B_neutral_vs_A_sustain_zero,B_resonant_driven_swell_w1p000_c0p575_s0p000_b0p500,5.289912223815918e-07,2e-06,True
B_neutral_vs_A_sustain_zero,B_resonant_driven_swell_w1p000_c0p850_s0p000_b0p500,2.332031726837158e-06,2e-06,False
repeat_fresh,A_clean_held_w0p500_c0p575_s0p400_b0p500,0.0,1e-07,True
json_roundtrip,A_clean_held_w0p500_c0p575_s0p400_b0p500,0.0,1e-07,True
preset_file_roundtrip,A_clean_held_w0p500_c0p575_s0p400_b0p500,0.0,1e-07,True
repeat_fresh,B_clean_held_w0p500_c0p575_s0p000_b0p250,0.0,1e-07,True
json_roundtrip,B_clean_held_w0p500_c0p575_s0p000_b0p250,0.0,1e-07,True
preset_file_roundtrip,B_clean_held_w0p500_c0p575_s0p000_b0p250,0.0,1e-07,True
repeat_fresh,B_clean_held_w0p500_c0p575_s0p000_b0p500,0.0,1e-07,True
json_roundtrip,B_clean_held_w0p500_c0p575_s0p000_b0p500,0.0,1e-07,True
preset_file_roundtrip,B_clean_held_w0p500_c0p575_s0p000_b0p500,0.0,1e-07,True
repeat_fresh,B_clean_held_w0p500_c0p575_s0p000_b0p750,0.0,1e-07,True
json_roundtrip,B_clean_held_w0p500_c0p575_s0p000_b0p750,0.0,1e-07,True
preset_file_roundtrip,B_clean_held_w0p500_c0p575_s0p000_b0p750,0.0,1e-07,True
repeat_fresh,B_clean_held_w0p500_c0p850_s0p000_b0p000,0.0,1e-07,True
json_roundtrip,B_clean_held_w0p500_c0p850_s0p000_b0p000,0.0,1e-07,True
preset_file_roundtrip,B_clean_held_w0p500_c0p850_s0p000_b0p000,0.0,1e-07,True
repeat_fresh,B_clean_held_w0p500_c0p850_s0p000_b1p000,0.0,1e-07,True
json_roundtrip,B_clean_held_w0p500_c0p850_s0p000_b1p000,0.0,1e-07,True
preset_file_roundtrip,B_clean_held_w0p500_c0p850_s0p000_b1p000,0.0,1e-07,True
repeat_fresh,A_resonant_held_w0p500_c0p575_s0p400_b0p500,0.0,1e-07,True
json_roundtrip,A_resonant_held_w0p500_c0p575_s0p400_b0p500,0.0,1e-07,True
preset_file_roundtrip,A_resonant_held_w0p500_c0p575_s0p400_b0p500,0.0,1e-07,True
repeat_fresh,B_resonant_held_w0p500_c0p575_s0p000_b0p250,0.0,1e-07,True
json_roundtrip,B_resonant_held_w0p500_c0p575_s0p000_b0p250,0.0,1e-07,True
preset_file_roundtrip,B_resonant_held_w0p500_c0p575_s0p000_b0p250,0.0,1e-07,True
repeat_fresh,B_resonant_held_w0p500_c0p575_s0p000_b0p500,0.0,1e-07,True
json_roundtrip,B_resonant_held_w0p500_c0p575_s0p000_b0p500,0.0,1e-07,True
preset_file_roundtrip,B_resonant_held_w0p500_c0p575_s0p000_b0p500,0.0,1e-07,True
repeat_fresh,B_resonant_held_w0p500_c0p575_s0p000_b0p750,0.0,1e-07,True
json_roundtrip,B_resonant_held_w0p500_c0p575_s0p000_b0p750,0.0,1e-07,True
preset_file_roundtrip,B_resonant_held_w0p500_c0p575_s0p000_b0p750,0.0,1e-07,True
repeat_fresh,B_resonant_held_w0p500_c0p850_s0p000_b0p000,0.0,1e-07,True
json_roundtrip,B_resonant_held_w0p500_c0p850_s0p000_b0p000,0.0,1e-07,True
preset_file_roundtrip,B_resonant_held_w0p500_c0p850_s0p000_b0p000,0.0,1e-07,True
repeat_fresh,B_resonant_held_w0p500_c0p850_s0p000_b1p000,0.0,1e-07,True
json_roundtrip,B_resonant_held_w0p500_c0p850_s0p000_b1p000,0.0,1e-07,True
preset_file_roundtrip,B_resonant_held_w0p500_c0p850_s0p000_b1p000,0.0,1e-07,True
repeat_fresh,A_driven_pluck_w0p500_c0p575_s0p400_b0p500,0.0,1e-07,True
json_roundtrip,A_driven_pluck_w0p500_c0p575_s0p400_b0p500,0.0,1e-07,True
preset_file_roundtrip,A_driven_pluck_w0p500_c0p575_s0p400_b0p500,0.0,1e-07,True
repeat_fresh,B_driven_pluck_w0p500_c0p575_s0p000_b0p250,0.0,1e-07,True
json_roundtrip,B_driven_pluck_w0p500_c0p575_s0p000_b0p250,0.0,1e-07,True
preset_file_roundtrip,B_driven_pluck_w0p500_c0p575_s0p000_b0p250,0.0,1e-07,True
repeat_fresh,B_driven_pluck_w0p500_c0p575_s0p000_b0p500,0.0,1e-07,True
json_roundtrip,B_driven_pluck_w0p500_c0p575_s0p000_b0p500,0.0,1e-07,True
preset_file_roundtrip,B_driven_pluck_w0p500_c0p575_s0p000_b0p500,0.0,1e-07,True
repeat_fresh,B_driven_pluck_w0p500_c0p575_s0p000_b0p750,0.0,1e-07,True
json_roundtrip,B_driven_pluck_w0p500_c0p575_s0p000_b0p750,0.0,1e-07,True
preset_file_roundtrip,B_driven_pluck_w0p500_c0p575_s0p000_b0p750,0.0,1e-07,True
repeat_fresh,B_driven_pluck_w0p500_c0p850_s0p000_b0p000,0.0,1e-07,True
json_roundtrip,B_driven_pluck_w0p500_c0p850_s0p000_b0p000,0.0,1e-07,True
preset_file_roundtrip,B_driven_pluck_w0p500_c0p850_s0p000_b0p000,0.0,1e-07,True
repeat_fresh,B_driven_pluck_w0p500_c0p850_s0p000_b1p000,0.0,1e-07,True
json_roundtrip,B_driven_pluck_w0p500_c0p850_s0p000_b1p000,0.0,1e-07,True
preset_file_roundtrip,B_driven_pluck_w0p500_c0p850_s0p000_b1p000,0.0,1e-07,True
repeat_fresh,A_resonant_driven_swell_w0p500_c0p575_s0p400_b0p500,0.0,1e-07,True
json_roundtrip,A_resonant_driven_swell_w0p500_c0p575_s0p400_b0p500,0.0,1e-07,True
preset_file_roundtrip,A_resonant_driven_swell_w0p500_c0p575_s0p400_b0p500,0.0,1e-07,True
repeat_fresh,B_resonant_driven_swell_w0p500_c0p575_s0p000_b0p250,0.0,1e-07,True
json_roundtrip,B_resonant_driven_swell_w0p500_c0p575_s0p000_b0p250,0.0,1e-07,True
preset_file_roundtrip,B_resonant_driven_swell_w0p500_c0p575_s0p000_b0p250,0.0,1e-07,True
repeat_fresh,B_resonant_driven_swell_w0p500_c0p575_s0p000_b0p500,0.0,1e-07,True
json_roundtrip,B_resonant_driven_swell_w0p500_c0p575_s0p000_b0p500,0.0,1e-07,True
preset_file_roundtrip,B_resonant_driven_swell_w0p500_c0p575_s0p000_b0p500,0.0,1e-07,True
repeat_fresh,B_resonant_driven_swell_w0p500_c0p575_s0p000_b0p750,0.0,1e-07,True
json_roundtrip,B_resonant_driven_swell_w0p500_c0p575_s0p000_b0p750,0.0,1e-07,True
preset_file_roundtrip,B_resonant_driven_swell_w0p500_c0p575_s0p000_b0p750,0.0,1e-07,True
repeat_fresh,B_resonant_driven_swell_w0p500_c0p850_s0p000_b0p000,0.0,1e-07,True
json_roundtrip,B_resonant_driven_swell_w0p500_c0p850_s0p000_b0p000,0.0,1e-07,True
preset_file_roundtrip,B_resonant_driven_swell_w0p500_c0p850_s0p000_b0p000,0.0,1e-07,True
repeat_fresh,B_resonant_driven_swell_w0p500_c0p850_s0p000_b1p000,0.0,1e-07,True
json_roundtrip,B_resonant_driven_swell_w0p500_c0p850_s0p000_b1p000,0.0,1e-07,True
preset_file_roundtrip,B_resonant_driven_swell_w0p500_c0p850_s0p000_b1p000,0.0,1e-07,True
disabled_warp_amount_invariance,diagnostic,0.0,1e-07,True
