group,method,count,dc_flags,clipping_flags,max_abs_mean,max_dc_to_rms,max_peak,max_abs_50ms_mean,max_final_50ms_peak
previous_AB,raw,376,122,0,0.03309174807125713,0.6732582256709463,0.2814207673072815,0.09191061893141197,0.0
previous_AB,subtract_clip_mean,376,0,0,1.2030353198054607e-17,2.248207284658626e-16,0.28296716323318344,0.058818870860154825,0.03309174807125713
previous_AB,highpass_10hz,376,0,0,1.6109775905141283e-12,5.765981108884843e-11,0.34986974937260756,0.014993406740667256,3.5158961925959203e-09
previous_AB,highpass_20hz,376,0,0,8.704245856878956e-15,2.3483977077492063e-13,0.3600964869777248,0.00894872432076537,1.5586594828298375e-12
combined_13,raw,18,6,0,0.02165171622916667,0.27390292545028316,0.18716482818126678,0.06002599291536163,0.0
combined_13,subtract_clip_mean,18,0,0,5.509995751843369e-18,7.025811437360926e-17,0.20343666502157673,0.038462729982686114,0.02165171622916667
combined_13,highpass_10hz,18,0,0,1.0574222609478332e-12,1.4313726663078932e-11,0.2500175292274833,0.010097350696299879,2.284244613586772e-09
combined_13,highpass_20hz,18,0,0,5.701860416588795e-15,1.017406921266693e-13,0.25730395858744404,0.0059524355705743,1.0126695543893942e-12
all,raw,394,128,0,0.03309174807125713,0.6732582256709463,0.2814207673072815,0.09191061893141197,0.0
all,subtract_clip_mean,394,0,0,1.2030353198054607e-17,2.248207284658626e-16,0.28296716323318344,0.058818870860154825,0.03309174807125713
all,highpass_10hz,394,0,0,1.6109775905141283e-12,5.765981108884843e-11,0.34986974937260756,0.014993406740667256,3.5158961925959203e-09
all,highpass_20hz,394,0,0,8.704245856878956e-15,2.3483977077492063e-13,0.3600964869777248,0.00894872432076537,1.5586594828298375e-12
