sample_id,group,background,raw_path,audio_sha256,wave_frame,bend_amount,filter_cutoff,filter_resonance,filter_drive,amp_attack,amp_decay,amp_sustain,amp_release,filter_env_amount,filter_env_attack,filter_env_decay,filter_env_sustain
C_driven_pluck_b0p250_s0p000,combined_13,driven_pluck,generation/test_renders/dc_mitigation_v1/raw_combined/C_driven_pluck_b0p250_s0p000.wav,391031b249a198ef39a90eb1f94cf46263d8b432a8206ce4d8ffe6df236b98b2,0.5,0.25,0.575,0.2,0.75,0.05,0.2,0.2,0.15,0.5625,0.05,0.2,0.0
C_driven_pluck_b0p250_s0p400,combined_13,driven_pluck,generation/test_renders/dc_mitigation_v1/raw_combined/C_driven_pluck_b0p250_s0p400.wav,31262f0ac42e13783540f19ad9355a56ca40c04d54be90fd836fcdeeba1acaa2,0.5,0.25,0.575,0.2,0.75,0.05,0.2,0.2,0.15,0.5625,0.05,0.2,0.4
C_driven_pluck_b0p250_s1p000,combined_13,driven_pluck,generation/test_renders/dc_mitigation_v1/raw_combined/C_driven_pluck_b0p250_s1p000.wav,c5d6d8d172821b5463fadaccf9179f989f0693554b7b95802f1bbe58cf95296f,0.5,0.25,0.575,0.2,0.75,0.05,0.2,0.2,0.15,0.5625,0.05,0.2,1.0
C_driven_pluck_b0p500_s0p000,combined_13,driven_pluck,generation/test_renders/dc_mitigation_v1/raw_combined/C_driven_pluck_b0p500_s0p000.wav,e7100b57325c03ffdf67cf41b5033287dcbe1f25d1f648b134ed5bcc18e808f7,0.5,0.5,0.575,0.2,0.75,0.05,0.2,0.2,0.15,0.5625,0.05,0.2,0.0
C_driven_pluck_b0p500_s0p400,combined_13,driven_pluck,generation/test_renders/dc_mitigation_v1/raw_combined/C_driven_pluck_b0p500_s0p400.wav,57e739242483a121c51d497ec9aa979defe288dd56e0bbd4b7d666fc8299893e,0.5,0.5,0.575,0.2,0.75,0.05,0.2,0.2,0.15,0.5625,0.05,0.2,0.4
C_driven_pluck_b0p500_s1p000,combined_13,driven_pluck,generation/test_renders/dc_mitigation_v1/raw_combined/C_driven_pluck_b0p500_s1p000.wav,daeca594863f30fa7e1f2897c65312574554a1e7cb0e16945102cd4dd171c0ea,0.5,0.5,0.575,0.2,0.75,0.05,0.2,0.2,0.15,0.5625,0.05,0.2,1.0
C_driven_pluck_b0p750_s0p000,combined_13,driven_pluck,generation/test_renders/dc_mitigation_v1/raw_combined/C_driven_pluck_b0p750_s0p000.wav,49e077dbd8ebce8cc921ab6ce93dc6eea76634884c631d2db2e946946eea6190,0.5,0.75,0.575,0.2,0.75,0.05,0.2,0.2,0.15,0.5625,0.05,0.2,0.0
C_driven_pluck_b0p750_s0p400,combined_13,driven_pluck,generation/test_renders/dc_mitigation_v1/raw_combined/C_driven_pluck_b0p750_s0p400.wav,dcd6b0f62df2c0650de39945320faad9db32361b7f65b1c43dbebf15fa0627e4,0.5,0.75,0.575,0.2,0.75,0.05,0.2,0.2,0.15,0.5625,0.05,0.2,0.4
C_driven_pluck_b0p750_s1p000,combined_13,driven_pluck,generation/test_renders/dc_mitigation_v1/raw_combined/C_driven_pluck_b0p750_s1p000.wav,998af220dbcf3abc2798fbd0af97271c0446eb7f587e4a6f8433872a18b41d13,0.5,0.75,0.575,0.2,0.75,0.05,0.2,0.2,0.15,0.5625,0.05,0.2,1.0
C_resonant_driven_swell_b0p250_s0p000,combined_13,resonant_driven_swell,generation/test_renders/dc_mitigation_v1/raw_combined/C_resonant_driven_swell_b0p250_s0p000.wav,375eb1b76acfd9e162ff2f1ba489dfd9500baa3c63b5f2185bbc1552651ad4c7,0.5,0.25,0.575,0.75,0.75,0.35,0.4,0.8,0.45,0.5625,0.35,0.4,0.0
C_resonant_driven_swell_b0p250_s0p400,combined_13,resonant_driven_swell,generation/test_renders/dc_mitigation_v1/raw_combined/C_resonant_driven_swell_b0p250_s0p400.wav,39b764e41965c0f085f75afc467882bf815caff5b091bc8c63bd1472db4a183a,0.5,0.25,0.575,0.75,0.75,0.35,0.4,0.8,0.45,0.5625,0.35,0.4,0.4
C_resonant_driven_swell_b0p250_s1p000,combined_13,resonant_driven_swell,generation/test_renders/dc_mitigation_v1/raw_combined/C_resonant_driven_swell_b0p250_s1p000.wav,0e2e1ccfb958d924b47d695d9f53fddba5e258013087894b9b4ebe855e5c7ec5,0.5,0.25,0.575,0.75,0.75,0.35,0.4,0.8,0.45,0.5625,0.35,0.4,1.0
C_resonant_driven_swell_b0p500_s0p000,combined_13,resonant_driven_swell,generation/test_renders/dc_mitigation_v1/raw_combined/C_resonant_driven_swell_b0p500_s0p000.wav,b2bd864fc69154e867f9aae17b1c164baea9311c3c69851d36568f7f267b4c7a,0.5,0.5,0.575,0.75,0.75,0.35,0.4,0.8,0.45,0.5625,0.35,0.4,0.0
C_resonant_driven_swell_b0p500_s0p400,combined_13,resonant_driven_swell,generation/test_renders/dc_mitigation_v1/raw_combined/C_resonant_driven_swell_b0p500_s0p400.wav,43aff5bc16d0938026dcd35d7ec181f3fece5cb69e07903d79c5111121c7625b,0.5,0.5,0.575,0.75,0.75,0.35,0.4,0.8,0.45,0.5625,0.35,0.4,0.4
C_resonant_driven_swell_b0p500_s1p000,combined_13,resonant_driven_swell,generation/test_renders/dc_mitigation_v1/raw_combined/C_resonant_driven_swell_b0p500_s1p000.wav,3df7fd2761031c0e1d61c0a1b40e080b8dead2e0eb0c04bb78b1eb811785e259,0.5,0.5,0.575,0.75,0.75,0.35,0.4,0.8,0.45,0.5625,0.35,0.4,1.0
C_resonant_driven_swell_b0p750_s0p000,combined_13,resonant_driven_swell,generation/test_renders/dc_mitigation_v1/raw_combined/C_resonant_driven_swell_b0p750_s0p000.wav,44ad901c178d603d6d324886d7aa7a3d4e9b35526a3aa2751f81eadc5eb475b3,0.5,0.75,0.575,0.75,0.75,0.35,0.4,0.8,0.45,0.5625,0.35,0.4,0.0
C_resonant_driven_swell_b0p750_s0p400,combined_13,resonant_driven_swell,generation/test_renders/dc_mitigation_v1/raw_combined/C_resonant_driven_swell_b0p750_s0p400.wav,7177cd389437838cdc2db5cc2535cdeb121517d67777c76387ca31a8b52ca8e4,0.5,0.75,0.575,0.75,0.75,0.35,0.4,0.8,0.45,0.5625,0.35,0.4,0.4
C_resonant_driven_swell_b0p750_s1p000,combined_13,resonant_driven_swell,generation/test_renders/dc_mitigation_v1/raw_combined/C_resonant_driven_swell_b0p750_s1p000.wav,217d02cc77023b6b8d72eb69113d596222bd2dd389e1b3095230ec8bf76b3608,0.5,0.75,0.575,0.75,0.75,0.35,0.4,0.8,0.45,0.5625,0.35,0.4,1.0
