sample_id,selection,method,path,sha256,gain
B_resonant_driven_swell_w0p500_c0p850_s0p000_b0p000,Largest full-clip DC magnitude,raw,generation/test_renders/dc_mitigation_v1/listen/B_resonant_driven_swell_w0p500_c0p850_s0p000_b0p000_raw.wav,0926def51635b54e10d13efa28f1e1d3f85531d7cb0346eb4f73465b07f84e50,1.0
B_resonant_driven_swell_w0p500_c0p850_s0p000_b0p000,Largest full-clip DC magnitude,highpass_10hz,generation/test_renders/dc_mitigation_v1/listen/B_resonant_driven_swell_w0p500_c0p850_s0p000_b0p000_highpass_10hz.wav,55754008a0ef00e2ca1243ecf74a93c2ea81a4e83321373bc15277dfcd19268b,1.0
B_resonant_driven_swell_w0p500_c0p850_s0p000_b0p000,Largest full-clip DC magnitude,highpass_20hz,generation/test_renders/dc_mitigation_v1/listen/B_resonant_driven_swell_w0p500_c0p850_s0p000_b0p000_highpass_20hz.wav,594db14484649d244207784486b26d0cb653b25aa3cb90fd487a859b2e6790be,1.0
B_clean_held_w0p500_c0p300_s0p000_b0p000,Largest DC/RMS ratio,raw,generation/test_renders/dc_mitigation_v1/listen/B_clean_held_w0p500_c0p300_s0p000_b0p000_raw.wav,927194ef0a9663ec9c1e6afc549707c1eb29801385215b0e5243d75186bd1437,1.0
B_clean_held_w0p500_c0p300_s0p000_b0p000,Largest DC/RMS ratio,highpass_10hz,generation/test_renders/dc_mitigation_v1/listen/B_clean_held_w0p500_c0p300_s0p000_b0p000_highpass_10hz.wav,561c2798976371aa54fb5d95ff4547747dcc428bac5e150dcb76510e9a7b58db,1.0
B_clean_held_w0p500_c0p300_s0p000_b0p000,Largest DC/RMS ratio,highpass_20hz,generation/test_renders/dc_mitigation_v1/listen/B_clean_held_w0p500_c0p300_s0p000_b0p000_highpass_20hz.wav,9984f814d66ac2fb129ab145550275e2ed75867926a053e58792a56fcbc5172a,1.0
B_driven_pluck_w0p500_c0p850_s0p000_b0p000,Pluck with largest DC,raw,generation/test_renders/dc_mitigation_v1/listen/B_driven_pluck_w0p500_c0p850_s0p000_b0p000_raw.wav,89ed5664f8e84ca06db595d372d48f1483cb1b96d897ad2fb532532c9fd2c2a4,1.0
B_driven_pluck_w0p500_c0p850_s0p000_b0p000,Pluck with largest DC,highpass_10hz,generation/test_renders/dc_mitigation_v1/listen/B_driven_pluck_w0p500_c0p850_s0p000_b0p000_highpass_10hz.wav,8b4247e8a54619139464a5dc509124c9afe7c3b130a00ddffd48dd4a95120e5b,1.0
B_driven_pluck_w0p500_c0p850_s0p000_b0p000,Pluck with largest DC,highpass_20hz,generation/test_renders/dc_mitigation_v1/listen/B_driven_pluck_w0p500_c0p850_s0p000_b0p000_highpass_20hz.wav,7e85b8e043d4f2819c5288f3cbd379b4c9649450f19b7ae22fcc15b49e02e028,1.0
C_resonant_driven_swell_b0p250_s1p000,"Combined 13 controls, largest DC",raw,generation/test_renders/dc_mitigation_v1/listen/C_resonant_driven_swell_b0p250_s1p000_raw.wav,a4bca5261e7f0aba549607267a7a8bd869f866d0a854b93dd73036e39eb042cc,1.0
C_resonant_driven_swell_b0p250_s1p000,"Combined 13 controls, largest DC",highpass_10hz,generation/test_renders/dc_mitigation_v1/listen/C_resonant_driven_swell_b0p250_s1p000_highpass_10hz.wav,bfe359c820430f796a5973aeea21e4274f1cb76fa436bdbb80a3933e9d0fb78c,1.0
C_resonant_driven_swell_b0p250_s1p000,"Combined 13 controls, largest DC",highpass_20hz,generation/test_renders/dc_mitigation_v1/listen/C_resonant_driven_swell_b0p250_s1p000_highpass_20hz.wav,1c4824e21034838807fad0494e964850e79974d30fcce68aae3240ff859e1b1b,1.0
C_resonant_driven_swell_b0p750_s1p000,"Combined 13 controls, sustain 1, slow attack",raw,generation/test_renders/dc_mitigation_v1/listen/C_resonant_driven_swell_b0p750_s1p000_raw.wav,5c7076db0078853033f5e68679f58a84d82435767a4eb879510a9458c9c7928c,1.0
C_resonant_driven_swell_b0p750_s1p000,"Combined 13 controls, sustain 1, slow attack",highpass_10hz,generation/test_renders/dc_mitigation_v1/listen/C_resonant_driven_swell_b0p750_s1p000_highpass_10hz.wav,9105594cce19a504ab616f009918313d3c2b66d306fc309b0b8b002404031624,1.0
C_resonant_driven_swell_b0p750_s1p000,"Combined 13 controls, sustain 1, slow attack",highpass_20hz,generation/test_renders/dc_mitigation_v1/listen/C_resonant_driven_swell_b0p750_s1p000_highpass_20hz.wav,74c04e73fa156c928c9305f11c859cb00a0fc75fd33f6aac790c2b1faf8eece3,1.0
A_resonant_driven_swell_w0p000_c0p300_s0p400_b0p500,Low-DC reference,raw,generation/test_renders/dc_mitigation_v1/listen/A_resonant_driven_swell_w0p000_c0p300_s0p400_b0p500_raw.wav,8207322268bad7bb849a2d290a3e2b426e33b7597c2e86b6326b69567871d280,1.0
A_resonant_driven_swell_w0p000_c0p300_s0p400_b0p500,Low-DC reference,highpass_10hz,generation/test_renders/dc_mitigation_v1/listen/A_resonant_driven_swell_w0p000_c0p300_s0p400_b0p500_highpass_10hz.wav,74b5f1807d5ea5f63d73bf935e1f74d1be60bd6f9ad8a370c1f5d5681fd879f4,1.0
A_resonant_driven_swell_w0p000_c0p300_s0p400_b0p500,Low-DC reference,highpass_20hz,generation/test_renders/dc_mitigation_v1/listen/A_resonant_driven_swell_w0p000_c0p300_s0p400_b0p500_highpass_20hz.wav,2a38a83f5bcc967626e641dac540e42de8e91f8227bd01bbff01379dd9a8382b,1.0
