sample_id,group,background,raw_path,audio_sha256
A_clean_held_w0p000_c0p300_s0p000_b0p500,previous_AB,clean_held,generation/test_renders/architecture_ab_v1/raw/A_clean_held_w0p000_c0p300_s0p000_b0p500.wav,b5a670d14b755d5361a475837483e144cbd981bb1ac4c0d306cd693a60f53bd2
A_clean_held_w0p000_c0p300_s0p400_b0p500,previous_AB,clean_held,generation/test_renders/architecture_ab_v1/raw/A_clean_held_w0p000_c0p300_s0p400_b0p500.wav,f30101cef108570131c5f1ca7e68c073b946ef15736a1d468819b761dfbe6a23
A_clean_held_w0p000_c0p300_s1p000_b0p500,previous_AB,clean_held,generation/test_renders/architecture_ab_v1/raw/A_clean_held_w0p000_c0p300_s1p000_b0p500.wav,00844bddf755e1975e3b7033657b7a7fb89fb81a564fe543c9c58d11baa0ddbf
B_clean_held_w0p000_c0p300_s0p000_b0p250,previous_AB,clean_held,generation/test_renders/architecture_ab_v1/raw/B_clean_held_w0p000_c0p300_s0p000_b0p250.wav,948dcc5d6f7247ed896347de415b5e4912d4c11d96dbebc0c48ad9694f2353f4
B_clean_held_w0p000_c0p300_s0p000_b0p500,previous_AB,clean_held,generation/test_renders/architecture_ab_v1/raw/B_clean_held_w0p000_c0p300_s0p000_b0p500.wav,9dfc800d092fcdd7296a07f63f36c92c22703c43c6d72f01b5c0a2470f588ec1
B_clean_held_w0p000_c0p300_s0p000_b0p750,previous_AB,clean_held,generation/test_renders/architecture_ab_v1/raw/B_clean_held_w0p000_c0p300_s0p000_b0p750.wav,38e81e753cc90e196ba791324db41e199fb8cfa09358bf37e87dc4df85b943db
A_clean_held_w0p000_c0p575_s0p000_b0p500,previous_AB,clean_held,generation/test_renders/architecture_ab_v1/raw/A_clean_held_w0p000_c0p575_s0p000_b0p500.wav,c74a9544d6b06059e573d92402063dff0e53f7ec8d94c885f0bdfb7cc8873e5a
A_clean_held_w0p000_c0p575_s0p400_b0p500,previous_AB,clean_held,generation/test_renders/architecture_ab_v1/raw/A_clean_held_w0p000_c0p575_s0p400_b0p500.wav,6204e16676cfea951bb70448e7a5e09f5aab138f671b73b0b97a1395c8c240c3
A_clean_held_w0p000_c0p575_s1p000_b0p500,previous_AB,clean_held,generation/test_renders/architecture_ab_v1/raw/A_clean_held_w0p000_c0p575_s1p000_b0p500.wav,43dde4be38c0d35077b3acf975cbc39a729d35f6fbed3231c273ce0b645589c4
B_clean_held_w0p000_c0p575_s0p000_b0p250,previous_AB,clean_held,generation/test_renders/architecture_ab_v1/raw/B_clean_held_w0p000_c0p575_s0p000_b0p250.wav,2be83e963ad5c066ef9b2896bf3677d7facf3a401f228f614fddc000a8bce857
B_clean_held_w0p000_c0p575_s0p000_b0p500,previous_AB,clean_held,generation/test_renders/architecture_ab_v1/raw/B_clean_held_w0p000_c0p575_s0p000_b0p500.wav,30ea8869ff72a62f28d177a1b87fafcc06e155d16d4f08863f69695f9afd02c1
B_clean_held_w0p000_c0p575_s0p000_b0p750,previous_AB,clean_held,generation/test_renders/architecture_ab_v1/raw/B_clean_held_w0p000_c0p575_s0p000_b0p750.wav,90de6c87f80ec0450dcf7bfdde1d804ef2028f8f20c0f3c69015b66152b1a24b
A_clean_held_w0p000_c0p850_s0p000_b0p500,previous_AB,clean_held,generation/test_renders/architecture_ab_v1/raw/A_clean_held_w0p000_c0p850_s0p000_b0p500.wav,6d1ef3353d034bd62eaa235264078dd71752bc27c20c1e406854937f97b8a830
A_clean_held_w0p000_c0p850_s0p400_b0p500,previous_AB,clean_held,generation/test_renders/architecture_ab_v1/raw/A_clean_held_w0p000_c0p850_s0p400_b0p500.wav,b0acef1b22302772d50ca905faca7b85bf3220ff608c127ceb6d2e7a6c2f27ef
A_clean_held_w0p000_c0p850_s1p000_b0p500,previous_AB,clean_held,generation/test_renders/architecture_ab_v1/raw/A_clean_held_w0p000_c0p850_s1p000_b0p500.wav,08382176382a22e44308ec4c6005a8702ce5697574117c394b4bc2b4f5fcf3e8
B_clean_held_w0p000_c0p850_s0p000_b0p250,previous_AB,clean_held,generation/test_renders/architecture_ab_v1/raw/B_clean_held_w0p000_c0p850_s0p000_b0p250.wav,d8ed6c074c4b89c953ef6bdf1a11cfe4c12bcd3e1db48f974dc09bcdacc92157
B_clean_held_w0p000_c0p850_s0p000_b0p500,previous_AB,clean_held,generation/test_renders/architecture_ab_v1/raw/B_clean_held_w0p000_c0p850_s0p000_b0p500.wav,2a2437c37b6086f9f657cb66d467fb995400ebf0e5eb4f9093ac042eb45c5485
B_clean_held_w0p000_c0p850_s0p000_b0p750,previous_AB,clean_held,generation/test_renders/architecture_ab_v1/raw/B_clean_held_w0p000_c0p850_s0p000_b0p750.wav,9943c2aa647a1778c69931ad210b0e8a498e6294acf3db8072608ad48011affc
A_clean_held_w0p500_c0p300_s0p000_b0p500,previous_AB,clean_held,generation/test_renders/architecture_ab_v1/raw/A_clean_held_w0p500_c0p300_s0p000_b0p500.wav,b5b7e91a6fa92813fed0d384c19ac26e1085ce66f0e658fe811db4718041e63b
A_clean_held_w0p500_c0p300_s0p400_b0p500,previous_AB,clean_held,generation/test_renders/architecture_ab_v1/raw/A_clean_held_w0p500_c0p300_s0p400_b0p500.wav,782556350b22d140fa16462e31455e08b193f59788a762499aa4268280e94c86
A_clean_held_w0p500_c0p300_s1p000_b0p500,previous_AB,clean_held,generation/test_renders/architecture_ab_v1/raw/A_clean_held_w0p500_c0p300_s1p000_b0p500.wav,ef1a828b602fa9979b5d1ed73acd8cc729af22ac4308d58501ab70b48eeb1a50
B_clean_held_w0p500_c0p300_s0p000_b0p250,previous_AB,clean_held,generation/test_renders/architecture_ab_v1/raw/B_clean_held_w0p500_c0p300_s0p000_b0p250.wav,7ef4819370f46fd8127f749b1da080c46515dc43f0ed25747f75c304cd79a568
B_clean_held_w0p500_c0p300_s0p000_b0p500,previous_AB,clean_held,generation/test_renders/architecture_ab_v1/raw/B_clean_held_w0p500_c0p300_s0p000_b0p500.wav,37bbbf6202ad3f70a2a0db0f3118885e0a9595819f35bc48daab1de4706d5ef5
B_clean_held_w0p500_c0p300_s0p000_b0p750,previous_AB,clean_held,generation/test_renders/architecture_ab_v1/raw/B_clean_held_w0p500_c0p300_s0p000_b0p750.wav,8731926d11eddffb924bf94bf9d6efa862fdf3c631bd8c4bf2a0d2e1bf36eb83
A_clean_held_w0p500_c0p575_s0p000_b0p500,previous_AB,clean_held,generation/test_renders/architecture_ab_v1/raw/A_clean_held_w0p500_c0p575_s0p000_b0p500.wav,21c10d58612b4f9ed1b7c8e861b02f6efd7f4a11d44281b33af167431eb0d065
A_clean_held_w0p500_c0p575_s0p400_b0p500,previous_AB,clean_held,generation/test_renders/architecture_ab_v1/raw/A_clean_held_w0p500_c0p575_s0p400_b0p500.wav,e46a8d4233c11d55b061918289336f02a21bdc6da62273c2c215ccf990295264
A_clean_held_w0p500_c0p575_s1p000_b0p500,previous_AB,clean_held,generation/test_renders/architecture_ab_v1/raw/A_clean_held_w0p500_c0p575_s1p000_b0p500.wav,d14f2cfce9c686ed48e5db113ab1dd73a681d34eb211efa714e5493add50d459
B_clean_held_w0p500_c0p575_s0p000_b0p250,previous_AB,clean_held,generation/test_renders/architecture_ab_v1/raw/B_clean_held_w0p500_c0p575_s0p000_b0p250.wav,1b893b7d90704da6975ba00b0c816afbcda777e8b2ca729fb1e7c41e81a80dfd
B_clean_held_w0p500_c0p575_s0p000_b0p500,previous_AB,clean_held,generation/test_renders/architecture_ab_v1/raw/B_clean_held_w0p500_c0p575_s0p000_b0p500.wav,a6be3d98287d58899d1b540493e9bd350634f80d1e6e93348226a7d568de12c7
B_clean_held_w0p500_c0p575_s0p000_b0p750,previous_AB,clean_held,generation/test_renders/architecture_ab_v1/raw/B_clean_held_w0p500_c0p575_s0p000_b0p750.wav,314cf0b1afefa5e2f5f665fedf8ab8ddc21cd2cf916c8ac477792c28da1440c3
A_clean_held_w0p500_c0p850_s0p000_b0p500,previous_AB,clean_held,generation/test_renders/architecture_ab_v1/raw/A_clean_held_w0p500_c0p850_s0p000_b0p500.wav,6b5fc2c3862bc2822b93083cfde2735a9406394afd4b2186dec62f84151efa11
A_clean_held_w0p500_c0p850_s0p400_b0p500,previous_AB,clean_held,generation/test_renders/architecture_ab_v1/raw/A_clean_held_w0p500_c0p850_s0p400_b0p500.wav,cdb7558c41f1ae73593d5b13e2f2a98093e63e98c45c013876f4077a206239bc
A_clean_held_w0p500_c0p850_s1p000_b0p500,previous_AB,clean_held,generation/test_renders/architecture_ab_v1/raw/A_clean_held_w0p500_c0p850_s1p000_b0p500.wav,f68181b1762e8d946b32ad1ece20c5a10f83ff6f19d9bc9f4509c240ddd8ec9d
B_clean_held_w0p500_c0p850_s0p000_b0p250,previous_AB,clean_held,generation/test_renders/architecture_ab_v1/raw/B_clean_held_w0p500_c0p850_s0p000_b0p250.wav,383b52da5c4e410a87b9baaff4b6623afa11a2d62b5ffde0d0139c7cbcfcd01c
B_clean_held_w0p500_c0p850_s0p000_b0p500,previous_AB,clean_held,generation/test_renders/architecture_ab_v1/raw/B_clean_held_w0p500_c0p850_s0p000_b0p500.wav,d5039055d09e2ca355f5c53fcc0ccc17ab8e82995df2d976f0b5e73fbeea3d06
B_clean_held_w0p500_c0p850_s0p000_b0p750,previous_AB,clean_held,generation/test_renders/architecture_ab_v1/raw/B_clean_held_w0p500_c0p850_s0p000_b0p750.wav,4ecb421408b78a271774bf2e396472888a266fb5d9027ce5c49297808c4db908
A_clean_held_w1p000_c0p300_s0p000_b0p500,previous_AB,clean_held,generation/test_renders/architecture_ab_v1/raw/A_clean_held_w1p000_c0p300_s0p000_b0p500.wav,1a10d6829c5f348faa28fe30f3d94d50c7882c47a42ee4c2abc98aa15ad9296a
A_clean_held_w1p000_c0p300_s0p400_b0p500,previous_AB,clean_held,generation/test_renders/architecture_ab_v1/raw/A_clean_held_w1p000_c0p300_s0p400_b0p500.wav,7086b15ee5095b4bfe674946cd41e63b73b3447d7a2114a6730b18823e3eab22
A_clean_held_w1p000_c0p300_s1p000_b0p500,previous_AB,clean_held,generation/test_renders/architecture_ab_v1/raw/A_clean_held_w1p000_c0p300_s1p000_b0p500.wav,3a617033b714ee0d7177375e602a7885cb9b4625433ea127bb13ed8f7433fff7
B_clean_held_w1p000_c0p300_s0p000_b0p250,previous_AB,clean_held,generation/test_renders/architecture_ab_v1/raw/B_clean_held_w1p000_c0p300_s0p000_b0p250.wav,5251bb1b2c480e507d8d601fcc774a0987781c22319d4d9f7b4e7daca52d27f0
B_clean_held_w1p000_c0p300_s0p000_b0p500,previous_AB,clean_held,generation/test_renders/architecture_ab_v1/raw/B_clean_held_w1p000_c0p300_s0p000_b0p500.wav,1d9b2447d3abfb103a3de35ecbd956cf23c4a1ded7222f2bf9431189fc78986b
B_clean_held_w1p000_c0p300_s0p000_b0p750,previous_AB,clean_held,generation/test_renders/architecture_ab_v1/raw/B_clean_held_w1p000_c0p300_s0p000_b0p750.wav,4bc9d3c55d7a89a56f2f80e35c43f71a70119d51ca841b238e3248086937759f
A_clean_held_w1p000_c0p575_s0p000_b0p500,previous_AB,clean_held,generation/test_renders/architecture_ab_v1/raw/A_clean_held_w1p000_c0p575_s0p000_b0p500.wav,58e4c00f1c14e4febd541754b428ba7349c064260865c5c034d5aa9809170d28
A_clean_held_w1p000_c0p575_s0p400_b0p500,previous_AB,clean_held,generation/test_renders/architecture_ab_v1/raw/A_clean_held_w1p000_c0p575_s0p400_b0p500.wav,cde0588a6d59f115fc218cfc31ec3f36678317ed47b6eb9de8817813c8d0bc45
A_clean_held_w1p000_c0p575_s1p000_b0p500,previous_AB,clean_held,generation/test_renders/architecture_ab_v1/raw/A_clean_held_w1p000_c0p575_s1p000_b0p500.wav,9db0b951b8898ef60a564b8b13dcbdb60176325a415d72b29d60c316d50792de
B_clean_held_w1p000_c0p575_s0p000_b0p250,previous_AB,clean_held,generation/test_renders/architecture_ab_v1/raw/B_clean_held_w1p000_c0p575_s0p000_b0p250.wav,f52aa61cb0dd2160c977e7559913c07d00e77cd2453b8a3628b72acfc162721c
B_clean_held_w1p000_c0p575_s0p000_b0p500,previous_AB,clean_held,generation/test_renders/architecture_ab_v1/raw/B_clean_held_w1p000_c0p575_s0p000_b0p500.wav,d5109bc126f9634a1dfc76ba9c55322f60d7964cb406218f3ead404270d0116a
B_clean_held_w1p000_c0p575_s0p000_b0p750,previous_AB,clean_held,generation/test_renders/architecture_ab_v1/raw/B_clean_held_w1p000_c0p575_s0p000_b0p750.wav,8abf532f8856cffecfda483423a7a5daf10d9b841f25fd9b74048cab7b3509fb
A_clean_held_w1p000_c0p850_s0p000_b0p500,previous_AB,clean_held,generation/test_renders/architecture_ab_v1/raw/A_clean_held_w1p000_c0p850_s0p000_b0p500.wav,55aeb94bdc75553b042377f7da4b4c2b137ae713c02980a6d522c440e78b21b3
A_clean_held_w1p000_c0p850_s0p400_b0p500,previous_AB,clean_held,generation/test_renders/architecture_ab_v1/raw/A_clean_held_w1p000_c0p850_s0p400_b0p500.wav,a55082cfe8174c250c13dca4d2aded53cb150a2a7462e352050a7abbc46c55a0
A_clean_held_w1p000_c0p850_s1p000_b0p500,previous_AB,clean_held,generation/test_renders/architecture_ab_v1/raw/A_clean_held_w1p000_c0p850_s1p000_b0p500.wav,ac0b6ed61133c484b341f7620121c5f4b9562af0683d06ff2415743cd7d3959c
B_clean_held_w1p000_c0p850_s0p000_b0p250,previous_AB,clean_held,generation/test_renders/architecture_ab_v1/raw/B_clean_held_w1p000_c0p850_s0p000_b0p250.wav,34e34c7c06a5e779426a15a1087be79b85cbfc67c6d4414f56424ddd83fc06f2
B_clean_held_w1p000_c0p850_s0p000_b0p500,previous_AB,clean_held,generation/test_renders/architecture_ab_v1/raw/B_clean_held_w1p000_c0p850_s0p000_b0p500.wav,8b8b5f1b481d73845eb26d7a83c965a4188299771bfa1b8fb9741ea321e37026
B_clean_held_w1p000_c0p850_s0p000_b0p750,previous_AB,clean_held,generation/test_renders/architecture_ab_v1/raw/B_clean_held_w1p000_c0p850_s0p000_b0p750.wav,2940bb43b6c774b1fd935501e4029292523e8d4bf3e5d35a8539bc272343b8da
A_resonant_held_w0p000_c0p300_s0p000_b0p500,previous_AB,resonant_held,generation/test_renders/architecture_ab_v1/raw/A_resonant_held_w0p000_c0p300_s0p000_b0p500.wav,1d609ab39045d1cfbf88ed3764997d34cbb3ef32e4b317994f7d9427cd7fc8e1
A_resonant_held_w0p000_c0p300_s0p400_b0p500,previous_AB,resonant_held,generation/test_renders/architecture_ab_v1/raw/A_resonant_held_w0p000_c0p300_s0p400_b0p500.wav,0ac2d1882437d0c3e97265fafa0e2a8903ad844774bd142a2468239314dbe866
A_resonant_held_w0p000_c0p300_s1p000_b0p500,previous_AB,resonant_held,generation/test_renders/architecture_ab_v1/raw/A_resonant_held_w0p000_c0p300_s1p000_b0p500.wav,0df25b581e5cb24df6ba4dc32dbe19eb7e62f178d69da600e22a8fe2ef6b6cf0
B_resonant_held_w0p000_c0p300_s0p000_b0p250,previous_AB,resonant_held,generation/test_renders/architecture_ab_v1/raw/B_resonant_held_w0p000_c0p300_s0p000_b0p250.wav,03f25b8de4e0d673400a72f888b5b3ae35e7736f0e97ba480188f4f0fa2b8a68
B_resonant_held_w0p000_c0p300_s0p000_b0p500,previous_AB,resonant_held,generation/test_renders/architecture_ab_v1/raw/B_resonant_held_w0p000_c0p300_s0p000_b0p500.wav,77e7f0f886fd4b91753d5becbe7a7014f3d3ed2a7da3aabb6f5b6441ec873461
B_resonant_held_w0p000_c0p300_s0p000_b0p750,previous_AB,resonant_held,generation/test_renders/architecture_ab_v1/raw/B_resonant_held_w0p000_c0p300_s0p000_b0p750.wav,4c2b2dff90f1cc41d98c72546facef33f942bb08c497ae7d9a1f8dec7a8ab0f9
A_resonant_held_w0p000_c0p575_s0p000_b0p500,previous_AB,resonant_held,generation/test_renders/architecture_ab_v1/raw/A_resonant_held_w0p000_c0p575_s0p000_b0p500.wav,9de2ca7de7a3cd18812fec4d270164546f56382cbee1b27ac2155183b5d7eaf5
A_resonant_held_w0p000_c0p575_s0p400_b0p500,previous_AB,resonant_held,generation/test_renders/architecture_ab_v1/raw/A_resonant_held_w0p000_c0p575_s0p400_b0p500.wav,17a110f06c47eaf4182e26c66cd3ccc6f2a080d0a9bee7dbd94dcb4ca0aceedf
A_resonant_held_w0p000_c0p575_s1p000_b0p500,previous_AB,resonant_held,generation/test_renders/architecture_ab_v1/raw/A_resonant_held_w0p000_c0p575_s1p000_b0p500.wav,6838d287839ba9cc44306f2d70cf1f931b29258c0395e1ebadeae8d880eabce8
B_resonant_held_w0p000_c0p575_s0p000_b0p250,previous_AB,resonant_held,generation/test_renders/architecture_ab_v1/raw/B_resonant_held_w0p000_c0p575_s0p000_b0p250.wav,87396ea253d97a4446c3434ea877bb505235bd99a35925199c98f73af9c29ddd
B_resonant_held_w0p000_c0p575_s0p000_b0p500,previous_AB,resonant_held,generation/test_renders/architecture_ab_v1/raw/B_resonant_held_w0p000_c0p575_s0p000_b0p500.wav,de6e07b695b4163ae1879f5324d9b6e54bfd8cc61f2b444c7641c81c55075df7
B_resonant_held_w0p000_c0p575_s0p000_b0p750,previous_AB,resonant_held,generation/test_renders/architecture_ab_v1/raw/B_resonant_held_w0p000_c0p575_s0p000_b0p750.wav,a6f68ab2f48d2bc450c25b791a177264262076ef2af14ed8d9abc46f19180e43
A_resonant_held_w0p000_c0p850_s0p000_b0p500,previous_AB,resonant_held,generation/test_renders/architecture_ab_v1/raw/A_resonant_held_w0p000_c0p850_s0p000_b0p500.wav,aa716666149e58e50a38b4e3db86abe5c6a03267cb937441ccac7d00ebc10480
A_resonant_held_w0p000_c0p850_s0p400_b0p500,previous_AB,resonant_held,generation/test_renders/architecture_ab_v1/raw/A_resonant_held_w0p000_c0p850_s0p400_b0p500.wav,7b681b9f8a8df05c6a65ffe09602a15750b4a933d2ee759040b1b41ffb74e3ec
A_resonant_held_w0p000_c0p850_s1p000_b0p500,previous_AB,resonant_held,generation/test_renders/architecture_ab_v1/raw/A_resonant_held_w0p000_c0p850_s1p000_b0p500.wav,735091f38069624d78a396216fdb8dcba2aaa98de2eb6b3181322ca66e2f300b
B_resonant_held_w0p000_c0p850_s0p000_b0p250,previous_AB,resonant_held,generation/test_renders/architecture_ab_v1/raw/B_resonant_held_w0p000_c0p850_s0p000_b0p250.wav,091b9ce764d82dea26052637ab92b3ce0e978151bd0146f2dc10f8ba34f2d266
B_resonant_held_w0p000_c0p850_s0p000_b0p500,previous_AB,resonant_held,generation/test_renders/architecture_ab_v1/raw/B_resonant_held_w0p000_c0p850_s0p000_b0p500.wav,a07b37007fced1f8e37d922c6827b89e10a5d72b9c4437904796c999026b6f8b
B_resonant_held_w0p000_c0p850_s0p000_b0p750,previous_AB,resonant_held,generation/test_renders/architecture_ab_v1/raw/B_resonant_held_w0p000_c0p850_s0p000_b0p750.wav,d2e9515f2a30e2b4458d72dcf0039394baf86b59d8367edd5e9ab50b30c5e9ea
A_resonant_held_w0p500_c0p300_s0p000_b0p500,previous_AB,resonant_held,generation/test_renders/architecture_ab_v1/raw/A_resonant_held_w0p500_c0p300_s0p000_b0p500.wav,1649711fb59b84ea624aa198e0d785ddc0477d1384ba9f9d4c633d86b6afc1d4
A_resonant_held_w0p500_c0p300_s0p400_b0p500,previous_AB,resonant_held,generation/test_renders/architecture_ab_v1/raw/A_resonant_held_w0p500_c0p300_s0p400_b0p500.wav,babc159a8a87986df67fd4c261d1a60e7d7004906174933f6e6533d7b31570a6
A_resonant_held_w0p500_c0p300_s1p000_b0p500,previous_AB,resonant_held,generation/test_renders/architecture_ab_v1/raw/A_resonant_held_w0p500_c0p300_s1p000_b0p500.wav,f82e5ffce9ccbdfb73b7aa7a4945d690c572dfb5e889e99d3800e1ae5adbdea1
B_resonant_held_w0p500_c0p300_s0p000_b0p250,previous_AB,resonant_held,generation/test_renders/architecture_ab_v1/raw/B_resonant_held_w0p500_c0p300_s0p000_b0p250.wav,869a9d065c85edb10f767c4841df4f65aeac98aa191719893a23486d7ef36e2d
B_resonant_held_w0p500_c0p300_s0p000_b0p500,previous_AB,resonant_held,generation/test_renders/architecture_ab_v1/raw/B_resonant_held_w0p500_c0p300_s0p000_b0p500.wav,56186274d806a97f7f703d28ea6e686ac19afeafcc02938463cf6670579d0321
B_resonant_held_w0p500_c0p300_s0p000_b0p750,previous_AB,resonant_held,generation/test_renders/architecture_ab_v1/raw/B_resonant_held_w0p500_c0p300_s0p000_b0p750.wav,d7c4eb3c382299e432f2a16151882196c66423b5044228050fd89c033e3344a1
A_resonant_held_w0p500_c0p575_s0p000_b0p500,previous_AB,resonant_held,generation/test_renders/architecture_ab_v1/raw/A_resonant_held_w0p500_c0p575_s0p000_b0p500.wav,c5efd59be0d27c45bc468d5d1eacc822e137f26d96a67b45f7a04659e3163765
A_resonant_held_w0p500_c0p575_s0p400_b0p500,previous_AB,resonant_held,generation/test_renders/architecture_ab_v1/raw/A_resonant_held_w0p500_c0p575_s0p400_b0p500.wav,a2596b721b1c5a0795668a4dd9dbddf93d405d3cbfc9ca385df15a3a73625622
A_resonant_held_w0p500_c0p575_s1p000_b0p500,previous_AB,resonant_held,generation/test_renders/architecture_ab_v1/raw/A_resonant_held_w0p500_c0p575_s1p000_b0p500.wav,352a0fb9e7524d64675e3274e3184a597f28aa6807e58ed968d4f5a9b918c8d8
B_resonant_held_w0p500_c0p575_s0p000_b0p250,previous_AB,resonant_held,generation/test_renders/architecture_ab_v1/raw/B_resonant_held_w0p500_c0p575_s0p000_b0p250.wav,661c3a2ad4fb242a1d43d9ed438d6593fc603b5c1aa7f44b099624b3bd86cddf
B_resonant_held_w0p500_c0p575_s0p000_b0p500,previous_AB,resonant_held,generation/test_renders/architecture_ab_v1/raw/B_resonant_held_w0p500_c0p575_s0p000_b0p500.wav,42bd559107d5c140feab1abe658bb38f9dec45ed101399cbf68b28137a0e27d9
B_resonant_held_w0p500_c0p575_s0p000_b0p750,previous_AB,resonant_held,generation/test_renders/architecture_ab_v1/raw/B_resonant_held_w0p500_c0p575_s0p000_b0p750.wav,9037c6bd2702466315372766470f28fb09c6ccee0bcd5a907e292da6c14fdc3c
A_resonant_held_w0p500_c0p850_s0p000_b0p500,previous_AB,resonant_held,generation/test_renders/architecture_ab_v1/raw/A_resonant_held_w0p500_c0p850_s0p000_b0p500.wav,1514a04fd35da28d92e93c83bdd2843b97d8eee05be95fdf06e267e635a9175b
A_resonant_held_w0p500_c0p850_s0p400_b0p500,previous_AB,resonant_held,generation/test_renders/architecture_ab_v1/raw/A_resonant_held_w0p500_c0p850_s0p400_b0p500.wav,6f20add9cb7142f0867ea4862e709b6f5b50709e2036cc2fba46c81c32f09b76
A_resonant_held_w0p500_c0p850_s1p000_b0p500,previous_AB,resonant_held,generation/test_renders/architecture_ab_v1/raw/A_resonant_held_w0p500_c0p850_s1p000_b0p500.wav,a303d508925d67f9a8c6b6a43e78260bf84bea5d1ebe9a4927aaa188dfe02465
B_resonant_held_w0p500_c0p850_s0p000_b0p250,previous_AB,resonant_held,generation/test_renders/architecture_ab_v1/raw/B_resonant_held_w0p500_c0p850_s0p000_b0p250.wav,aa87fdb1b5b79d4b7fb2cec3ca48725786ffb6f216d381bc7c23b67a85569891
B_resonant_held_w0p500_c0p850_s0p000_b0p500,previous_AB,resonant_held,generation/test_renders/architecture_ab_v1/raw/B_resonant_held_w0p500_c0p850_s0p000_b0p500.wav,008c8ed226c50c28fc1d9a79463ef185eb8cb8ae76c91466251f7fb3a7d21ef3
B_resonant_held_w0p500_c0p850_s0p000_b0p750,previous_AB,resonant_held,generation/test_renders/architecture_ab_v1/raw/B_resonant_held_w0p500_c0p850_s0p000_b0p750.wav,85607c99170666e34cb34b01c815bf6e15e04a6fd46e77430eb2a7d0d6427ebc
A_resonant_held_w1p000_c0p300_s0p000_b0p500,previous_AB,resonant_held,generation/test_renders/architecture_ab_v1/raw/A_resonant_held_w1p000_c0p300_s0p000_b0p500.wav,aeb57f88f208f14ec20a6de9f8c014fb4eab4de97d758de0146cde463cba7719
A_resonant_held_w1p000_c0p300_s0p400_b0p500,previous_AB,resonant_held,generation/test_renders/architecture_ab_v1/raw/A_resonant_held_w1p000_c0p300_s0p400_b0p500.wav,8c359b5f1f8e6ea299911e28bb8feaa98f338a7cc9efffde24b194171826f89e
A_resonant_held_w1p000_c0p300_s1p000_b0p500,previous_AB,resonant_held,generation/test_renders/architecture_ab_v1/raw/A_resonant_held_w1p000_c0p300_s1p000_b0p500.wav,d57f5ae1ea118101b41fe9ddc5ae17f4b760306da813faee6e24f8e996ccbdf0
B_resonant_held_w1p000_c0p300_s0p000_b0p250,previous_AB,resonant_held,generation/test_renders/architecture_ab_v1/raw/B_resonant_held_w1p000_c0p300_s0p000_b0p250.wav,43ccc6c2a7972a8611e91ff75df719c77bc394b312e9f853c295c9bf885444fd
B_resonant_held_w1p000_c0p300_s0p000_b0p500,previous_AB,resonant_held,generation/test_renders/architecture_ab_v1/raw/B_resonant_held_w1p000_c0p300_s0p000_b0p500.wav,5d25dc82cfdc341bae15b70e0fb6d8581b3d737fe60687d112091bc9e3e36f3d
B_resonant_held_w1p000_c0p300_s0p000_b0p750,previous_AB,resonant_held,generation/test_renders/architecture_ab_v1/raw/B_resonant_held_w1p000_c0p300_s0p000_b0p750.wav,9ac34751bbecc7e74b741489255377d330e9bdd507cfdda43e6e4b27d5be273c
A_resonant_held_w1p000_c0p575_s0p000_b0p500,previous_AB,resonant_held,generation/test_renders/architecture_ab_v1/raw/A_resonant_held_w1p000_c0p575_s0p000_b0p500.wav,311eca9a46ec80cbde3c18020c982e604e3d0eb8398307be3068fc5f9ad12911
A_resonant_held_w1p000_c0p575_s0p400_b0p500,previous_AB,resonant_held,generation/test_renders/architecture_ab_v1/raw/A_resonant_held_w1p000_c0p575_s0p400_b0p500.wav,ae06fba6886394db58f2e051807f115770ec0fdacdacca5c6d15a725ff19c180
A_resonant_held_w1p000_c0p575_s1p000_b0p500,previous_AB,resonant_held,generation/test_renders/architecture_ab_v1/raw/A_resonant_held_w1p000_c0p575_s1p000_b0p500.wav,c23a583b3a14d91b970bba912230392383df37e97fb386841ae83877eab0c247
B_resonant_held_w1p000_c0p575_s0p000_b0p250,previous_AB,resonant_held,generation/test_renders/architecture_ab_v1/raw/B_resonant_held_w1p000_c0p575_s0p000_b0p250.wav,14526c2ffef119cbe4c8d8d4fc2e2c75198ae3c02361a4d4c0153f3fe0a0126d
B_resonant_held_w1p000_c0p575_s0p000_b0p500,previous_AB,resonant_held,generation/test_renders/architecture_ab_v1/raw/B_resonant_held_w1p000_c0p575_s0p000_b0p500.wav,d0247ff192a5acca96b6101c9591cdbe0426bb8933c89f52fab91f1d8e0cbcb7
B_resonant_held_w1p000_c0p575_s0p000_b0p750,previous_AB,resonant_held,generation/test_renders/architecture_ab_v1/raw/B_resonant_held_w1p000_c0p575_s0p000_b0p750.wav,6e1c90ecf9f357c0676ac5e5efeb41bea614bf78497aeeb7a32c10d924a5f7a0
A_resonant_held_w1p000_c0p850_s0p000_b0p500,previous_AB,resonant_held,generation/test_renders/architecture_ab_v1/raw/A_resonant_held_w1p000_c0p850_s0p000_b0p500.wav,cba9712b4c0bd9430fc3293b8cf9cedf38ce8bbe2a3162a1287b982110982f71
A_resonant_held_w1p000_c0p850_s0p400_b0p500,previous_AB,resonant_held,generation/test_renders/architecture_ab_v1/raw/A_resonant_held_w1p000_c0p850_s0p400_b0p500.wav,2e245b01ca78fff618b70bb6181670e6e3d22546e38314db4ca509d4f510fc64
A_resonant_held_w1p000_c0p850_s1p000_b0p500,previous_AB,resonant_held,generation/test_renders/architecture_ab_v1/raw/A_resonant_held_w1p000_c0p850_s1p000_b0p500.wav,0d077fa0d7cd80c427bc8b0e68c51b85be0f79f066abace4d5113f48acd548e5
B_resonant_held_w1p000_c0p850_s0p000_b0p250,previous_AB,resonant_held,generation/test_renders/architecture_ab_v1/raw/B_resonant_held_w1p000_c0p850_s0p000_b0p250.wav,209737cfeff2ac2c7f8f558478ae99c69933507b16743bbd4bd520232044c050
B_resonant_held_w1p000_c0p850_s0p000_b0p500,previous_AB,resonant_held,generation/test_renders/architecture_ab_v1/raw/B_resonant_held_w1p000_c0p850_s0p000_b0p500.wav,12026355908532a28443e686fdf3512bb90bc2366826081a062fc5908e17fd63
B_resonant_held_w1p000_c0p850_s0p000_b0p750,previous_AB,resonant_held,generation/test_renders/architecture_ab_v1/raw/B_resonant_held_w1p000_c0p850_s0p000_b0p750.wav,4a926352c099f9420dec4e5f1e43f240280088377444bea4e7d728de19723079
A_driven_pluck_w0p000_c0p300_s0p000_b0p500,previous_AB,driven_pluck,generation/test_renders/architecture_ab_v1/raw/A_driven_pluck_w0p000_c0p300_s0p000_b0p500.wav,0158f375e20b296a6537c9e118cca1f95c8f302038ff3dd99ec39c207102969e
A_driven_pluck_w0p000_c0p300_s0p400_b0p500,previous_AB,driven_pluck,generation/test_renders/architecture_ab_v1/raw/A_driven_pluck_w0p000_c0p300_s0p400_b0p500.wav,18021f68f3fce92d8687ae82e7be49a6f16e862d137a8809752439fe525e24d7
A_driven_pluck_w0p000_c0p300_s1p000_b0p500,previous_AB,driven_pluck,generation/test_renders/architecture_ab_v1/raw/A_driven_pluck_w0p000_c0p300_s1p000_b0p500.wav,73ac5ba6d5b6c889fcdb6fdfeb900c47a246f96783ce2b033e105827e81658e6
B_driven_pluck_w0p000_c0p300_s0p000_b0p250,previous_AB,driven_pluck,generation/test_renders/architecture_ab_v1/raw/B_driven_pluck_w0p000_c0p300_s0p000_b0p250.wav,a88bd1c4591092129e22d5723a38aa6edba45a52a3a71c1b5160172e393e5cda
B_driven_pluck_w0p000_c0p300_s0p000_b0p500,previous_AB,driven_pluck,generation/test_renders/architecture_ab_v1/raw/B_driven_pluck_w0p000_c0p300_s0p000_b0p500.wav,c746df01c82d3b4837cae4e50df88a4b41c5187a58c672ee87b9d766f47750b4
B_driven_pluck_w0p000_c0p300_s0p000_b0p750,previous_AB,driven_pluck,generation/test_renders/architecture_ab_v1/raw/B_driven_pluck_w0p000_c0p300_s0p000_b0p750.wav,0256d1a374fb45f83f8c55840d929dc3052e1be3b7609a140933a29aff618153
A_driven_pluck_w0p000_c0p575_s0p000_b0p500,previous_AB,driven_pluck,generation/test_renders/architecture_ab_v1/raw/A_driven_pluck_w0p000_c0p575_s0p000_b0p500.wav,2f9fa4c7341a8a02d9302971f494811b4afe4e7af2f74ad37dcd966281d3b51c
A_driven_pluck_w0p000_c0p575_s0p400_b0p500,previous_AB,driven_pluck,generation/test_renders/architecture_ab_v1/raw/A_driven_pluck_w0p000_c0p575_s0p400_b0p500.wav,088f142cc45dc03770d35c396fc1379c6390c18fa7ebe5859740dbfd12344d56
A_driven_pluck_w0p000_c0p575_s1p000_b0p500,previous_AB,driven_pluck,generation/test_renders/architecture_ab_v1/raw/A_driven_pluck_w0p000_c0p575_s1p000_b0p500.wav,78c06d84fee617be3b5aedc2e19cacc43986399e38081aaaa8d64d0823d82197
B_driven_pluck_w0p000_c0p575_s0p000_b0p250,previous_AB,driven_pluck,generation/test_renders/architecture_ab_v1/raw/B_driven_pluck_w0p000_c0p575_s0p000_b0p250.wav,723fca7980a4502e5fdd58b23716fb1e7ddcf2a614fe7a63161a795db5a6f82f
B_driven_pluck_w0p000_c0p575_s0p000_b0p500,previous_AB,driven_pluck,generation/test_renders/architecture_ab_v1/raw/B_driven_pluck_w0p000_c0p575_s0p000_b0p500.wav,546b47f0b6d24f19bbf64d5fef34804a351a4f56cce0845ec1950379967499fd
B_driven_pluck_w0p000_c0p575_s0p000_b0p750,previous_AB,driven_pluck,generation/test_renders/architecture_ab_v1/raw/B_driven_pluck_w0p000_c0p575_s0p000_b0p750.wav,fb472055702c94e88424cc48acf9c9f7f8f23e33c6045723348f464b8de286f4
A_driven_pluck_w0p000_c0p850_s0p000_b0p500,previous_AB,driven_pluck,generation/test_renders/architecture_ab_v1/raw/A_driven_pluck_w0p000_c0p850_s0p000_b0p500.wav,b1879a2e956b4bd326b45f46d30d0fcba872a96ba223da83811004b56538c103
A_driven_pluck_w0p000_c0p850_s0p400_b0p500,previous_AB,driven_pluck,generation/test_renders/architecture_ab_v1/raw/A_driven_pluck_w0p000_c0p850_s0p400_b0p500.wav,f5e0be15d85f588fa16645b146a42facfcb46fd54067b8e5cd504c88a8756c97
A_driven_pluck_w0p000_c0p850_s1p000_b0p500,previous_AB,driven_pluck,generation/test_renders/architecture_ab_v1/raw/A_driven_pluck_w0p000_c0p850_s1p000_b0p500.wav,8fc394f2e40592789a613e99cc3e4d93b9ac2842fed7168851812a4d85e24ac3
B_driven_pluck_w0p000_c0p850_s0p000_b0p250,previous_AB,driven_pluck,generation/test_renders/architecture_ab_v1/raw/B_driven_pluck_w0p000_c0p850_s0p000_b0p250.wav,f06c3d52c33a923760a3ac1444a14fecbee21b94647199173a328d0f6813f497
B_driven_pluck_w0p000_c0p850_s0p000_b0p500,previous_AB,driven_pluck,generation/test_renders/architecture_ab_v1/raw/B_driven_pluck_w0p000_c0p850_s0p000_b0p500.wav,58e867b3cbc6a7da1453444f4aad1cf02450414b08c2347b4d3988ad759e84d4
B_driven_pluck_w0p000_c0p850_s0p000_b0p750,previous_AB,driven_pluck,generation/test_renders/architecture_ab_v1/raw/B_driven_pluck_w0p000_c0p850_s0p000_b0p750.wav,d2d3f969cb6b32334e971a09366ff32e44665ef76b41fcabdb5a359055350781
A_driven_pluck_w0p500_c0p300_s0p000_b0p500,previous_AB,driven_pluck,generation/test_renders/architecture_ab_v1/raw/A_driven_pluck_w0p500_c0p300_s0p000_b0p500.wav,bf4424e5aabb6ef63fd7b3cfba7f8ce792954d63870997688b0f3202a505039f
A_driven_pluck_w0p500_c0p300_s0p400_b0p500,previous_AB,driven_pluck,generation/test_renders/architecture_ab_v1/raw/A_driven_pluck_w0p500_c0p300_s0p400_b0p500.wav,2345e7ff877d0bbe76b258480a55d99934e9bc46bf8787179158ddbc6f6048e9
A_driven_pluck_w0p500_c0p300_s1p000_b0p500,previous_AB,driven_pluck,generation/test_renders/architecture_ab_v1/raw/A_driven_pluck_w0p500_c0p300_s1p000_b0p500.wav,dbc27442d09f7ac90efe9a513279792f75c679e3ead099c1b42ac56959ef7b83
B_driven_pluck_w0p500_c0p300_s0p000_b0p250,previous_AB,driven_pluck,generation/test_renders/architecture_ab_v1/raw/B_driven_pluck_w0p500_c0p300_s0p000_b0p250.wav,478da82b995e64a56e8f03ffc44b684a07187a8f8153550d11af0d14bd4923bf
B_driven_pluck_w0p500_c0p300_s0p000_b0p500,previous_AB,driven_pluck,generation/test_renders/architecture_ab_v1/raw/B_driven_pluck_w0p500_c0p300_s0p000_b0p500.wav,0649834af75e0dc23146259235e77aa5bb810f771c22b19623d490c6cdd0d625
B_driven_pluck_w0p500_c0p300_s0p000_b0p750,previous_AB,driven_pluck,generation/test_renders/architecture_ab_v1/raw/B_driven_pluck_w0p500_c0p300_s0p000_b0p750.wav,211b60e3fd7f923721cc4c81877e4699e81169dfe37ddd9f6aacd4170714ac10
A_driven_pluck_w0p500_c0p575_s0p000_b0p500,previous_AB,driven_pluck,generation/test_renders/architecture_ab_v1/raw/A_driven_pluck_w0p500_c0p575_s0p000_b0p500.wav,835562befeb225290726f11380bd0b422ade1cfb110527df287aebee2ee0e43a
A_driven_pluck_w0p500_c0p575_s0p400_b0p500,previous_AB,driven_pluck,generation/test_renders/architecture_ab_v1/raw/A_driven_pluck_w0p500_c0p575_s0p400_b0p500.wav,01423823f76f0f85bef254174c1fba9751afc7c5310b5235856554d30042d142
A_driven_pluck_w0p500_c0p575_s1p000_b0p500,previous_AB,driven_pluck,generation/test_renders/architecture_ab_v1/raw/A_driven_pluck_w0p500_c0p575_s1p000_b0p500.wav,d3219cdee5a42b4305508d37c6f680428a51895ec0428026b443863f93c999fd
B_driven_pluck_w0p500_c0p575_s0p000_b0p250,previous_AB,driven_pluck,generation/test_renders/architecture_ab_v1/raw/B_driven_pluck_w0p500_c0p575_s0p000_b0p250.wav,117da2540717db1030c27ac2b2c876ca7007b4cb1383180540037ae687b3db6d
B_driven_pluck_w0p500_c0p575_s0p000_b0p500,previous_AB,driven_pluck,generation/test_renders/architecture_ab_v1/raw/B_driven_pluck_w0p500_c0p575_s0p000_b0p500.wav,af0f48f0361076f809dd0af18d3cf3b8d1481bedf743f52dd9748e151b362cc6
B_driven_pluck_w0p500_c0p575_s0p000_b0p750,previous_AB,driven_pluck,generation/test_renders/architecture_ab_v1/raw/B_driven_pluck_w0p500_c0p575_s0p000_b0p750.wav,864efcbcc6364db2e9e16cc118e7c0cee86677c5cc551ed282fe2c6648d548b3
A_driven_pluck_w0p500_c0p850_s0p000_b0p500,previous_AB,driven_pluck,generation/test_renders/architecture_ab_v1/raw/A_driven_pluck_w0p500_c0p850_s0p000_b0p500.wav,8e0defca49868c066c9aaf4e46899123130eeb98161f8cc50f74b9cbb4ac3942
A_driven_pluck_w0p500_c0p850_s0p400_b0p500,previous_AB,driven_pluck,generation/test_renders/architecture_ab_v1/raw/A_driven_pluck_w0p500_c0p850_s0p400_b0p500.wav,1dc3f5dcf0da757cd848994f36c7c19f90fbc8ae92da0e58db59c32eadfbbc4e
A_driven_pluck_w0p500_c0p850_s1p000_b0p500,previous_AB,driven_pluck,generation/test_renders/architecture_ab_v1/raw/A_driven_pluck_w0p500_c0p850_s1p000_b0p500.wav,c8516370cef1be4b1c0590e9cdc14a5c990a227b5af147ab6c566578de3670c2
B_driven_pluck_w0p500_c0p850_s0p000_b0p250,previous_AB,driven_pluck,generation/test_renders/architecture_ab_v1/raw/B_driven_pluck_w0p500_c0p850_s0p000_b0p250.wav,fb75b105eaa652d0d2dfdb41e887e136abb4d0e42be447d2ff7ddb6779840c94
B_driven_pluck_w0p500_c0p850_s0p000_b0p500,previous_AB,driven_pluck,generation/test_renders/architecture_ab_v1/raw/B_driven_pluck_w0p500_c0p850_s0p000_b0p500.wav,33385823e207663b07d3e8dbaf076a5c0daa5c2dbc46e6cd71338f8e9a65ba30
B_driven_pluck_w0p500_c0p850_s0p000_b0p750,previous_AB,driven_pluck,generation/test_renders/architecture_ab_v1/raw/B_driven_pluck_w0p500_c0p850_s0p000_b0p750.wav,6bdf91137de355426a31acaba49f485445575ad2f92f2c3c4780764dcde44b6d
A_driven_pluck_w1p000_c0p300_s0p000_b0p500,previous_AB,driven_pluck,generation/test_renders/architecture_ab_v1/raw/A_driven_pluck_w1p000_c0p300_s0p000_b0p500.wav,84c4bf681b5bf93d03eb50025c038c9de0862076af89f6e82e73248e9daf419b
A_driven_pluck_w1p000_c0p300_s0p400_b0p500,previous_AB,driven_pluck,generation/test_renders/architecture_ab_v1/raw/A_driven_pluck_w1p000_c0p300_s0p400_b0p500.wav,559172dd48431cd708df6c9845002355c7854cf39b940cc6a0cb12ed625fcde2
A_driven_pluck_w1p000_c0p300_s1p000_b0p500,previous_AB,driven_pluck,generation/test_renders/architecture_ab_v1/raw/A_driven_pluck_w1p000_c0p300_s1p000_b0p500.wav,c74ef9350825dd85c7f45a3b3a9afb8b8947fde53d3ecc75b93f766e03e5fe6f
B_driven_pluck_w1p000_c0p300_s0p000_b0p250,previous_AB,driven_pluck,generation/test_renders/architecture_ab_v1/raw/B_driven_pluck_w1p000_c0p300_s0p000_b0p250.wav,417109616dd94f970fe7994a7b58b800e8dc38f2572fbbf96a3a11781da38ace
B_driven_pluck_w1p000_c0p300_s0p000_b0p500,previous_AB,driven_pluck,generation/test_renders/architecture_ab_v1/raw/B_driven_pluck_w1p000_c0p300_s0p000_b0p500.wav,42156584079ce6ecee8796592d9669ae4214540b79e6fd1a52fcf3fd1b929dba
B_driven_pluck_w1p000_c0p300_s0p000_b0p750,previous_AB,driven_pluck,generation/test_renders/architecture_ab_v1/raw/B_driven_pluck_w1p000_c0p300_s0p000_b0p750.wav,8fe5cb30c84d053e4c1f22cb1fb632ccfe22750668e077de716c759cf9bf5511
A_driven_pluck_w1p000_c0p575_s0p000_b0p500,previous_AB,driven_pluck,generation/test_renders/architecture_ab_v1/raw/A_driven_pluck_w1p000_c0p575_s0p000_b0p500.wav,7b7b2ab3baa5044b6a674e3e3a5e1a9e7279f3dd2259c8a6b23afed998b8378a
A_driven_pluck_w1p000_c0p575_s0p400_b0p500,previous_AB,driven_pluck,generation/test_renders/architecture_ab_v1/raw/A_driven_pluck_w1p000_c0p575_s0p400_b0p500.wav,be7fff766b26c0b7353cbf0d269c3fa5bf3e8d1ef3b122286efe904b6f28fbce
A_driven_pluck_w1p000_c0p575_s1p000_b0p500,previous_AB,driven_pluck,generation/test_renders/architecture_ab_v1/raw/A_driven_pluck_w1p000_c0p575_s1p000_b0p500.wav,57b2524a64e8dc055af2aaf5daec873169888dfed3ec80c4a3d75ecc75162898
B_driven_pluck_w1p000_c0p575_s0p000_b0p250,previous_AB,driven_pluck,generation/test_renders/architecture_ab_v1/raw/B_driven_pluck_w1p000_c0p575_s0p000_b0p250.wav,5ce8813bb417a1d50f530bd247fac033de7161ba15154fa571606aec1a39802a
B_driven_pluck_w1p000_c0p575_s0p000_b0p500,previous_AB,driven_pluck,generation/test_renders/architecture_ab_v1/raw/B_driven_pluck_w1p000_c0p575_s0p000_b0p500.wav,3c40810e9c9a4075e0567f0dd8146ed57c1b0691c606cf4ba9588ed8ad4ec107
B_driven_pluck_w1p000_c0p575_s0p000_b0p750,previous_AB,driven_pluck,generation/test_renders/architecture_ab_v1/raw/B_driven_pluck_w1p000_c0p575_s0p000_b0p750.wav,cdc2222e76c6fae896b7d75457b49854871b1fbab83da59cd3c7ff0530f5cc62
A_driven_pluck_w1p000_c0p850_s0p000_b0p500,previous_AB,driven_pluck,generation/test_renders/architecture_ab_v1/raw/A_driven_pluck_w1p000_c0p850_s0p000_b0p500.wav,a4052a2e5856b178421e8991c8c15e84b7f98631160339ad9089e36e808b7bca
A_driven_pluck_w1p000_c0p850_s0p400_b0p500,previous_AB,driven_pluck,generation/test_renders/architecture_ab_v1/raw/A_driven_pluck_w1p000_c0p850_s0p400_b0p500.wav,83d791386cc872a63e8a34fcc1280de290786ea9eec4bab430ef8cde1fe31de7
A_driven_pluck_w1p000_c0p850_s1p000_b0p500,previous_AB,driven_pluck,generation/test_renders/architecture_ab_v1/raw/A_driven_pluck_w1p000_c0p850_s1p000_b0p500.wav,3c053ea3fca841f5d6ea9c74b0ee909c6d16cf901adc2d72b209867e1dee5751
B_driven_pluck_w1p000_c0p850_s0p000_b0p250,previous_AB,driven_pluck,generation/test_renders/architecture_ab_v1/raw/B_driven_pluck_w1p000_c0p850_s0p000_b0p250.wav,0d306fad4186b09bed7af4aed469e4e7ce2a66a3dde54417ee358c8a8b2c4af1
B_driven_pluck_w1p000_c0p850_s0p000_b0p500,previous_AB,driven_pluck,generation/test_renders/architecture_ab_v1/raw/B_driven_pluck_w1p000_c0p850_s0p000_b0p500.wav,b4ed2ef49e73afdc148069988b4ec11e122501b29658dde92b44105600d35722
B_driven_pluck_w1p000_c0p850_s0p000_b0p750,previous_AB,driven_pluck,generation/test_renders/architecture_ab_v1/raw/B_driven_pluck_w1p000_c0p850_s0p000_b0p750.wav,97a79afcf570c2f37d251d50a2ac3eccadb46bdf762d2adbe409700a1ec00403
A_resonant_driven_swell_w0p000_c0p300_s0p000_b0p500,previous_AB,resonant_driven_swell,generation/test_renders/architecture_ab_v1/raw/A_resonant_driven_swell_w0p000_c0p300_s0p000_b0p500.wav,420856ec20d4d230eb7ca44a552c85014d238ff992297acd0b4c718cc1bf653f
A_resonant_driven_swell_w0p000_c0p300_s0p400_b0p500,previous_AB,resonant_driven_swell,generation/test_renders/architecture_ab_v1/raw/A_resonant_driven_swell_w0p000_c0p300_s0p400_b0p500.wav,e44fa948cfde91ea25a165cd51cd19fb2c9d170091b5970f6a07de34e6cdeefc
A_resonant_driven_swell_w0p000_c0p300_s1p000_b0p500,previous_AB,resonant_driven_swell,generation/test_renders/architecture_ab_v1/raw/A_resonant_driven_swell_w0p000_c0p300_s1p000_b0p500.wav,c4329a7400978f19ea1c74dd4b6db79b690d066081536310cfd6fc8c0f9fba50
B_resonant_driven_swell_w0p000_c0p300_s0p000_b0p250,previous_AB,resonant_driven_swell,generation/test_renders/architecture_ab_v1/raw/B_resonant_driven_swell_w0p000_c0p300_s0p000_b0p250.wav,478a4af0a99d541c1139ec41b0393564602ce76a447141ab5a37f300c3445bb7
B_resonant_driven_swell_w0p000_c0p300_s0p000_b0p500,previous_AB,resonant_driven_swell,generation/test_renders/architecture_ab_v1/raw/B_resonant_driven_swell_w0p000_c0p300_s0p000_b0p500.wav,68f91ab1bbe56826160c67ad59dd7b0a46c292f099d6e693a95a66c78f375c31
B_resonant_driven_swell_w0p000_c0p300_s0p000_b0p750,previous_AB,resonant_driven_swell,generation/test_renders/architecture_ab_v1/raw/B_resonant_driven_swell_w0p000_c0p300_s0p000_b0p750.wav,ae7caaea967c50fa632a507255f3d5b0c7a3349a4229a65cb5641aba4fffb1d8
A_resonant_driven_swell_w0p000_c0p575_s0p000_b0p500,previous_AB,resonant_driven_swell,generation/test_renders/architecture_ab_v1/raw/A_resonant_driven_swell_w0p000_c0p575_s0p000_b0p500.wav,ad84b373a33ea8de1bc3c145d2562100701fc9e63aea52d5269590b7c135eb11
A_resonant_driven_swell_w0p000_c0p575_s0p400_b0p500,previous_AB,resonant_driven_swell,generation/test_renders/architecture_ab_v1/raw/A_resonant_driven_swell_w0p000_c0p575_s0p400_b0p500.wav,ed71a832ce0770609b32de28eeb11a340a13712f2ff668ed0b21b9904926179e
A_resonant_driven_swell_w0p000_c0p575_s1p000_b0p500,previous_AB,resonant_driven_swell,generation/test_renders/architecture_ab_v1/raw/A_resonant_driven_swell_w0p000_c0p575_s1p000_b0p500.wav,3ce2a1c45b58a12b63b169b1d630b58cfb2a45737d24462479fba6967d15151d
B_resonant_driven_swell_w0p000_c0p575_s0p000_b0p250,previous_AB,resonant_driven_swell,generation/test_renders/architecture_ab_v1/raw/B_resonant_driven_swell_w0p000_c0p575_s0p000_b0p250.wav,7ab9b67bf25d0b4b30dccdf7f04b9ae0201505d1869eba72bb4d88cd84210c20
B_resonant_driven_swell_w0p000_c0p575_s0p000_b0p500,previous_AB,resonant_driven_swell,generation/test_renders/architecture_ab_v1/raw/B_resonant_driven_swell_w0p000_c0p575_s0p000_b0p500.wav,dfd293ea9db56d4094d2477f0bbb764c139acf1b202fc9401c2b448487530638
B_resonant_driven_swell_w0p000_c0p575_s0p000_b0p750,previous_AB,resonant_driven_swell,generation/test_renders/architecture_ab_v1/raw/B_resonant_driven_swell_w0p000_c0p575_s0p000_b0p750.wav,3733c05640234d24da9051867a124de483f0518aea0a4cb23783b0d625351e90
A_resonant_driven_swell_w0p000_c0p850_s0p000_b0p500,previous_AB,resonant_driven_swell,generation/test_renders/architecture_ab_v1/raw/A_resonant_driven_swell_w0p000_c0p850_s0p000_b0p500.wav,a48526f5cf488a36410420e0236d257fb12b9cf29198c9a207d6def0d2af858a
A_resonant_driven_swell_w0p000_c0p850_s0p400_b0p500,previous_AB,resonant_driven_swell,generation/test_renders/architecture_ab_v1/raw/A_resonant_driven_swell_w0p000_c0p850_s0p400_b0p500.wav,0c5c98d07a4a40efca193d802f86213fef29f75e06979863182818fc468e4d92
A_resonant_driven_swell_w0p000_c0p850_s1p000_b0p500,previous_AB,resonant_driven_swell,generation/test_renders/architecture_ab_v1/raw/A_resonant_driven_swell_w0p000_c0p850_s1p000_b0p500.wav,2735b2b1bb4dc3e0459ee8004b01a17fbc9f0a08108d698378d287a1578eaf70
B_resonant_driven_swell_w0p000_c0p850_s0p000_b0p250,previous_AB,resonant_driven_swell,generation/test_renders/architecture_ab_v1/raw/B_resonant_driven_swell_w0p000_c0p850_s0p000_b0p250.wav,9e77b17e9ba2160722e6ceb144df4bcc24bf8687da0ea1b2cb69b2c4bc8a3d6a
B_resonant_driven_swell_w0p000_c0p850_s0p000_b0p500,previous_AB,resonant_driven_swell,generation/test_renders/architecture_ab_v1/raw/B_resonant_driven_swell_w0p000_c0p850_s0p000_b0p500.wav,6385f2b4163f684ae29c24499088234542b42229be155aa19bffe3a6aafea51c
B_resonant_driven_swell_w0p000_c0p850_s0p000_b0p750,previous_AB,resonant_driven_swell,generation/test_renders/architecture_ab_v1/raw/B_resonant_driven_swell_w0p000_c0p850_s0p000_b0p750.wav,70b8d99957e96f562557b87c0c2ce909d5193d5f41a85bfc8e16df2aef203ad5
A_resonant_driven_swell_w0p500_c0p300_s0p000_b0p500,previous_AB,resonant_driven_swell,generation/test_renders/architecture_ab_v1/raw/A_resonant_driven_swell_w0p500_c0p300_s0p000_b0p500.wav,f2b6dad4af3fa6961d5a2e7cc3f3814f1350eef222c27271a5c467956e3ee434
A_resonant_driven_swell_w0p500_c0p300_s0p400_b0p500,previous_AB,resonant_driven_swell,generation/test_renders/architecture_ab_v1/raw/A_resonant_driven_swell_w0p500_c0p300_s0p400_b0p500.wav,6477c5d52160b3e08a3e4b08c07485dc6c3a0de91fbe585aa694d558717b6daf
A_resonant_driven_swell_w0p500_c0p300_s1p000_b0p500,previous_AB,resonant_driven_swell,generation/test_renders/architecture_ab_v1/raw/A_resonant_driven_swell_w0p500_c0p300_s1p000_b0p500.wav,d146764370c27d5838bff04f083e82676e430e0c801806ed3e2f021e5f906faa
B_resonant_driven_swell_w0p500_c0p300_s0p000_b0p250,previous_AB,resonant_driven_swell,generation/test_renders/architecture_ab_v1/raw/B_resonant_driven_swell_w0p500_c0p300_s0p000_b0p250.wav,7ec66d972d172099037b88b48ebbbd98b3599aed65bfaa7af965ac2c64a626f0
B_resonant_driven_swell_w0p500_c0p300_s0p000_b0p500,previous_AB,resonant_driven_swell,generation/test_renders/architecture_ab_v1/raw/B_resonant_driven_swell_w0p500_c0p300_s0p000_b0p500.wav,36762d5089afe28f159f61a04c2d6f4ec86fe197c3975e486dc81633f17bee72
B_resonant_driven_swell_w0p500_c0p300_s0p000_b0p750,previous_AB,resonant_driven_swell,generation/test_renders/architecture_ab_v1/raw/B_resonant_driven_swell_w0p500_c0p300_s0p000_b0p750.wav,0812ee6a41be26ffb7e2d9c4d3a76b812bc9b60b4fbba8b94f05909faed7ce9e
A_resonant_driven_swell_w0p500_c0p575_s0p000_b0p500,previous_AB,resonant_driven_swell,generation/test_renders/architecture_ab_v1/raw/A_resonant_driven_swell_w0p500_c0p575_s0p000_b0p500.wav,da365a3f0ea9907e54828d6f8a0eb53025ba2ce9e2c631fb535d7b9bdde301ee
A_resonant_driven_swell_w0p500_c0p575_s0p400_b0p500,previous_AB,resonant_driven_swell,generation/test_renders/architecture_ab_v1/raw/A_resonant_driven_swell_w0p500_c0p575_s0p400_b0p500.wav,445c3e0f6f2b13fea9954bd44962f5932c6f23b4b02049328948285ddef7d265
A_resonant_driven_swell_w0p500_c0p575_s1p000_b0p500,previous_AB,resonant_driven_swell,generation/test_renders/architecture_ab_v1/raw/A_resonant_driven_swell_w0p500_c0p575_s1p000_b0p500.wav,45220dafa0fb1a271806d783d52d9cc178d614001f9470926bf511320ab1c0e5
B_resonant_driven_swell_w0p500_c0p575_s0p000_b0p250,previous_AB,resonant_driven_swell,generation/test_renders/architecture_ab_v1/raw/B_resonant_driven_swell_w0p500_c0p575_s0p000_b0p250.wav,69a541a1ab447d9ec6b442584db126149fbe28e71a67dfcde62dc8c0d4486009
B_resonant_driven_swell_w0p500_c0p575_s0p000_b0p500,previous_AB,resonant_driven_swell,generation/test_renders/architecture_ab_v1/raw/B_resonant_driven_swell_w0p500_c0p575_s0p000_b0p500.wav,010ef51c6f8f5113c995f1059860cb5fc25eef209676e1c50855cddf383a01ff
B_resonant_driven_swell_w0p500_c0p575_s0p000_b0p750,previous_AB,resonant_driven_swell,generation/test_renders/architecture_ab_v1/raw/B_resonant_driven_swell_w0p500_c0p575_s0p000_b0p750.wav,64dbcba5c0a807c23cdd8a0e187e88f5c25d1b9ec0685f57ea35a59e3ff27b30
A_resonant_driven_swell_w0p500_c0p850_s0p000_b0p500,previous_AB,resonant_driven_swell,generation/test_renders/architecture_ab_v1/raw/A_resonant_driven_swell_w0p500_c0p850_s0p000_b0p500.wav,c299514b60480281fdc8a605cc84bcb83bcef3ea5eedc6d0b55c0acc379bfd30
A_resonant_driven_swell_w0p500_c0p850_s0p400_b0p500,previous_AB,resonant_driven_swell,generation/test_renders/architecture_ab_v1/raw/A_resonant_driven_swell_w0p500_c0p850_s0p400_b0p500.wav,a59a7865bb17b22990eb5127293feef2c7d932ef9e7206c0da9b209f73de6f97
A_resonant_driven_swell_w0p500_c0p850_s1p000_b0p500,previous_AB,resonant_driven_swell,generation/test_renders/architecture_ab_v1/raw/A_resonant_driven_swell_w0p500_c0p850_s1p000_b0p500.wav,487976f7887e8f248142dcc641d3ee43ada5d6ebaf2eb774e21c52038ec20661
B_resonant_driven_swell_w0p500_c0p850_s0p000_b0p250,previous_AB,resonant_driven_swell,generation/test_renders/architecture_ab_v1/raw/B_resonant_driven_swell_w0p500_c0p850_s0p000_b0p250.wav,d3afa5bb8eb36c9dc38ab80d58a692503b54a455eb43ddecf6a1d56a4b4146ea
B_resonant_driven_swell_w0p500_c0p850_s0p000_b0p500,previous_AB,resonant_driven_swell,generation/test_renders/architecture_ab_v1/raw/B_resonant_driven_swell_w0p500_c0p850_s0p000_b0p500.wav,73274e0031a5397efbd4cc15c1d090ee8208829c7eec273bbe6b221c2472428a
B_resonant_driven_swell_w0p500_c0p850_s0p000_b0p750,previous_AB,resonant_driven_swell,generation/test_renders/architecture_ab_v1/raw/B_resonant_driven_swell_w0p500_c0p850_s0p000_b0p750.wav,c5157a75563cf680003180bc5f5a6eeb4b36ee7557415b144d660dddde73c450
A_resonant_driven_swell_w1p000_c0p300_s0p000_b0p500,previous_AB,resonant_driven_swell,generation/test_renders/architecture_ab_v1/raw/A_resonant_driven_swell_w1p000_c0p300_s0p000_b0p500.wav,b89f7de0a8878b0e43925cba5b959a7344f2c6df853758561bf7c2f94eb981f3
A_resonant_driven_swell_w1p000_c0p300_s0p400_b0p500,previous_AB,resonant_driven_swell,generation/test_renders/architecture_ab_v1/raw/A_resonant_driven_swell_w1p000_c0p300_s0p400_b0p500.wav,93aaf3b6d79978c2e230c6ee382e89f973ffcba49d3c6a4dfd7139bd23402057
A_resonant_driven_swell_w1p000_c0p300_s1p000_b0p500,previous_AB,resonant_driven_swell,generation/test_renders/architecture_ab_v1/raw/A_resonant_driven_swell_w1p000_c0p300_s1p000_b0p500.wav,beebc5b83dca878c160e5ecd5dd21d16b53863a1d3003cb5ae928016c9841d18
B_resonant_driven_swell_w1p000_c0p300_s0p000_b0p250,previous_AB,resonant_driven_swell,generation/test_renders/architecture_ab_v1/raw/B_resonant_driven_swell_w1p000_c0p300_s0p000_b0p250.wav,144c1002bb054e66a6e774c2789a9ee8759738efac210f262e9a79e7b96758ac
B_resonant_driven_swell_w1p000_c0p300_s0p000_b0p500,previous_AB,resonant_driven_swell,generation/test_renders/architecture_ab_v1/raw/B_resonant_driven_swell_w1p000_c0p300_s0p000_b0p500.wav,f93cadfd5370b51726c489e96f01d0c763dc65baf26f7491d521d278608d89b6
B_resonant_driven_swell_w1p000_c0p300_s0p000_b0p750,previous_AB,resonant_driven_swell,generation/test_renders/architecture_ab_v1/raw/B_resonant_driven_swell_w1p000_c0p300_s0p000_b0p750.wav,a4e647cff7acfca3d1045470733451f8f0b0b40ec0cd37553bbf471906cfcbad
A_resonant_driven_swell_w1p000_c0p575_s0p000_b0p500,previous_AB,resonant_driven_swell,generation/test_renders/architecture_ab_v1/raw/A_resonant_driven_swell_w1p000_c0p575_s0p000_b0p500.wav,475bd2582d0f290b5bc4e2b2d3e487772d1df15659766812c39aff90e7dd4fd4
A_resonant_driven_swell_w1p000_c0p575_s0p400_b0p500,previous_AB,resonant_driven_swell,generation/test_renders/architecture_ab_v1/raw/A_resonant_driven_swell_w1p000_c0p575_s0p400_b0p500.wav,f1a8496a65fc5c9b110afe4fc1ae21e2a6e89755d94c6fa4c9e3f254c82e161d
A_resonant_driven_swell_w1p000_c0p575_s1p000_b0p500,previous_AB,resonant_driven_swell,generation/test_renders/architecture_ab_v1/raw/A_resonant_driven_swell_w1p000_c0p575_s1p000_b0p500.wav,93824fcda200d0494f0b173dc7f33063e3065110696953bb8411b0c1b98b33fa
B_resonant_driven_swell_w1p000_c0p575_s0p000_b0p250,previous_AB,resonant_driven_swell,generation/test_renders/architecture_ab_v1/raw/B_resonant_driven_swell_w1p000_c0p575_s0p000_b0p250.wav,c8cbc4bb607106c752689607aee7be6029ae242492e42b4678e326380a7bf747
B_resonant_driven_swell_w1p000_c0p575_s0p000_b0p500,previous_AB,resonant_driven_swell,generation/test_renders/architecture_ab_v1/raw/B_resonant_driven_swell_w1p000_c0p575_s0p000_b0p500.wav,faced5ee37a528f15ca45629a075e5557289064e0a15ffcd9dd0ec873be9b00a
B_resonant_driven_swell_w1p000_c0p575_s0p000_b0p750,previous_AB,resonant_driven_swell,generation/test_renders/architecture_ab_v1/raw/B_resonant_driven_swell_w1p000_c0p575_s0p000_b0p750.wav,b5800027007fa2bd2715876f0d951a72fc8e29040ecc9d4a98b1fe478d776718
A_resonant_driven_swell_w1p000_c0p850_s0p000_b0p500,previous_AB,resonant_driven_swell,generation/test_renders/architecture_ab_v1/raw/A_resonant_driven_swell_w1p000_c0p850_s0p000_b0p500.wav,a6fb61b40eb8a0d12430b75ccc45fb4774598da9b69105c916fab0b9fb4738cf
A_resonant_driven_swell_w1p000_c0p850_s0p400_b0p500,previous_AB,resonant_driven_swell,generation/test_renders/architecture_ab_v1/raw/A_resonant_driven_swell_w1p000_c0p850_s0p400_b0p500.wav,40c437ccadc80ff9b61653725373e3a8ecf4209303cf7c52f3b5977b139e22ff
A_resonant_driven_swell_w1p000_c0p850_s1p000_b0p500,previous_AB,resonant_driven_swell,generation/test_renders/architecture_ab_v1/raw/A_resonant_driven_swell_w1p000_c0p850_s1p000_b0p500.wav,ea808307cb6a1098d878eea03b4af5a66bb4c2ee71fcca2f5770b0ce54d2ee8c
B_resonant_driven_swell_w1p000_c0p850_s0p000_b0p250,previous_AB,resonant_driven_swell,generation/test_renders/architecture_ab_v1/raw/B_resonant_driven_swell_w1p000_c0p850_s0p000_b0p250.wav,79f4d25ccb24227fd542cb83ac41235fdf5ab15b985f3537db3550a23bad2825
B_resonant_driven_swell_w1p000_c0p850_s0p000_b0p500,previous_AB,resonant_driven_swell,generation/test_renders/architecture_ab_v1/raw/B_resonant_driven_swell_w1p000_c0p850_s0p000_b0p500.wav,46a0320265a80290634488276eaf2bf426b70149415b54aa6cf6adc658d1bd46
B_resonant_driven_swell_w1p000_c0p850_s0p000_b0p750,previous_AB,resonant_driven_swell,generation/test_renders/architecture_ab_v1/raw/B_resonant_driven_swell_w1p000_c0p850_s0p000_b0p750.wav,07cb1c9fe00192c39229e61cc403835ba534de68ec0d1bdc83652f0e1a0fad8f
B_clean_held_w0p500_c0p300_s0p000_b0p000,previous_AB,clean_held,generation/test_renders/architecture_ab_v1/raw/B_clean_held_w0p500_c0p300_s0p000_b0p000.wav,9f6f3588d6543a43f247eba1675ca893bbf9a6f3c46ca203461e3b9beeac60d3
B_clean_held_w0p500_c0p300_s0p000_b1p000,previous_AB,clean_held,generation/test_renders/architecture_ab_v1/raw/B_clean_held_w0p500_c0p300_s0p000_b1p000.wav,d6214cff1e55d25ea667728ba3d454aa4738f13f3c147c4df814368d050e9148
B_clean_held_w0p500_c0p850_s0p000_b0p000,previous_AB,clean_held,generation/test_renders/architecture_ab_v1/raw/B_clean_held_w0p500_c0p850_s0p000_b0p000.wav,0a3534b97be40154e77c42ce89c6267db8aed7e421a7cddb202c5b0e8d3ac99d
B_clean_held_w0p500_c0p850_s0p000_b1p000,previous_AB,clean_held,generation/test_renders/architecture_ab_v1/raw/B_clean_held_w0p500_c0p850_s0p000_b1p000.wav,e952834edea123eac65f76cb9692a3fb8ea340cdaac14e4790f695282189a0e1
B_resonant_held_w0p500_c0p300_s0p000_b0p000,previous_AB,resonant_held,generation/test_renders/architecture_ab_v1/raw/B_resonant_held_w0p500_c0p300_s0p000_b0p000.wav,b1f8c08e1a90c55050461db74210b836e176c2c2e0ddf4b7263280c0a2f2f691
B_resonant_held_w0p500_c0p300_s0p000_b1p000,previous_AB,resonant_held,generation/test_renders/architecture_ab_v1/raw/B_resonant_held_w0p500_c0p300_s0p000_b1p000.wav,e0db81118f2affea76baea30e2dcb90492d4e6e197b74153984f772bae92e0b3
B_resonant_held_w0p500_c0p850_s0p000_b0p000,previous_AB,resonant_held,generation/test_renders/architecture_ab_v1/raw/B_resonant_held_w0p500_c0p850_s0p000_b0p000.wav,4f6e4ff289066c446aa4a379cd6ccc9d5227f140b399d82c91f6d5ddfa2fc4f9
B_resonant_held_w0p500_c0p850_s0p000_b1p000,previous_AB,resonant_held,generation/test_renders/architecture_ab_v1/raw/B_resonant_held_w0p500_c0p850_s0p000_b1p000.wav,0051e17e64be542b47665e17417ed601a757afb9d451dd9d4618cea03d69a7a4
B_driven_pluck_w0p500_c0p300_s0p000_b0p000,previous_AB,driven_pluck,generation/test_renders/architecture_ab_v1/raw/B_driven_pluck_w0p500_c0p300_s0p000_b0p000.wav,c257c7811c9986cad90e9a390a8a0708a3c53d978726645d5c78e5e875eefaa7
B_driven_pluck_w0p500_c0p300_s0p000_b1p000,previous_AB,driven_pluck,generation/test_renders/architecture_ab_v1/raw/B_driven_pluck_w0p500_c0p300_s0p000_b1p000.wav,e0d56d689b23f6d86e92815da6d543da4075e6b49beb35d61678fa327c44904a
B_driven_pluck_w0p500_c0p850_s0p000_b0p000,previous_AB,driven_pluck,generation/test_renders/architecture_ab_v1/raw/B_driven_pluck_w0p500_c0p850_s0p000_b0p000.wav,93b352325bd5b8ab5f9621bc763a55a5d5cd2bd1bf18f36c33ed7e50df801d70
B_driven_pluck_w0p500_c0p850_s0p000_b1p000,previous_AB,driven_pluck,generation/test_renders/architecture_ab_v1/raw/B_driven_pluck_w0p500_c0p850_s0p000_b1p000.wav,89e0f696c9059ae8e804316f275fa5b9ba6930ae437ff7b4444929df3f6022d7
B_resonant_driven_swell_w0p500_c0p300_s0p000_b0p000,previous_AB,resonant_driven_swell,generation/test_renders/architecture_ab_v1/raw/B_resonant_driven_swell_w0p500_c0p300_s0p000_b0p000.wav,e84c4e6dc78089f752969de4b6a7e20a570eb50c98a63b5de31e7e5eb08e5cbb
B_resonant_driven_swell_w0p500_c0p300_s0p000_b1p000,previous_AB,resonant_driven_swell,generation/test_renders/architecture_ab_v1/raw/B_resonant_driven_swell_w0p500_c0p300_s0p000_b1p000.wav,92a40d2dc2760abd30454930f1afbc231e5944ebded161f7567929990a264eda
B_resonant_driven_swell_w0p500_c0p850_s0p000_b0p000,previous_AB,resonant_driven_swell,generation/test_renders/architecture_ab_v1/raw/B_resonant_driven_swell_w0p500_c0p850_s0p000_b0p000.wav,7d0f56d1c7f1eb53556d8b4f51747fb1bc48eef472f5d0e3dcf243222c7461cb
B_resonant_driven_swell_w0p500_c0p850_s0p000_b1p000,previous_AB,resonant_driven_swell,generation/test_renders/architecture_ab_v1/raw/B_resonant_driven_swell_w0p500_c0p850_s0p000_b1p000.wav,6c2acd3daa6116cffeb4cbe9501b9a2ba1fb71fec4e877d6bbd646d213589dc7
A_clean_held_w0p000_c0p438_s0p000_b0p500,previous_AB,clean_held,generation/test_renders/architecture_ab_v1/raw/A_clean_held_w0p000_c0p438_s0p000_b0p500.wav,472b69e0a7ce4d474350cbc6ef36d8de124074810c1ab0ca4a689a55fa064f7f
A_clean_held_w0p000_c0p713_s0p000_b0p500,previous_AB,clean_held,generation/test_renders/architecture_ab_v1/raw/A_clean_held_w0p000_c0p713_s0p000_b0p500.wav,5ae429e6af769e8e9454b678c584ba18be375d78e5a3618bb0079ee7ac96917a
A_clean_held_w0p125_c0p300_s0p000_b0p500,previous_AB,clean_held,generation/test_renders/architecture_ab_v1/raw/A_clean_held_w0p125_c0p300_s0p000_b0p500.wav,f0139c648d26cde7fa3671a9c74f95d4b3cc1067da48715144988f205cd1ee12
A_clean_held_w0p125_c0p438_s0p000_b0p500,previous_AB,clean_held,generation/test_renders/architecture_ab_v1/raw/A_clean_held_w0p125_c0p438_s0p000_b0p500.wav,24e98dd5629c08fcfad699fad2d20d068218b6253582773c770d3ec9b782a1dc
A_clean_held_w0p125_c0p575_s0p000_b0p500,previous_AB,clean_held,generation/test_renders/architecture_ab_v1/raw/A_clean_held_w0p125_c0p575_s0p000_b0p500.wav,91a7d0e053cf376a75251410704dafc449b57956eca50247f2cd02d4a34d7f0b
A_clean_held_w0p125_c0p713_s0p000_b0p500,previous_AB,clean_held,generation/test_renders/architecture_ab_v1/raw/A_clean_held_w0p125_c0p713_s0p000_b0p500.wav,a1e0c0cf62d6de730194b57dc0db5e70b91c79d55cd753f14a6fbe5d7bf1575c
A_clean_held_w0p125_c0p850_s0p000_b0p500,previous_AB,clean_held,generation/test_renders/architecture_ab_v1/raw/A_clean_held_w0p125_c0p850_s0p000_b0p500.wav,388a81926d2c34ea15d958cac123be4da9f479bf1360152bdb55277cdd882220
A_clean_held_w0p250_c0p300_s0p000_b0p500,previous_AB,clean_held,generation/test_renders/architecture_ab_v1/raw/A_clean_held_w0p250_c0p300_s0p000_b0p500.wav,e5e7c5e3eabd916bc5603638415a6ad2ccb7650d22f51f63f5e66ed94eaba6aa
A_clean_held_w0p250_c0p438_s0p000_b0p500,previous_AB,clean_held,generation/test_renders/architecture_ab_v1/raw/A_clean_held_w0p250_c0p438_s0p000_b0p500.wav,8a2a2ba72e30110fba81c62d7d0caede1746d2fbfa5a6cd5f87f67aa8510dbcf
A_clean_held_w0p250_c0p575_s0p000_b0p500,previous_AB,clean_held,generation/test_renders/architecture_ab_v1/raw/A_clean_held_w0p250_c0p575_s0p000_b0p500.wav,63a8348d26f07bec1b1cd5f4252f741af4c83ae8d6afff0b2044f5ee1480ee7d
A_clean_held_w0p250_c0p713_s0p000_b0p500,previous_AB,clean_held,generation/test_renders/architecture_ab_v1/raw/A_clean_held_w0p250_c0p713_s0p000_b0p500.wav,8593988d2a79049fc1bd17c5b8983991718082fb1c75509022cf30aa18881b08
A_clean_held_w0p250_c0p850_s0p000_b0p500,previous_AB,clean_held,generation/test_renders/architecture_ab_v1/raw/A_clean_held_w0p250_c0p850_s0p000_b0p500.wav,6c31d2d04c3e5f4eee4d45e68606bbb8e991dea9284c1c426c1fd926f15ed12a
A_clean_held_w0p375_c0p300_s0p000_b0p500,previous_AB,clean_held,generation/test_renders/architecture_ab_v1/raw/A_clean_held_w0p375_c0p300_s0p000_b0p500.wav,413d1cca4e5fd47361e46768354bda56bd0eaf4d5bbb8d2fac3eb5144c563d50
A_clean_held_w0p375_c0p438_s0p000_b0p500,previous_AB,clean_held,generation/test_renders/architecture_ab_v1/raw/A_clean_held_w0p375_c0p438_s0p000_b0p500.wav,93019cb1fbe2cd650d68236c4d2dcc2d30da923fc0321d4024a3759199d012d2
A_clean_held_w0p375_c0p575_s0p000_b0p500,previous_AB,clean_held,generation/test_renders/architecture_ab_v1/raw/A_clean_held_w0p375_c0p575_s0p000_b0p500.wav,cd13ce545d40c5dc5e03caf1b77abc0905a418fc6b7031a7fad6129393d8110e
A_clean_held_w0p375_c0p713_s0p000_b0p500,previous_AB,clean_held,generation/test_renders/architecture_ab_v1/raw/A_clean_held_w0p375_c0p713_s0p000_b0p500.wav,f6595ecf64e1ae13c982a72c00d790a307509cf55183c412e00dd14a2bf034a0
A_clean_held_w0p375_c0p850_s0p000_b0p500,previous_AB,clean_held,generation/test_renders/architecture_ab_v1/raw/A_clean_held_w0p375_c0p850_s0p000_b0p500.wav,e8c78c74b7bce083d94e9501692b0fe19ea1d1620dd26736567a76c86c7697b4
A_clean_held_w0p500_c0p438_s0p000_b0p500,previous_AB,clean_held,generation/test_renders/architecture_ab_v1/raw/A_clean_held_w0p500_c0p438_s0p000_b0p500.wav,c9722747ae506a6b02438418a3eed58a3fe5d79f835ca106156071967f1899dc
A_clean_held_w0p500_c0p713_s0p000_b0p500,previous_AB,clean_held,generation/test_renders/architecture_ab_v1/raw/A_clean_held_w0p500_c0p713_s0p000_b0p500.wav,bda4b657d88059f03e953f402917149949bc0f1132115bdd9bd7c37d368d31e8
A_clean_held_w0p625_c0p300_s0p000_b0p500,previous_AB,clean_held,generation/test_renders/architecture_ab_v1/raw/A_clean_held_w0p625_c0p300_s0p000_b0p500.wav,fb4febc95c121aa3abb5ff40eb23dd72c3359a9766cd0bbc966eebeaf6f87764
A_clean_held_w0p625_c0p438_s0p000_b0p500,previous_AB,clean_held,generation/test_renders/architecture_ab_v1/raw/A_clean_held_w0p625_c0p438_s0p000_b0p500.wav,9d1024932de6002f9739fc79edf8f8ef4c051d0922f15ed9c9a93bab97abbd09
A_clean_held_w0p625_c0p575_s0p000_b0p500,previous_AB,clean_held,generation/test_renders/architecture_ab_v1/raw/A_clean_held_w0p625_c0p575_s0p000_b0p500.wav,7f33205460452406dc3256f6296c51d32505c254cd0717c734bc2ccb41708610
A_clean_held_w0p625_c0p713_s0p000_b0p500,previous_AB,clean_held,generation/test_renders/architecture_ab_v1/raw/A_clean_held_w0p625_c0p713_s0p000_b0p500.wav,742f87041c0b8f718b1ecc1e4ddd2dad11c3c23da25f7b0871e76f9f680c59e9
A_clean_held_w0p625_c0p850_s0p000_b0p500,previous_AB,clean_held,generation/test_renders/architecture_ab_v1/raw/A_clean_held_w0p625_c0p850_s0p000_b0p500.wav,1898c4b66ca92ba03ed5cfbf34a9876aff4be2a5e8653221c7dcdbdbf643ad18
A_clean_held_w0p750_c0p300_s0p000_b0p500,previous_AB,clean_held,generation/test_renders/architecture_ab_v1/raw/A_clean_held_w0p750_c0p300_s0p000_b0p500.wav,dc75680081fa7e976de621914e2984b9f557a21de7b2ca64936f3178bb2fe4d8
A_clean_held_w0p750_c0p438_s0p000_b0p500,previous_AB,clean_held,generation/test_renders/architecture_ab_v1/raw/A_clean_held_w0p750_c0p438_s0p000_b0p500.wav,f8ba898d596fc8f69a170ee74f0e3133d6c0452962a1fcc0cfa1b0a0a43efdc2
A_clean_held_w0p750_c0p575_s0p000_b0p500,previous_AB,clean_held,generation/test_renders/architecture_ab_v1/raw/A_clean_held_w0p750_c0p575_s0p000_b0p500.wav,66e11b7beb80ac12e1d85b7b0aaffc933624a88f04c841379c38d6c50c461aeb
A_clean_held_w0p750_c0p713_s0p000_b0p500,previous_AB,clean_held,generation/test_renders/architecture_ab_v1/raw/A_clean_held_w0p750_c0p713_s0p000_b0p500.wav,522a8f6d75b9b93945d5046168db0fcd4b4c9ce0c948bb5568a00cad08b8a1ad
A_clean_held_w0p750_c0p850_s0p000_b0p500,previous_AB,clean_held,generation/test_renders/architecture_ab_v1/raw/A_clean_held_w0p750_c0p850_s0p000_b0p500.wav,f563dfab9ce629f125d6a2dc45b75c3e139d9ad990a3783ab50ff0f444ed5d6f
A_clean_held_w0p875_c0p300_s0p000_b0p500,previous_AB,clean_held,generation/test_renders/architecture_ab_v1/raw/A_clean_held_w0p875_c0p300_s0p000_b0p500.wav,48c30d6b32839a54677c67b9c9049b59e1d41f6da73cbb24d4f707b73928b6ad
A_clean_held_w0p875_c0p438_s0p000_b0p500,previous_AB,clean_held,generation/test_renders/architecture_ab_v1/raw/A_clean_held_w0p875_c0p438_s0p000_b0p500.wav,a91e2d7fe280b7148a06a1f3229a62167232f8938d719f3772ac2ed64292b130
A_clean_held_w0p875_c0p575_s0p000_b0p500,previous_AB,clean_held,generation/test_renders/architecture_ab_v1/raw/A_clean_held_w0p875_c0p575_s0p000_b0p500.wav,4c8e5ddaad8174a952e638a91290c7af29a6ee15705698f3ab1bc76926f73065
A_clean_held_w0p875_c0p713_s0p000_b0p500,previous_AB,clean_held,generation/test_renders/architecture_ab_v1/raw/A_clean_held_w0p875_c0p713_s0p000_b0p500.wav,1cb70c25e2cd699a0cd481febc68891917be30844a18886de06fdd3be156e2f4
A_clean_held_w0p875_c0p850_s0p000_b0p500,previous_AB,clean_held,generation/test_renders/architecture_ab_v1/raw/A_clean_held_w0p875_c0p850_s0p000_b0p500.wav,ae3cf2de72154155f20bf62f0ea215433a091336e3065fbac45748053d542b64
A_clean_held_w1p000_c0p438_s0p000_b0p500,previous_AB,clean_held,generation/test_renders/architecture_ab_v1/raw/A_clean_held_w1p000_c0p438_s0p000_b0p500.wav,e22f3c56920b3b5a566af741486c86bc09ce8ae2bb9eef07fafbac4f7db42e54
A_clean_held_w1p000_c0p713_s0p000_b0p500,previous_AB,clean_held,generation/test_renders/architecture_ab_v1/raw/A_clean_held_w1p000_c0p713_s0p000_b0p500.wav,2091208cbbf7af74aa6d82f3a1449e8d32c679658d64bee5fd89919619767d17
A_resonant_held_w0p000_c0p438_s0p000_b0p500,previous_AB,resonant_held,generation/test_renders/architecture_ab_v1/raw/A_resonant_held_w0p000_c0p438_s0p000_b0p500.wav,8ce8acd2ef1d4cdab7cf15d5a865e505abe34a0b856e97ddc35f7c625ec9bcc2
A_resonant_held_w0p000_c0p713_s0p000_b0p500,previous_AB,resonant_held,generation/test_renders/architecture_ab_v1/raw/A_resonant_held_w0p000_c0p713_s0p000_b0p500.wav,07c6826825ff9380871d28104f7051d507dce124a92b5671ddbe481afb820bf1
A_resonant_held_w0p125_c0p300_s0p000_b0p500,previous_AB,resonant_held,generation/test_renders/architecture_ab_v1/raw/A_resonant_held_w0p125_c0p300_s0p000_b0p500.wav,cf3f4de2cb4bcb33ec9fcc95f79be1335b69a436f5e54a7ffdbf4089657342be
A_resonant_held_w0p125_c0p438_s0p000_b0p500,previous_AB,resonant_held,generation/test_renders/architecture_ab_v1/raw/A_resonant_held_w0p125_c0p438_s0p000_b0p500.wav,cf85e2404c68d95ac2423348026666385c673b379b6a9fcaaf6b23404600272d
A_resonant_held_w0p125_c0p575_s0p000_b0p500,previous_AB,resonant_held,generation/test_renders/architecture_ab_v1/raw/A_resonant_held_w0p125_c0p575_s0p000_b0p500.wav,3b0548ab16fe28a05e922271da07d141470bc6b910723160dfe8bc48c503c150
A_resonant_held_w0p125_c0p713_s0p000_b0p500,previous_AB,resonant_held,generation/test_renders/architecture_ab_v1/raw/A_resonant_held_w0p125_c0p713_s0p000_b0p500.wav,391e140eb9e4008d489da5b915cde833aa7627140f932f430376852cdb56b5ea
A_resonant_held_w0p125_c0p850_s0p000_b0p500,previous_AB,resonant_held,generation/test_renders/architecture_ab_v1/raw/A_resonant_held_w0p125_c0p850_s0p000_b0p500.wav,70a9b83956abb803b4471d5d0fc4b023a2c9d90c3c321d1969debd7b38e368fa
A_resonant_held_w0p250_c0p300_s0p000_b0p500,previous_AB,resonant_held,generation/test_renders/architecture_ab_v1/raw/A_resonant_held_w0p250_c0p300_s0p000_b0p500.wav,8f23569b0231dbf956aea1aa91af211fa8131cb22627a9a89f7702a4c3e0c7a9
A_resonant_held_w0p250_c0p438_s0p000_b0p500,previous_AB,resonant_held,generation/test_renders/architecture_ab_v1/raw/A_resonant_held_w0p250_c0p438_s0p000_b0p500.wav,ce7a864f5e2b3a63bed4f9b9f5f1b02c9dc6b31598161e6574dcb34909790916
A_resonant_held_w0p250_c0p575_s0p000_b0p500,previous_AB,resonant_held,generation/test_renders/architecture_ab_v1/raw/A_resonant_held_w0p250_c0p575_s0p000_b0p500.wav,8fac8bfc25f5c327ba02dc7620beb52072b01d51b93da2e2658da15643050a84
A_resonant_held_w0p250_c0p713_s0p000_b0p500,previous_AB,resonant_held,generation/test_renders/architecture_ab_v1/raw/A_resonant_held_w0p250_c0p713_s0p000_b0p500.wav,821fbcbbb9b0429102f6c2a83d9a7e703a6bb488276598da08b49a475358bd7c
A_resonant_held_w0p250_c0p850_s0p000_b0p500,previous_AB,resonant_held,generation/test_renders/architecture_ab_v1/raw/A_resonant_held_w0p250_c0p850_s0p000_b0p500.wav,4245068f0141595e7ca4d6469ad818379a7e3472b3ce6eb941bebcc4cc7f3761
A_resonant_held_w0p375_c0p300_s0p000_b0p500,previous_AB,resonant_held,generation/test_renders/architecture_ab_v1/raw/A_resonant_held_w0p375_c0p300_s0p000_b0p500.wav,9f7bbcdb035f79e1f25e2b42219ac390fa149bf5b0c68ca3d9ef07c3f0ca7047
A_resonant_held_w0p375_c0p438_s0p000_b0p500,previous_AB,resonant_held,generation/test_renders/architecture_ab_v1/raw/A_resonant_held_w0p375_c0p438_s0p000_b0p500.wav,69fdc8de36dcd3c1bf220d5e37c8e723b5450ffc5dbc7acaf05c1a33d09da008
A_resonant_held_w0p375_c0p575_s0p000_b0p500,previous_AB,resonant_held,generation/test_renders/architecture_ab_v1/raw/A_resonant_held_w0p375_c0p575_s0p000_b0p500.wav,faaf0d1df487148a2ade83efc72befadc489f689b3993b2f2ee722c203652455
A_resonant_held_w0p375_c0p713_s0p000_b0p500,previous_AB,resonant_held,generation/test_renders/architecture_ab_v1/raw/A_resonant_held_w0p375_c0p713_s0p000_b0p500.wav,993d074a105a777cb90636235e2b4a4e16840b04e0f1a920ebe8d31e117922d5
A_resonant_held_w0p375_c0p850_s0p000_b0p500,previous_AB,resonant_held,generation/test_renders/architecture_ab_v1/raw/A_resonant_held_w0p375_c0p850_s0p000_b0p500.wav,9a98a11c6295e88ed7cd780debb9f0b1d1538968cf1453dca930a5819363019f
A_resonant_held_w0p500_c0p438_s0p000_b0p500,previous_AB,resonant_held,generation/test_renders/architecture_ab_v1/raw/A_resonant_held_w0p500_c0p438_s0p000_b0p500.wav,20557a03e409b0d0ce0a3812ca061e37f727ca3adc0168825eb648a10239958a
A_resonant_held_w0p500_c0p713_s0p000_b0p500,previous_AB,resonant_held,generation/test_renders/architecture_ab_v1/raw/A_resonant_held_w0p500_c0p713_s0p000_b0p500.wav,8beb87bffb2b37a05cb8792bf33282d92c050e2fa2b813885e481d8daa024a9c
A_resonant_held_w0p625_c0p300_s0p000_b0p500,previous_AB,resonant_held,generation/test_renders/architecture_ab_v1/raw/A_resonant_held_w0p625_c0p300_s0p000_b0p500.wav,fd9cc9174881022511f22fd017a0ea1e72d4d335cd772cd7882620342bad93a3
A_resonant_held_w0p625_c0p438_s0p000_b0p500,previous_AB,resonant_held,generation/test_renders/architecture_ab_v1/raw/A_resonant_held_w0p625_c0p438_s0p000_b0p500.wav,3eda202936ba7a50b1dcc9aa648643d3179535b2d5d2b89caec3d602e44c4cea
A_resonant_held_w0p625_c0p575_s0p000_b0p500,previous_AB,resonant_held,generation/test_renders/architecture_ab_v1/raw/A_resonant_held_w0p625_c0p575_s0p000_b0p500.wav,8ee2470f176fc67fc277bf02e3455f338c20f0ce8d28356206026ab821bd9da9
A_resonant_held_w0p625_c0p713_s0p000_b0p500,previous_AB,resonant_held,generation/test_renders/architecture_ab_v1/raw/A_resonant_held_w0p625_c0p713_s0p000_b0p500.wav,1e7aaf589f4f14840171c899aa84ae39360a39acc5317c9bda896b422ecf68d9
A_resonant_held_w0p625_c0p850_s0p000_b0p500,previous_AB,resonant_held,generation/test_renders/architecture_ab_v1/raw/A_resonant_held_w0p625_c0p850_s0p000_b0p500.wav,d3a71dad916943f096aa04e72962eaf5a1682bc64957c6de905416b1f0f09c53
A_resonant_held_w0p750_c0p300_s0p000_b0p500,previous_AB,resonant_held,generation/test_renders/architecture_ab_v1/raw/A_resonant_held_w0p750_c0p300_s0p000_b0p500.wav,922bbe1c1aef8f21b1429e43218302c0b4ceff82d4e9ddba2ee4366452bce016
A_resonant_held_w0p750_c0p438_s0p000_b0p500,previous_AB,resonant_held,generation/test_renders/architecture_ab_v1/raw/A_resonant_held_w0p750_c0p438_s0p000_b0p500.wav,a7c011b3b0d2859c764cc0e3bbbc52416650848f1678d00059b3d22556f3e5c8
A_resonant_held_w0p750_c0p575_s0p000_b0p500,previous_AB,resonant_held,generation/test_renders/architecture_ab_v1/raw/A_resonant_held_w0p750_c0p575_s0p000_b0p500.wav,c1d9df766ee9cd52f27ac002e045b1c33e87e535b3ba312d6e33385d2d508759
A_resonant_held_w0p750_c0p713_s0p000_b0p500,previous_AB,resonant_held,generation/test_renders/architecture_ab_v1/raw/A_resonant_held_w0p750_c0p713_s0p000_b0p500.wav,16fb445c44b4de54bb839a3133823265d66e47e0603c294f8bc9421b0791af56
A_resonant_held_w0p750_c0p850_s0p000_b0p500,previous_AB,resonant_held,generation/test_renders/architecture_ab_v1/raw/A_resonant_held_w0p750_c0p850_s0p000_b0p500.wav,a1ea057bf3313036f8907dd97b85a771bd465883523b1c85af6573f4aeb5ac2c
A_resonant_held_w0p875_c0p300_s0p000_b0p500,previous_AB,resonant_held,generation/test_renders/architecture_ab_v1/raw/A_resonant_held_w0p875_c0p300_s0p000_b0p500.wav,3952f6a02182d87ec26b1f7eb1e1c65d0b2831e351b6f466c81b5368d21d57e0
A_resonant_held_w0p875_c0p438_s0p000_b0p500,previous_AB,resonant_held,generation/test_renders/architecture_ab_v1/raw/A_resonant_held_w0p875_c0p438_s0p000_b0p500.wav,d0380c9428b17f97c5bea1f61ff261862d0ce82ab82148a7ad8a4d0f42f2178f
A_resonant_held_w0p875_c0p575_s0p000_b0p500,previous_AB,resonant_held,generation/test_renders/architecture_ab_v1/raw/A_resonant_held_w0p875_c0p575_s0p000_b0p500.wav,1913f3ff636140e09673671ed8b85acec5c378e20109d6afa871491e18ea38dc
A_resonant_held_w0p875_c0p713_s0p000_b0p500,previous_AB,resonant_held,generation/test_renders/architecture_ab_v1/raw/A_resonant_held_w0p875_c0p713_s0p000_b0p500.wav,8671fd6dac614553eaa7d4e23173fff26908be8f3e8a22b6f2e692a3de1575a0
A_resonant_held_w0p875_c0p850_s0p000_b0p500,previous_AB,resonant_held,generation/test_renders/architecture_ab_v1/raw/A_resonant_held_w0p875_c0p850_s0p000_b0p500.wav,36ed848ee576c55b7eafecd4d4918be0969fecbdc13fec0942def8530b7d26d5
A_resonant_held_w1p000_c0p438_s0p000_b0p500,previous_AB,resonant_held,generation/test_renders/architecture_ab_v1/raw/A_resonant_held_w1p000_c0p438_s0p000_b0p500.wav,ec4d6a84180d8ed5aad563459ab36c89e31af0e1df0c0e760dfe611c37c34afc
A_resonant_held_w1p000_c0p713_s0p000_b0p500,previous_AB,resonant_held,generation/test_renders/architecture_ab_v1/raw/A_resonant_held_w1p000_c0p713_s0p000_b0p500.wav,be6b9b6e309a26433bad55ca3d1684cfaf4e6fac5eba3d506a0716bec476c55d
A_driven_pluck_w0p000_c0p438_s0p000_b0p500,previous_AB,driven_pluck,generation/test_renders/architecture_ab_v1/raw/A_driven_pluck_w0p000_c0p438_s0p000_b0p500.wav,37dace92ddfefa286ab83cd0f51294c3fb304a531c52a13594e2308eb917d9e4
A_driven_pluck_w0p000_c0p713_s0p000_b0p500,previous_AB,driven_pluck,generation/test_renders/architecture_ab_v1/raw/A_driven_pluck_w0p000_c0p713_s0p000_b0p500.wav,a2b37f4c10223f29f56b5f0285ee6b433d64ac1d85a345aadf70de707c130425
A_driven_pluck_w0p125_c0p300_s0p000_b0p500,previous_AB,driven_pluck,generation/test_renders/architecture_ab_v1/raw/A_driven_pluck_w0p125_c0p300_s0p000_b0p500.wav,7c844f26c240970b116eae7cb3f9193d2893dd6820da64e1550158e121fe1a36
A_driven_pluck_w0p125_c0p438_s0p000_b0p500,previous_AB,driven_pluck,generation/test_renders/architecture_ab_v1/raw/A_driven_pluck_w0p125_c0p438_s0p000_b0p500.wav,d2742a4c9ca55ba4afb13341dde8545396e30091427232b0f33cc156c3f56aa1
A_driven_pluck_w0p125_c0p575_s0p000_b0p500,previous_AB,driven_pluck,generation/test_renders/architecture_ab_v1/raw/A_driven_pluck_w0p125_c0p575_s0p000_b0p500.wav,eb7e8ccfcd76b4e409ea96e197d0b0b0f81c87d6394a747db0fc693ae7579200
A_driven_pluck_w0p125_c0p713_s0p000_b0p500,previous_AB,driven_pluck,generation/test_renders/architecture_ab_v1/raw/A_driven_pluck_w0p125_c0p713_s0p000_b0p500.wav,72f34f572c4f47a5ffa76ec5f0f5a70e19dde8f670c691d88381a73841c332d1
A_driven_pluck_w0p125_c0p850_s0p000_b0p500,previous_AB,driven_pluck,generation/test_renders/architecture_ab_v1/raw/A_driven_pluck_w0p125_c0p850_s0p000_b0p500.wav,fa0559496e5fbfffa4a384ae441564510bd74f71c5c4218acdd11015f1b933b2
A_driven_pluck_w0p250_c0p300_s0p000_b0p500,previous_AB,driven_pluck,generation/test_renders/architecture_ab_v1/raw/A_driven_pluck_w0p250_c0p300_s0p000_b0p500.wav,47096a8023af0066f702560369e4e45717eef617c016adfd34f69981b62b2ab3
A_driven_pluck_w0p250_c0p438_s0p000_b0p500,previous_AB,driven_pluck,generation/test_renders/architecture_ab_v1/raw/A_driven_pluck_w0p250_c0p438_s0p000_b0p500.wav,be418a4ae6c48164bbe0bc18c8bad1476a61fa8260f4be2d0576eee91e3e5e95
A_driven_pluck_w0p250_c0p575_s0p000_b0p500,previous_AB,driven_pluck,generation/test_renders/architecture_ab_v1/raw/A_driven_pluck_w0p250_c0p575_s0p000_b0p500.wav,fe403379301bf48a64042cd7c9919c99ae8217925a4736f5503d14295e996188
A_driven_pluck_w0p250_c0p713_s0p000_b0p500,previous_AB,driven_pluck,generation/test_renders/architecture_ab_v1/raw/A_driven_pluck_w0p250_c0p713_s0p000_b0p500.wav,9f0ce07ec03abf7e71c58d62b4eb6ee76edb7155bfadd0fb4eec63b30a8c1b3f
A_driven_pluck_w0p250_c0p850_s0p000_b0p500,previous_AB,driven_pluck,generation/test_renders/architecture_ab_v1/raw/A_driven_pluck_w0p250_c0p850_s0p000_b0p500.wav,ac786594517e9950677505c8b37c57db6192b2c2255e89c6b899a6aab144f5b6
A_driven_pluck_w0p375_c0p300_s0p000_b0p500,previous_AB,driven_pluck,generation/test_renders/architecture_ab_v1/raw/A_driven_pluck_w0p375_c0p300_s0p000_b0p500.wav,03cf364702aaab10404a5fe47949b714e41078ccbc4bc8ce3f0cb880f0104827
A_driven_pluck_w0p375_c0p438_s0p000_b0p500,previous_AB,driven_pluck,generation/test_renders/architecture_ab_v1/raw/A_driven_pluck_w0p375_c0p438_s0p000_b0p500.wav,770d4d51a126ae5e7c309164b44230e09d98219bf70da5b91163f778cc0484c3
A_driven_pluck_w0p375_c0p575_s0p000_b0p500,previous_AB,driven_pluck,generation/test_renders/architecture_ab_v1/raw/A_driven_pluck_w0p375_c0p575_s0p000_b0p500.wav,b19b1b914ac1cdbbd39419fa3e9490aac2895ef1c94100ca8fbb027a2573adce
A_driven_pluck_w0p375_c0p713_s0p000_b0p500,previous_AB,driven_pluck,generation/test_renders/architecture_ab_v1/raw/A_driven_pluck_w0p375_c0p713_s0p000_b0p500.wav,b96cb742503a77ad60d32807e27da00c8ff21ed04907489eb839b41efbd6703d
A_driven_pluck_w0p375_c0p850_s0p000_b0p500,previous_AB,driven_pluck,generation/test_renders/architecture_ab_v1/raw/A_driven_pluck_w0p375_c0p850_s0p000_b0p500.wav,f582010734e43cae3657397fcfc322228c8ec3d2362df04208bd5fdfc095fd40
A_driven_pluck_w0p500_c0p438_s0p000_b0p500,previous_AB,driven_pluck,generation/test_renders/architecture_ab_v1/raw/A_driven_pluck_w0p500_c0p438_s0p000_b0p500.wav,f2d8040a626d55b6863d72c8336e1e621a5ddbc1fc3407883fe6f7898aa717f3
A_driven_pluck_w0p500_c0p713_s0p000_b0p500,previous_AB,driven_pluck,generation/test_renders/architecture_ab_v1/raw/A_driven_pluck_w0p500_c0p713_s0p000_b0p500.wav,6bc7fad20483b731ca4ebdf9a26de5ae998a8376715e49e71475cb8e96bcde3c
A_driven_pluck_w0p625_c0p300_s0p000_b0p500,previous_AB,driven_pluck,generation/test_renders/architecture_ab_v1/raw/A_driven_pluck_w0p625_c0p300_s0p000_b0p500.wav,2f74538ea6bdf530ddbc793d4c489e6f22f09216a89ccb8aa22e1cb4cf5a8759
A_driven_pluck_w0p625_c0p438_s0p000_b0p500,previous_AB,driven_pluck,generation/test_renders/architecture_ab_v1/raw/A_driven_pluck_w0p625_c0p438_s0p000_b0p500.wav,50e5fbe34d0be9ff01b82a733148551a66e85f25268f68dafd5d3b161d1535fc
A_driven_pluck_w0p625_c0p575_s0p000_b0p500,previous_AB,driven_pluck,generation/test_renders/architecture_ab_v1/raw/A_driven_pluck_w0p625_c0p575_s0p000_b0p500.wav,59b115ded7f3ccd520d0472a899fee949ffe02e9073e6dd90cf99bb4804b6e5b
A_driven_pluck_w0p625_c0p713_s0p000_b0p500,previous_AB,driven_pluck,generation/test_renders/architecture_ab_v1/raw/A_driven_pluck_w0p625_c0p713_s0p000_b0p500.wav,f5127e4d664f1c63c67b60a36b63a371ed3c71ed958922bd0968d28b0065b79e
A_driven_pluck_w0p625_c0p850_s0p000_b0p500,previous_AB,driven_pluck,generation/test_renders/architecture_ab_v1/raw/A_driven_pluck_w0p625_c0p850_s0p000_b0p500.wav,99e786a140648c2c9d88e718717325f164c83c04b0626b8ef0af8ea81748e215
A_driven_pluck_w0p750_c0p300_s0p000_b0p500,previous_AB,driven_pluck,generation/test_renders/architecture_ab_v1/raw/A_driven_pluck_w0p750_c0p300_s0p000_b0p500.wav,87399f50adbe0a518c963f7cbbef764b8cc94ff23f111cd1029e33dcedfa2c36
A_driven_pluck_w0p750_c0p438_s0p000_b0p500,previous_AB,driven_pluck,generation/test_renders/architecture_ab_v1/raw/A_driven_pluck_w0p750_c0p438_s0p000_b0p500.wav,508cae65f7792cc89bea7a21232769972a26460811b041ea39d6f3d8b4d38cf3
A_driven_pluck_w0p750_c0p575_s0p000_b0p500,previous_AB,driven_pluck,generation/test_renders/architecture_ab_v1/raw/A_driven_pluck_w0p750_c0p575_s0p000_b0p500.wav,c72bd2e917f625d511219565048d8735eddacbeb306ab76582924dbd44ec84ff
A_driven_pluck_w0p750_c0p713_s0p000_b0p500,previous_AB,driven_pluck,generation/test_renders/architecture_ab_v1/raw/A_driven_pluck_w0p750_c0p713_s0p000_b0p500.wav,9e8436dc5a93bac8d026bafcd10ca015cd2d65960f2985e983f2380cd12f9a65
A_driven_pluck_w0p750_c0p850_s0p000_b0p500,previous_AB,driven_pluck,generation/test_renders/architecture_ab_v1/raw/A_driven_pluck_w0p750_c0p850_s0p000_b0p500.wav,e9b36d1737e241ff33cddff2a99a32f75cd922202aa9c476a879e8a475e02b56
A_driven_pluck_w0p875_c0p300_s0p000_b0p500,previous_AB,driven_pluck,generation/test_renders/architecture_ab_v1/raw/A_driven_pluck_w0p875_c0p300_s0p000_b0p500.wav,e7ab8f33628d3c6a8521d3510c1b8b30fc71b95ed3d4a9213fd4a6509c5570da
A_driven_pluck_w0p875_c0p438_s0p000_b0p500,previous_AB,driven_pluck,generation/test_renders/architecture_ab_v1/raw/A_driven_pluck_w0p875_c0p438_s0p000_b0p500.wav,a969609a95ea13280081e3946d4bb168298b94575a922ad942620fe1526a63a6
A_driven_pluck_w0p875_c0p575_s0p000_b0p500,previous_AB,driven_pluck,generation/test_renders/architecture_ab_v1/raw/A_driven_pluck_w0p875_c0p575_s0p000_b0p500.wav,8b6ed16422362f44ff8a1d7a965c769cd553d3139f4b52ec4a40e6c2afdb7fd4
A_driven_pluck_w0p875_c0p713_s0p000_b0p500,previous_AB,driven_pluck,generation/test_renders/architecture_ab_v1/raw/A_driven_pluck_w0p875_c0p713_s0p000_b0p500.wav,7ac7e707cf6ce35599a6bba95ce7a76e42736a0ffccdc9ce673bda235088a220
A_driven_pluck_w0p875_c0p850_s0p000_b0p500,previous_AB,driven_pluck,generation/test_renders/architecture_ab_v1/raw/A_driven_pluck_w0p875_c0p850_s0p000_b0p500.wav,1e257c62cbc9c5703a885b9506f8e2e00cba5369e1b967457a65948ed4075df2
A_driven_pluck_w1p000_c0p438_s0p000_b0p500,previous_AB,driven_pluck,generation/test_renders/architecture_ab_v1/raw/A_driven_pluck_w1p000_c0p438_s0p000_b0p500.wav,ff5cd66aa19290826465af043c58fb02615bcf080b19bd89b27c01016f6a6e2d
A_driven_pluck_w1p000_c0p713_s0p000_b0p500,previous_AB,driven_pluck,generation/test_renders/architecture_ab_v1/raw/A_driven_pluck_w1p000_c0p713_s0p000_b0p500.wav,906d35bca42cb094411d14b554f4b70ade72dc1085903a0dc07ad32ebfbae694
A_resonant_driven_swell_w0p000_c0p438_s0p000_b0p500,previous_AB,resonant_driven_swell,generation/test_renders/architecture_ab_v1/raw/A_resonant_driven_swell_w0p000_c0p438_s0p000_b0p500.wav,c593e992b1305b6a8ecf60baa55186ddfe739f32cf238be7a754e94bd75ac882
A_resonant_driven_swell_w0p000_c0p713_s0p000_b0p500,previous_AB,resonant_driven_swell,generation/test_renders/architecture_ab_v1/raw/A_resonant_driven_swell_w0p000_c0p713_s0p000_b0p500.wav,ba5b4593b9326b64754009a340e27933e0abbbe69af9ef8d15a145fc07b0cdae
A_resonant_driven_swell_w0p125_c0p300_s0p000_b0p500,previous_AB,resonant_driven_swell,generation/test_renders/architecture_ab_v1/raw/A_resonant_driven_swell_w0p125_c0p300_s0p000_b0p500.wav,568813dcdff3bd35b40a8f1b62925ed0f0c298251a442b5cc8210c7e46e1a388
A_resonant_driven_swell_w0p125_c0p438_s0p000_b0p500,previous_AB,resonant_driven_swell,generation/test_renders/architecture_ab_v1/raw/A_resonant_driven_swell_w0p125_c0p438_s0p000_b0p500.wav,d3fd00264c1472af7441504d174e85830f04cf7e86940f7cfb60fa69f4438439
A_resonant_driven_swell_w0p125_c0p575_s0p000_b0p500,previous_AB,resonant_driven_swell,generation/test_renders/architecture_ab_v1/raw/A_resonant_driven_swell_w0p125_c0p575_s0p000_b0p500.wav,23e16f08974f9d250c2ade226b0fae3a816e448ac01e35001dceec0b8d438fde
A_resonant_driven_swell_w0p125_c0p713_s0p000_b0p500,previous_AB,resonant_driven_swell,generation/test_renders/architecture_ab_v1/raw/A_resonant_driven_swell_w0p125_c0p713_s0p000_b0p500.wav,ddb4aabae563b7e8efe2f68dd95a294fa0cbee7d6a1ef810208ad9a2f61a6576
A_resonant_driven_swell_w0p125_c0p850_s0p000_b0p500,previous_AB,resonant_driven_swell,generation/test_renders/architecture_ab_v1/raw/A_resonant_driven_swell_w0p125_c0p850_s0p000_b0p500.wav,571ab0ed48b88106a744867ca0a2bbdae872bcfd2bc3bc3c2b217d8466609b68
A_resonant_driven_swell_w0p250_c0p300_s0p000_b0p500,previous_AB,resonant_driven_swell,generation/test_renders/architecture_ab_v1/raw/A_resonant_driven_swell_w0p250_c0p300_s0p000_b0p500.wav,da20cb42cf6625116270b56f617681efe95f6a0f92d7a2ff1add32d0ee5ae42e
A_resonant_driven_swell_w0p250_c0p438_s0p000_b0p500,previous_AB,resonant_driven_swell,generation/test_renders/architecture_ab_v1/raw/A_resonant_driven_swell_w0p250_c0p438_s0p000_b0p500.wav,8f5f01cc1611d8897b9fb61e6af63cab2a11f6f01902495669aa8340ae0a01dc
A_resonant_driven_swell_w0p250_c0p575_s0p000_b0p500,previous_AB,resonant_driven_swell,generation/test_renders/architecture_ab_v1/raw/A_resonant_driven_swell_w0p250_c0p575_s0p000_b0p500.wav,956959fcb726fd6054b3ca6430c1496ce02245e432b62efd85dc116e4322d48e
A_resonant_driven_swell_w0p250_c0p713_s0p000_b0p500,previous_AB,resonant_driven_swell,generation/test_renders/architecture_ab_v1/raw/A_resonant_driven_swell_w0p250_c0p713_s0p000_b0p500.wav,e808071e960cecf2ba52d12a836641697ff8dc4db2d4f9198633dcca6efb5aab
A_resonant_driven_swell_w0p250_c0p850_s0p000_b0p500,previous_AB,resonant_driven_swell,generation/test_renders/architecture_ab_v1/raw/A_resonant_driven_swell_w0p250_c0p850_s0p000_b0p500.wav,7f13529e11c6cdf1bb57465b13abe8e0d64255c5132147f1800e1eb2cb825c13
A_resonant_driven_swell_w0p375_c0p300_s0p000_b0p500,previous_AB,resonant_driven_swell,generation/test_renders/architecture_ab_v1/raw/A_resonant_driven_swell_w0p375_c0p300_s0p000_b0p500.wav,961c476925b69de2926f49fc72e8dc2cc918bd6543179b7f1776999580513b97
A_resonant_driven_swell_w0p375_c0p438_s0p000_b0p500,previous_AB,resonant_driven_swell,generation/test_renders/architecture_ab_v1/raw/A_resonant_driven_swell_w0p375_c0p438_s0p000_b0p500.wav,15a1fe604e1083af860ab7f2b0ae125820c3114b826ffc2863881a498893cd0d
A_resonant_driven_swell_w0p375_c0p575_s0p000_b0p500,previous_AB,resonant_driven_swell,generation/test_renders/architecture_ab_v1/raw/A_resonant_driven_swell_w0p375_c0p575_s0p000_b0p500.wav,9ba801fff8df36f71ea78fbd3e556ee35ed7fad9e1a19859c14b4b607cfd0170
A_resonant_driven_swell_w0p375_c0p713_s0p000_b0p500,previous_AB,resonant_driven_swell,generation/test_renders/architecture_ab_v1/raw/A_resonant_driven_swell_w0p375_c0p713_s0p000_b0p500.wav,ba7929cad7d1adaf204a1c8c981900817adcfa40e13b151a831e628e983a45da
A_resonant_driven_swell_w0p375_c0p850_s0p000_b0p500,previous_AB,resonant_driven_swell,generation/test_renders/architecture_ab_v1/raw/A_resonant_driven_swell_w0p375_c0p850_s0p000_b0p500.wav,14854ea54b7039a25d4ac4c2c9e772130979fdb4df527295179a3cb7c1fd9ecd
A_resonant_driven_swell_w0p500_c0p438_s0p000_b0p500,previous_AB,resonant_driven_swell,generation/test_renders/architecture_ab_v1/raw/A_resonant_driven_swell_w0p500_c0p438_s0p000_b0p500.wav,466c47db01b1b5816de470cb223f61c47b9c90b0a648088c2149afa165ec8e4b
A_resonant_driven_swell_w0p500_c0p713_s0p000_b0p500,previous_AB,resonant_driven_swell,generation/test_renders/architecture_ab_v1/raw/A_resonant_driven_swell_w0p500_c0p713_s0p000_b0p500.wav,16d4c32f7aff419461057c05b9ec9c978f42591d04b048016cf7a23a14734e14
A_resonant_driven_swell_w0p625_c0p300_s0p000_b0p500,previous_AB,resonant_driven_swell,generation/test_renders/architecture_ab_v1/raw/A_resonant_driven_swell_w0p625_c0p300_s0p000_b0p500.wav,bdc5b699fa91f972d201394f34484732ff7d4b1efed5b554b2d1550a11970b8a
A_resonant_driven_swell_w0p625_c0p438_s0p000_b0p500,previous_AB,resonant_driven_swell,generation/test_renders/architecture_ab_v1/raw/A_resonant_driven_swell_w0p625_c0p438_s0p000_b0p500.wav,93c8f25214325496e5215514e19303f78810dba27eb31733d3d484294a91a9ad
A_resonant_driven_swell_w0p625_c0p575_s0p000_b0p500,previous_AB,resonant_driven_swell,generation/test_renders/architecture_ab_v1/raw/A_resonant_driven_swell_w0p625_c0p575_s0p000_b0p500.wav,15d9ba3fc1673a183baebf652d36c5f1f0a8c3f6898c4e3133a93bf56a5e2890
A_resonant_driven_swell_w0p625_c0p713_s0p000_b0p500,previous_AB,resonant_driven_swell,generation/test_renders/architecture_ab_v1/raw/A_resonant_driven_swell_w0p625_c0p713_s0p000_b0p500.wav,f6c88b9296c67999b52672a2bc6a761ff2d4f67c3ab01a4b7080bc69f65869c9
A_resonant_driven_swell_w0p625_c0p850_s0p000_b0p500,previous_AB,resonant_driven_swell,generation/test_renders/architecture_ab_v1/raw/A_resonant_driven_swell_w0p625_c0p850_s0p000_b0p500.wav,1648c97280483c3b2918d26a5420a656dcc22f1c108a561647fac9fe0430daad
A_resonant_driven_swell_w0p750_c0p300_s0p000_b0p500,previous_AB,resonant_driven_swell,generation/test_renders/architecture_ab_v1/raw/A_resonant_driven_swell_w0p750_c0p300_s0p000_b0p500.wav,0f0dd7bd66bdc293fb7c7ff760f0dcea6e0eb315e266902a148c3b807fe5eb3f
A_resonant_driven_swell_w0p750_c0p438_s0p000_b0p500,previous_AB,resonant_driven_swell,generation/test_renders/architecture_ab_v1/raw/A_resonant_driven_swell_w0p750_c0p438_s0p000_b0p500.wav,8bf07e1ad1f143b4c66fdb2cc8eeff6099cb9678f3ceb56800abc5d440fb612e
A_resonant_driven_swell_w0p750_c0p575_s0p000_b0p500,previous_AB,resonant_driven_swell,generation/test_renders/architecture_ab_v1/raw/A_resonant_driven_swell_w0p750_c0p575_s0p000_b0p500.wav,2b89f0858e7a88de22a501f3277519cedab23dda2370871e20c9808f92d360a2
A_resonant_driven_swell_w0p750_c0p713_s0p000_b0p500,previous_AB,resonant_driven_swell,generation/test_renders/architecture_ab_v1/raw/A_resonant_driven_swell_w0p750_c0p713_s0p000_b0p500.wav,6a4ee76a1585c26b42c734ed6b19a15b90df8d66aafc6929fd33f323825206a6
A_resonant_driven_swell_w0p750_c0p850_s0p000_b0p500,previous_AB,resonant_driven_swell,generation/test_renders/architecture_ab_v1/raw/A_resonant_driven_swell_w0p750_c0p850_s0p000_b0p500.wav,a0c10efc83f7ca0f1969b0c716378a874b1067cf6d3ad14401afe391e492b81f
A_resonant_driven_swell_w0p875_c0p300_s0p000_b0p500,previous_AB,resonant_driven_swell,generation/test_renders/architecture_ab_v1/raw/A_resonant_driven_swell_w0p875_c0p300_s0p000_b0p500.wav,467dd9b35d93a5b47d31b4415f8b1b927c1151986d04550da1b896f316649685
A_resonant_driven_swell_w0p875_c0p438_s0p000_b0p500,previous_AB,resonant_driven_swell,generation/test_renders/architecture_ab_v1/raw/A_resonant_driven_swell_w0p875_c0p438_s0p000_b0p500.wav,d4c61652104a9482ba249acacf3c3a25d4e56fca742441565721fce721867414
A_resonant_driven_swell_w0p875_c0p575_s0p000_b0p500,previous_AB,resonant_driven_swell,generation/test_renders/architecture_ab_v1/raw/A_resonant_driven_swell_w0p875_c0p575_s0p000_b0p500.wav,40926d6c54a81508288ce93df9f22b1391f85fe9c1cea1810a7c576831ad2067
A_resonant_driven_swell_w0p875_c0p713_s0p000_b0p500,previous_AB,resonant_driven_swell,generation/test_renders/architecture_ab_v1/raw/A_resonant_driven_swell_w0p875_c0p713_s0p000_b0p500.wav,e511e29bb1217ae3e5103d62e3f57aa0d6027a0f5ad031fd35d7e5aee6ddb267
A_resonant_driven_swell_w0p875_c0p850_s0p000_b0p500,previous_AB,resonant_driven_swell,generation/test_renders/architecture_ab_v1/raw/A_resonant_driven_swell_w0p875_c0p850_s0p000_b0p500.wav,c9d5e4be3a21a8cd05f79116e4fae0c8f7eef9a57d145f53d784174ec30a7278
A_resonant_driven_swell_w1p000_c0p438_s0p000_b0p500,previous_AB,resonant_driven_swell,generation/test_renders/architecture_ab_v1/raw/A_resonant_driven_swell_w1p000_c0p438_s0p000_b0p500.wav,54facf8e71fcc38d6d80ae548504b98c86228183abd2ac92750c409a4232fb81
A_resonant_driven_swell_w1p000_c0p713_s0p000_b0p500,previous_AB,resonant_driven_swell,generation/test_renders/architecture_ab_v1/raw/A_resonant_driven_swell_w1p000_c0p713_s0p000_b0p500.wav,e29af2ed1fca900e70819e9a128170717ce10ba41b09b023156b816b61803604
C_driven_pluck_b0p250_s0p000,combined_13,driven_pluck,generation/test_renders/dc_mitigation_v1/raw_combined/C_driven_pluck_b0p250_s0p000.wav,391031b249a198ef39a90eb1f94cf46263d8b432a8206ce4d8ffe6df236b98b2
C_driven_pluck_b0p250_s0p400,combined_13,driven_pluck,generation/test_renders/dc_mitigation_v1/raw_combined/C_driven_pluck_b0p250_s0p400.wav,31262f0ac42e13783540f19ad9355a56ca40c04d54be90fd836fcdeeba1acaa2
C_driven_pluck_b0p250_s1p000,combined_13,driven_pluck,generation/test_renders/dc_mitigation_v1/raw_combined/C_driven_pluck_b0p250_s1p000.wav,c5d6d8d172821b5463fadaccf9179f989f0693554b7b95802f1bbe58cf95296f
C_driven_pluck_b0p500_s0p000,combined_13,driven_pluck,generation/test_renders/dc_mitigation_v1/raw_combined/C_driven_pluck_b0p500_s0p000.wav,e7100b57325c03ffdf67cf41b5033287dcbe1f25d1f648b134ed5bcc18e808f7
C_driven_pluck_b0p500_s0p400,combined_13,driven_pluck,generation/test_renders/dc_mitigation_v1/raw_combined/C_driven_pluck_b0p500_s0p400.wav,57e739242483a121c51d497ec9aa979defe288dd56e0bbd4b7d666fc8299893e
C_driven_pluck_b0p500_s1p000,combined_13,driven_pluck,generation/test_renders/dc_mitigation_v1/raw_combined/C_driven_pluck_b0p500_s1p000.wav,daeca594863f30fa7e1f2897c65312574554a1e7cb0e16945102cd4dd171c0ea
C_driven_pluck_b0p750_s0p000,combined_13,driven_pluck,generation/test_renders/dc_mitigation_v1/raw_combined/C_driven_pluck_b0p750_s0p000.wav,49e077dbd8ebce8cc921ab6ce93dc6eea76634884c631d2db2e946946eea6190
C_driven_pluck_b0p750_s0p400,combined_13,driven_pluck,generation/test_renders/dc_mitigation_v1/raw_combined/C_driven_pluck_b0p750_s0p400.wav,dcd6b0f62df2c0650de39945320faad9db32361b7f65b1c43dbebf15fa0627e4
C_driven_pluck_b0p750_s1p000,combined_13,driven_pluck,generation/test_renders/dc_mitigation_v1/raw_combined/C_driven_pluck_b0p750_s1p000.wav,998af220dbcf3abc2798fbd0af97271c0446eb7f587e4a6f8433872a18b41d13
C_resonant_driven_swell_b0p250_s0p000,combined_13,resonant_driven_swell,generation/test_renders/dc_mitigation_v1/raw_combined/C_resonant_driven_swell_b0p250_s0p000.wav,375eb1b76acfd9e162ff2f1ba489dfd9500baa3c63b5f2185bbc1552651ad4c7
C_resonant_driven_swell_b0p250_s0p400,combined_13,resonant_driven_swell,generation/test_renders/dc_mitigation_v1/raw_combined/C_resonant_driven_swell_b0p250_s0p400.wav,39b764e41965c0f085f75afc467882bf815caff5b091bc8c63bd1472db4a183a
C_resonant_driven_swell_b0p250_s1p000,combined_13,resonant_driven_swell,generation/test_renders/dc_mitigation_v1/raw_combined/C_resonant_driven_swell_b0p250_s1p000.wav,0e2e1ccfb958d924b47d695d9f53fddba5e258013087894b9b4ebe855e5c7ec5
C_resonant_driven_swell_b0p500_s0p000,combined_13,resonant_driven_swell,generation/test_renders/dc_mitigation_v1/raw_combined/C_resonant_driven_swell_b0p500_s0p000.wav,b2bd864fc69154e867f9aae17b1c164baea9311c3c69851d36568f7f267b4c7a
C_resonant_driven_swell_b0p500_s0p400,combined_13,resonant_driven_swell,generation/test_renders/dc_mitigation_v1/raw_combined/C_resonant_driven_swell_b0p500_s0p400.wav,43aff5bc16d0938026dcd35d7ec181f3fece5cb69e07903d79c5111121c7625b
C_resonant_driven_swell_b0p500_s1p000,combined_13,resonant_driven_swell,generation/test_renders/dc_mitigation_v1/raw_combined/C_resonant_driven_swell_b0p500_s1p000.wav,3df7fd2761031c0e1d61c0a1b40e080b8dead2e0eb0c04bb78b1eb811785e259
C_resonant_driven_swell_b0p750_s0p000,combined_13,resonant_driven_swell,generation/test_renders/dc_mitigation_v1/raw_combined/C_resonant_driven_swell_b0p750_s0p000.wav,44ad901c178d603d6d324886d7aa7a3d4e9b35526a3aa2751f81eadc5eb475b3
C_resonant_driven_swell_b0p750_s0p400,combined_13,resonant_driven_swell,generation/test_renders/dc_mitigation_v1/raw_combined/C_resonant_driven_swell_b0p750_s0p400.wav,7177cd389437838cdc2db5cc2535cdeb121517d67777c76387ca31a8b52ca8e4
C_resonant_driven_swell_b0p750_s1p000,combined_13,resonant_driven_swell,generation/test_renders/dc_mitigation_v1/raw_combined/C_resonant_driven_swell_b0p750_s1p000.wav,217d02cc77023b6b8d72eb69113d596222bd2dd389e1b3095230ec8bf76b3608
