context,parameter,low_high_difference_rms,relative_difference_rms,numerically_active
low_cutoff,wave_frame,0.045922457886241747,0.9483466236428525,True
low_cutoff,filter_cutoff,0.06299864422833397,1.3158690079682396,True
low_cutoff,filter_resonance,0.031090376049498714,0.5432130268221347,True
low_cutoff,filter_drive,0.0034523048672577103,0.08453015993662276,True
low_cutoff,amp_attack,0.02088493520419328,0.5116695012944553,True
low_cutoff,amp_decay,0.007682050963958568,0.17442424676772786,True
low_cutoff,amp_sustain,0.055797907934247035,0.9174475274659785,True
low_cutoff,amp_release,0.008510621204200007,0.20521024501533128,True
low_cutoff,filter_env_amount,0.028253770600886654,0.6917974627202341,True
low_cutoff,filter_env_attack,0.020120310852675686,0.4942759011247731,True
low_cutoff,filter_env_decay,0.014513397175156375,0.3376884256930088,True
low_cutoff,filter_env_sustain,0.048521917139178375,0.9642605142003764,True
middle_cutoff,wave_frame,0.06323978652048644,1.0555837477585779,True
middle_cutoff,filter_cutoff,0.10099123470424827,1.2426467638065948,True
middle_cutoff,filter_resonance,0.06021782350071568,0.670708966264991,True
middle_cutoff,filter_drive,0.016755023887171108,0.2097220787829565,True
middle_cutoff,amp_attack,0.03490113882851056,0.45187709573727536,True
middle_cutoff,amp_decay,0.012903178301537898,0.15595336712553498,True
middle_cutoff,amp_sustain,0.10834849343467064,0.9297204009521322,True
middle_cutoff,amp_release,0.02198667695775491,0.27574788796273764,True
middle_cutoff,filter_env_amount,0.024305466261749755,0.31461848016045074,True
middle_cutoff,filter_env_attack,0.01563200876079612,0.20223413616541677,True
middle_cutoff,filter_env_decay,0.009267233901273382,0.11956491855205494,True
middle_cutoff,filter_env_sustain,0.03858336509673583,0.4896785448047817,True
high_cutoff,wave_frame,0.06805174091258614,1.1678814395187012,True
high_cutoff,filter_cutoff,0.06848222442050834,1.2047524990290959,True
high_cutoff,filter_resonance,0.04461405780439078,0.6166784757248073,True
high_cutoff,filter_drive,0.03222827988228525,0.4391710508109003,True
high_cutoff,amp_attack,0.025146374954028276,0.4478243635135805,True
high_cutoff,amp_decay,0.009302635644080211,0.1547518095864676,True
high_cutoff,amp_sustain,0.07891739693771624,0.9307687998638648,True
high_cutoff,amp_release,0.01610690356389753,0.277866918592715,True
high_cutoff,filter_env_amount,0.008796332136151485,0.15669219734497275,True
high_cutoff,filter_env_attack,0.006911870546365201,0.12299053729889546,True
high_cutoff,filter_env_decay,0.0032342981476332524,0.057534126723537395,True
high_cutoff,filter_env_sustain,0.013238684466882974,0.23381947083087723,True
