parameter,point,requested_normalized,actual_normalized,raw,display
wave_frame,low,0.0,0.0,0.0,0.000000
wave_frame,middle,0.5,0.5,128.0,128.000000
wave_frame,high,1.0,1.0,256.0,256.000000
filter_cutoff,low,0.3,0.30000001192092896,46.400001525878906,-13.599998 semitones
filter_cutoff,middle,0.575,0.574999988079071,81.5999984741211,21.599998 semitones
filter_cutoff,high,0.85,0.8500000238418579,116.80000305175781,56.800003 semitones
filter_resonance,low,0.0,0.0,0.0,0.000000%
filter_resonance,middle,0.4,0.4000000059604645,0.4000000059604645,40.000000%
filter_resonance,high,0.8,0.800000011920929,0.800000011920929,80.000000%
filter_drive,low,0.0,0.0,0.0,0.000000dB
filter_drive,middle,0.375,0.375,7.5,7.500000dB
filter_drive,high,0.75,0.75,15.0,15.000000dB
amp_attack,low,0.05,0.05000000074505806,0.11892100423574448,0.000200 secs
amp_attack,middle,0.19999999999999998,0.20000000298023224,0.4756840169429779,0.051201 secs
amp_attack,high,0.35,0.3499999940395355,0.8324470520019531,0.480205 secs
amp_decay,low,0.15,0.15000000596046448,0.3567630350589752,0.016200 secs
amp_decay,middle,0.275,0.2750000059604645,0.6540655493736267,0.183014 secs
amp_decay,high,0.4,0.4000000059604645,0.9513680338859558,0.819208 secs
amp_sustain,low,0.2,0.20000000298023224,0.20000000298023224,0.200000
amp_sustain,middle,0.6,0.6000000238418579,0.6000000238418579,0.600000
amp_sustain,high,1.0,1.0,1.0,1.000000
amp_release,low,0.1,0.10000000149011612,0.23784200847148895,0.003200 secs
amp_release,middle,0.275,0.2750000059604645,0.6540655493736267,0.183014 secs
amp_release,high,0.45,0.44999998807907104,1.0702890157699585,1.312213 secs
filter_env_amount,low,0.5,0.5,0.0,0.000000
filter_env_amount,middle,0.53125,0.53125,0.0625,0.062500
filter_env_amount,high,0.5625,0.5625,0.125,0.125000
filter_env_attack,low,0.05,0.05000000074505806,0.11892100423574448,0.000200 secs
filter_env_attack,middle,0.19999999999999998,0.20000000298023224,0.4756840169429779,0.051201 secs
filter_env_attack,high,0.35,0.3499999940395355,0.8324470520019531,0.480205 secs
filter_env_decay,low,0.15,0.15000000596046448,0.3567630350589752,0.016200 secs
filter_env_decay,middle,0.275,0.2750000059604645,0.6540655493736267,0.183014 secs
filter_env_decay,high,0.4,0.4000000059604645,0.9513680338859558,0.819208 secs
filter_env_sustain,low,0.0,0.0,0.0,0.000000
filter_env_sustain,middle,0.5,0.5,0.5,0.500000
filter_env_sustain,high,1.0,1.0,1.0,1.000000
