sample_id,context,varied_parameter,point,audio_path,audio_sha256,peak,rms,dc_offset,has_dc_warning,is_silent,is_clipped,wave_frame,filter_cutoff,filter_resonance,filter_drive,amp_attack,amp_decay,amp_sustain,amp_release,filter_env_amount,filter_env_attack,filter_env_decay,filter_env_sustain
low_cutoff_wave_frame_low,low_cutoff,wave_frame,low,generation/test_renders/restricted_v2/low_cutoff_wave_frame_low.wav,9d6514bf6cab6208b6232b19553da177407826ca6668f32965f973f37bf541f6,0.15928630530834198,0.04842370578580364,-8.496375687717204e-06,False,False,False,0.0,0.35,0.2,0.0,0.1,0.3,0.8,0.3,0.5625,0.2,0.3,0.4
low_cutoff_wave_frame_middle,low_cutoff,wave_frame,middle,generation/test_renders/restricted_v2/low_cutoff_wave_frame_middle.wav,09d7081a1bd75d3439687210e75d1329a94ee006e24671b940e786cc4715ac0d,0.1877913624048233,0.05882311193313891,-8.74507095075367e-06,False,False,False,0.5,0.35,0.2,0.0,0.1,0.3,0.8,0.3,0.5625,0.2,0.3,0.4
low_cutoff_wave_frame_high,low_cutoff,wave_frame,high,generation/test_renders/restricted_v2/low_cutoff_wave_frame_high.wav,36fdb1a36d954d8d3f8935f856fb94c5d5ca465f6b8ccb87ae59f23b597ec5d0,0.12541429698467255,0.023648032768784303,-0.0028258290833454696,False,False,False,1.0,0.35,0.2,0.0,0.1,0.3,0.8,0.3,0.5625,0.2,0.3,0.4
low_cutoff_filter_cutoff_low,low_cutoff,filter_cutoff,low,generation/test_renders/restricted_v2/low_cutoff_filter_cutoff_low.wav,0b2fdd3483d5b9671097ec2711563764339b9b3533972e689ac24d8b1e2456a7,0.1265609711408615,0.026007874456960272,-6.951125453376209e-06,False,False,False,0.25,0.3,0.2,0.0,0.1,0.3,0.8,0.3,0.5625,0.2,0.3,0.4
low_cutoff_filter_cutoff_middle,low_cutoff,filter_cutoff,middle,generation/test_renders/restricted_v2/low_cutoff_filter_cutoff_middle.wav,dec869da69be50fabac1c7a78f48eb2d3cc7b984f6d8795bf8e35d7d1aa27aa3,0.15463657677173615,0.04830226413417408,-1.2544113389132975e-05,False,False,False,0.25,0.575,0.2,0.0,0.1,0.3,0.8,0.3,0.5625,0.2,0.3,0.4
low_cutoff_filter_cutoff_high,low_cutoff,filter_cutoff,high,generation/test_renders/restricted_v2/low_cutoff_filter_cutoff_high.wav,7e7f6ecb18bc3bae2c494e48caa5fb50363e2ac7cf581d174bbebf2f1016bfaf,0.1602853238582611,0.04787607569358798,-1.2829065619238288e-05,False,False,False,0.25,0.85,0.2,0.0,0.1,0.3,0.8,0.3,0.5625,0.2,0.3,0.4
low_cutoff_filter_resonance_low,low_cutoff,filter_resonance,low,generation/test_renders/restricted_v2/low_cutoff_filter_resonance_low.wav,fdca77e04d9d344297cdc817c5d8ce0f0b9f11d85915c60ae1afe64c9064b18b,0.12836246192455292,0.03307263877762938,-4.172961723728491e-08,False,False,False,0.25,0.35,0.0,0.0,0.1,0.3,0.8,0.3,0.5625,0.2,0.3,0.4
low_cutoff_filter_resonance_middle,low_cutoff,filter_resonance,middle,generation/test_renders/restricted_v2/low_cutoff_filter_resonance_middle.wav,e507260f1841d45853c03d4d2db97dcde8e85f6905ca1e523157673dfae34f00,0.14305375516414642,0.044822404883167175,-1.1430566369313904e-05,False,False,False,0.25,0.35,0.4,0.0,0.1,0.3,0.8,0.3,0.5625,0.2,0.3,0.4
low_cutoff_filter_resonance_high,low_cutoff,filter_resonance,high,generation/test_renders/restricted_v2/low_cutoff_filter_resonance_high.wav,b18fbcfc8e4a3685b3f2b15d5b0bd7d7528ead5263b6c697d373c7d6e66b1f38,0.1838199347257614,0.05723422398645587,-1.505864622212198e-05,False,False,False,0.25,0.35,0.8,0.0,0.1,0.3,0.8,0.3,0.5625,0.2,0.3,0.4
low_cutoff_filter_drive_low,low_cutoff,filter_drive,low,generation/test_renders/restricted_v2/low_cutoff_filter_drive_low.wav,02130968902df45d1907b8f8c9e01fca7eb26bf001f3308104c85d42e0a97f0b,0.13624374568462372,0.04084110180137015,-8.856898975785255e-06,False,False,False,0.25,0.35,0.2,0.0,0.1,0.3,0.8,0.3,0.5625,0.2,0.3,0.4
low_cutoff_filter_drive_middle,low_cutoff,filter_drive,middle,generation/test_renders/restricted_v2/low_cutoff_filter_drive_middle.wav,60f79ca9a9db0f30ae8e45459b50da20c7319f132b25faa00ebba7355a6ff4ff,0.16709183156490326,0.04721158116416522,-1.1706233286601111e-05,False,False,False,0.25,0.35,0.2,0.375,0.1,0.3,0.8,0.3,0.5625,0.2,0.3,0.4
low_cutoff_filter_drive_high,low_cutoff,filter_drive,high,generation/test_renders/restricted_v2/low_cutoff_filter_drive_high.wav,573e34d8437dcd85ddf94cebabb7a66c575210795251363f027d1cd4988422af,0.14995799958705902,0.04069546942429185,-1.1549282700759675e-05,False,False,False,0.25,0.35,0.2,0.75,0.1,0.3,0.8,0.3,0.5625,0.2,0.3,0.4
low_cutoff_amp_attack_low,low_cutoff,amp_attack,low,generation/test_renders/restricted_v2/low_cutoff_amp_attack_low.wav,532d06e35092082d0aceb2c4880a54dcc1648f9a3f3afc286ce30f5ac2a2f90c,0.1351044476032257,0.0408172368127418,2.6579323218096087e-05,False,False,False,0.25,0.35,0.2,0.0,0.05,0.3,0.8,0.3,0.5625,0.2,0.3,0.4
low_cutoff_amp_attack_middle,low_cutoff,amp_attack,middle,generation/test_renders/restricted_v2/low_cutoff_amp_attack_middle.wav,60d5bbfa6e47f9ef1be9e94aac4647a66f186c1bee9977b809b93ab3dc6d3ab9,0.15590770542621613,0.04058055571030849,-6.336323185542711e-07,False,False,False,0.25,0.35,0.2,0.0,0.19999999999999998,0.3,0.8,0.3,0.5625,0.2,0.3,0.4
low_cutoff_amp_attack_high,low_cutoff,amp_attack,high,generation/test_renders/restricted_v2/low_cutoff_amp_attack_high.wav,28c0360a8c33572e2abf9ed9e2af69133fcf22d75eb05bd5b01dffa9f79ce9aa,0.1159403845667839,0.0359560631565175,-9.654598769494164e-07,False,False,False,0.25,0.35,0.2,0.0,0.35,0.3,0.8,0.3,0.5625,0.2,0.3,0.4
low_cutoff_amp_decay_low,low_cutoff,amp_decay,low,generation/test_renders/restricted_v2/low_cutoff_amp_decay_low.wav,86182004d403afff3b24ac090e56e8d9f722fe77ef2822f2dc18f6455295f109,0.11421148478984833,0.03902252199479912,-9.020426657153597e-06,False,False,False,0.25,0.35,0.2,0.0,0.1,0.15,0.8,0.3,0.5625,0.2,0.3,0.4
low_cutoff_amp_decay_middle,low_cutoff,amp_decay,middle,generation/test_renders/restricted_v2/low_cutoff_amp_decay_middle.wav,e0ad838fbf2bf1a6f19fc7b04d479b532b58b839d9627f5c4f3b65d5502c7e0d,0.13070863485336304,0.04028308567949698,-8.844896197567719e-06,False,False,False,0.25,0.35,0.2,0.0,0.1,0.275,0.8,0.3,0.5625,0.2,0.3,0.4
low_cutoff_amp_decay_high,low_cutoff,amp_decay,high,generation/test_renders/restricted_v2/low_cutoff_amp_decay_high.wav,4af1197f23914c046a2870353ce6f0b2eb0a11f715fd746d155f847a80dc720e,0.14869998395442963,0.04404233417265878,-8.93892603604305e-06,False,False,False,0.25,0.35,0.2,0.0,0.1,0.4,0.8,0.3,0.5625,0.2,0.3,0.4
low_cutoff_amp_sustain_low,low_cutoff,amp_sustain,low,generation/test_renders/restricted_v2/low_cutoff_amp_sustain_low.wav,2af37d2cfadb9e44fac71b2e9ce3bf787028687fe965805cb4dd75406d3571ab,0.11708982288837433,0.011028136031843133,-7.792934928442482e-06,False,False,False,0.25,0.35,0.2,0.0,0.1,0.3,0.2,0.3,0.5625,0.2,0.3,0.4
low_cutoff_amp_sustain_middle,low_cutoff,amp_sustain,middle,generation/test_renders/restricted_v2/low_cutoff_amp_sustain_middle.wav,3da2b396ea6193bd980a6adc8887fc5d6978f4ce5ded52feb7ba338e4bb51968,0.12198975682258606,0.025736869217180984,-8.366480429322431e-06,False,False,False,0.25,0.35,0.2,0.0,0.1,0.3,0.6,0.3,0.5625,0.2,0.3,0.4
low_cutoff_amp_sustain_high,low_cutoff,amp_sustain,high,generation/test_renders/restricted_v2/low_cutoff_amp_sustain_high.wav,bd5262f356877931c0e68fa8c2682df2f1f75d13268049c44eb699e820d50288,0.15658624470233917,0.0608186367762773,-9.48312878669278e-06,False,False,False,0.25,0.35,0.2,0.0,0.1,0.3,1.0,0.3,0.5625,0.2,0.3,0.4
low_cutoff_amp_release_low,low_cutoff,amp_release,low,generation/test_renders/restricted_v2/low_cutoff_amp_release_low.wav,ddfa2f9eb7a9b31a575a9ce1a7ca90f73aa9a73389806fbbf3b246dc14be7695,0.13624374568462372,0.04058545888813083,1.399788882210076e-06,False,False,False,0.25,0.35,0.2,0.0,0.1,0.3,0.8,0.1,0.5625,0.2,0.3,0.4
low_cutoff_amp_release_middle,low_cutoff,amp_release,middle,generation/test_renders/restricted_v2/low_cutoff_amp_release_middle.wav,dddfe780740b73f7c4b26ff063cb3a2e2e15415e8662d2b8927276dd6c20cc83,0.13624374568462372,0.04077300810997866,-8.785668803593952e-06,False,False,False,0.25,0.35,0.2,0.0,0.1,0.3,0.8,0.275,0.5625,0.2,0.3,0.4
low_cutoff_amp_release_high,low_cutoff,amp_release,high,generation/test_renders/restricted_v2/low_cutoff_amp_release_high.wav,070d8023a62872fedfec448b99c021087f499bc15a1b151426651a24e4d08d47,0.13624374568462372,0.04147269159765477,-9.102940350680822e-06,False,False,False,0.25,0.35,0.2,0.0,0.1,0.3,0.8,0.45,0.5625,0.2,0.3,0.4
low_cutoff_filter_env_amount_low,low_cutoff,filter_env_amount,low,generation/test_renders/restricted_v2/low_cutoff_filter_env_amount_low.wav,fffe81e206a40def63f2ea54c704a2249ef4d4a86bc49e25e54858268e682d15,0.11277355253696442,0.022597114190021136,-7.913718582449236e-06,False,False,False,0.25,0.35,0.2,0.0,0.1,0.3,0.8,0.3,0.5,0.2,0.3,0.4
low_cutoff_filter_env_amount_middle,low_cutoff,filter_env_amount,middle,generation/test_renders/restricted_v2/low_cutoff_filter_env_amount_middle.wav,1ebd5c8dcdaa93e914449915ee613a973a6b83a858ce4c26852e2d7f37bdb00a,0.11595810949802399,0.03217020922572504,-8.417147616680351e-06,False,False,False,0.25,0.35,0.2,0.0,0.1,0.3,0.8,0.3,0.53125,0.2,0.3,0.4
low_cutoff_filter_env_amount_high,low_cutoff,filter_env_amount,high,generation/test_renders/restricted_v2/low_cutoff_filter_env_amount_high.wav,02130968902df45d1907b8f8c9e01fca7eb26bf001f3308104c85d42e0a97f0b,0.13624374568462372,0.04084110180137015,-8.856898975785255e-06,False,False,False,0.25,0.35,0.2,0.0,0.1,0.3,0.8,0.3,0.5625,0.2,0.3,0.4
low_cutoff_filter_env_attack_low,low_cutoff,filter_env_attack,low,generation/test_renders/restricted_v2/low_cutoff_filter_env_attack_low.wav,8041d5d69dbadbbe85b7788f0011d669a1c249a2802f25ec5358b925ffdf1cc0,0.15770213305950165,0.04070663936253002,-1.4958302081312028e-05,False,False,False,0.25,0.35,0.2,0.0,0.1,0.3,0.8,0.3,0.5625,0.05,0.3,0.4
low_cutoff_filter_env_attack_middle,low_cutoff,filter_env_attack,middle,generation/test_renders/restricted_v2/low_cutoff_filter_env_attack_middle.wav,02130968902df45d1907b8f8c9e01fca7eb26bf001f3308104c85d42e0a97f0b,0.13624374568462372,0.04084110180137015,-8.856898975785255e-06,False,False,False,0.25,0.35,0.2,0.0,0.1,0.3,0.8,0.3,0.5625,0.19999999999999998,0.3,0.4
low_cutoff_filter_env_attack_high,low_cutoff,filter_env_attack,high,generation/test_renders/restricted_v2/low_cutoff_filter_env_attack_high.wav,9cf106e7b9e89696620e14f9a06f325a05bf46858046112bd6b3cb421c0d85c0,0.11332366615533829,0.04048529020585774,-8.33703372039186e-06,False,False,False,0.25,0.35,0.2,0.0,0.1,0.3,0.8,0.3,0.5625,0.35,0.3,0.4
low_cutoff_filter_env_decay_low,low_cutoff,filter_env_decay,low,generation/test_renders/restricted_v2/low_cutoff_filter_env_decay_low.wav,2df63c6db6b4b4523d02606475b7c0e81c4b7d053cd4645a13be2cf7bc9581a3,0.13624374568462372,0.03964352331626667,-9.220843506957065e-06,False,False,False,0.25,0.35,0.2,0.0,0.1,0.3,0.8,0.3,0.5625,0.2,0.15,0.4
low_cutoff_filter_env_decay_middle,low_cutoff,filter_env_decay,middle,generation/test_renders/restricted_v2/low_cutoff_filter_env_decay_middle.wav,4b4a3916879c156260f6736d366dec9bef39ecb900e26de08f99e8eaf82c0c66,0.13624374568462372,0.04050958607615134,-8.876904167689758e-06,False,False,False,0.25,0.35,0.2,0.0,0.1,0.3,0.8,0.3,0.5625,0.2,0.275,0.4
low_cutoff_filter_env_decay_high,low_cutoff,filter_env_decay,high,generation/test_renders/restricted_v2/low_cutoff_filter_env_decay_high.wav,d781459f6f93a6126a689fa8821b795a91c48d7813290f7d516ee0e53bd794aa,0.13624374568462372,0.04297866337992421,-8.7915289746673e-06,False,False,False,0.25,0.35,0.2,0.0,0.1,0.3,0.8,0.3,0.5625,0.2,0.4,0.4
low_cutoff_filter_env_sustain_low,low_cutoff,filter_env_sustain,low,generation/test_renders/restricted_v2/low_cutoff_filter_env_sustain_low.wav,070c4cf68b0c64c4d5686069407929ef7b55f4325d71f0bc47abbcdd11e044f2,0.13624374568462372,0.027832137922299903,-8.574567635943594e-06,False,False,False,0.25,0.35,0.2,0.0,0.1,0.3,0.8,0.3,0.5625,0.2,0.3,0.0
low_cutoff_filter_env_sustain_middle,low_cutoff,filter_env_sustain,middle,generation/test_renders/restricted_v2/low_cutoff_filter_env_sustain_middle.wav,0a1c9f187901fc8fb0a7e0d5860a21f63c6c5c10e3b8a3a5d13ce4160cbb6449,0.13624374568462372,0.04387201242476832,-8.862974330259344e-06,False,False,False,0.25,0.35,0.2,0.0,0.1,0.3,0.8,0.3,0.5625,0.2,0.3,0.5
low_cutoff_filter_env_sustain_high,low_cutoff,filter_env_sustain,high,generation/test_renders/restricted_v2/low_cutoff_filter_env_sustain_high.wav,26db3cf21f986e5d2e127bb28170f184e9e5740230fa4e6975a7895822f8c514,0.13624374568462372,0.050320340224047966,-8.700906679567513e-06,False,False,False,0.25,0.35,0.2,0.0,0.1,0.3,0.8,0.3,0.5625,0.2,0.3,1.0
middle_cutoff_wave_frame_low,middle_cutoff,wave_frame,low,generation/test_renders/restricted_v2/middle_cutoff_wave_frame_low.wav,422deb9d8545a3e47aac1a85780fee644e1d6d4293f810f11d1e88364b01bd7c,0.17624759674072266,0.0599097766091696,-1.2892804349121935e-05,False,False,False,0.0,0.5,0.2,0.0,0.1,0.3,0.8,0.3,0.5625,0.2,0.3,0.4
middle_cutoff_wave_frame_middle,middle_cutoff,wave_frame,middle,generation/test_renders/restricted_v2/middle_cutoff_wave_frame_middle.wav,e2888b7a4254a8d8d73a4730132dd1785c4fb5580ff613a52a1b2fe5a180d480,0.20208297669887543,0.07725377812948028,-1.492635147152591e-05,False,False,False,0.5,0.5,0.2,0.0,0.1,0.3,0.8,0.3,0.5625,0.2,0.3,0.4
middle_cutoff_wave_frame_high,middle_cutoff,wave_frame,high,generation/test_renders/restricted_v2/middle_cutoff_wave_frame_high.wav,2a06e9adc9e6c95b3a8718d15aa7923bdbe1601cb49f33c07c5f92f36bd102bc,0.24362926185131073,0.03916558493758933,-0.0030565537243368588,False,False,False,1.0,0.5,0.2,0.0,0.1,0.3,0.8,0.3,0.5625,0.2,0.3,0.4
middle_cutoff_filter_cutoff_low,middle_cutoff,filter_cutoff,low,generation/test_renders/restricted_v2/middle_cutoff_filter_cutoff_low.wav,368a47d4af40cfad1d8d7d7ec7180775623cb0e3215c94a0b0af7d915508bb41,0.17679686844348907,0.0379508483377114,-5.963560396237886e-06,False,False,False,0.5,0.3,0.2,0.0,0.1,0.3,0.8,0.3,0.5625,0.2,0.3,0.4
middle_cutoff_filter_cutoff_middle,middle_cutoff,filter_cutoff,middle,generation/test_renders/restricted_v2/middle_cutoff_filter_cutoff_middle.wav,3ed2c49b764333b8ed72e8c108ffcd8681c440dffd3fe8d7310f2624840fc9ee,0.2026323527097702,0.07897455332674844,-1.671908798541374e-05,False,False,False,0.5,0.575,0.2,0.0,0.1,0.3,0.8,0.3,0.5625,0.2,0.3,0.4
middle_cutoff_filter_cutoff_high,middle_cutoff,filter_cutoff,high,generation/test_renders/restricted_v2/middle_cutoff_filter_cutoff_high.wav,a6a08d45302a2f6300af2f14951a28904500b27635e5dc1aef06c236c0bc47ae,0.2040410339832306,0.08127107207432162,-1.8129323583483107e-05,False,False,False,0.5,0.85,0.2,0.0,0.1,0.3,0.8,0.3,0.5625,0.2,0.3,0.4
middle_cutoff_filter_resonance_low,middle_cutoff,filter_resonance,low,generation/test_renders/restricted_v2/middle_cutoff_filter_resonance_low.wav,490153f0bc3820eda463ffac81a56d6c4afa74460b8a0f11dbf9b14859408c26,0.21305762231349945,0.08978234454811831,-4.807429453902299e-06,False,False,False,0.5,0.5,0.0,0.0,0.1,0.3,0.8,0.3,0.5625,0.2,0.3,0.4
middle_cutoff_filter_resonance_middle,middle_cutoff,filter_resonance,middle,generation/test_renders/restricted_v2/middle_cutoff_filter_resonance_middle.wav,ee0e2ba5f1028b45e4f10a988e937dc7e42dc76657bed32ce9cb056930740acc,0.20084168016910553,0.06529906933217516,-1.754110123980412e-05,False,False,False,0.5,0.5,0.4,0.0,0.1,0.3,0.8,0.3,0.5625,0.2,0.3,0.4
middle_cutoff_filter_resonance_high,middle_cutoff,filter_resonance,high,generation/test_renders/restricted_v2/middle_cutoff_filter_resonance_high.wav,8a5191750d9c850c009b3d9bc6dbf6b62268881b6a76dcad20a29ea2e9f20885,0.21943478286266327,0.0562752119679301,-2.0133444351001847e-05,False,False,False,0.5,0.5,0.8,0.0,0.1,0.3,0.8,0.3,0.5625,0.2,0.3,0.4
middle_cutoff_filter_drive_low,middle_cutoff,filter_drive,low,generation/test_renders/restricted_v2/middle_cutoff_filter_drive_low.wav,e2888b7a4254a8d8d73a4730132dd1785c4fb5580ff613a52a1b2fe5a180d480,0.20208297669887543,0.07725377812948028,-1.492635147152591e-05,False,False,False,0.5,0.5,0.2,0.0,0.1,0.3,0.8,0.3,0.5625,0.2,0.3,0.4
middle_cutoff_filter_drive_middle,middle_cutoff,filter_drive,middle,generation/test_renders/restricted_v2/middle_cutoff_filter_drive_middle.wav,dbe656857ecb085ae2a8c6e0b72f903d19a792a92cd3e74e3d8e77cc4e049680,0.2262016385793686,0.09433201581040981,-1.0876966530789777e-05,False,False,False,0.5,0.5,0.2,0.375,0.1,0.3,0.8,0.3,0.5625,0.2,0.3,0.4
middle_cutoff_filter_drive_high,middle_cutoff,filter_drive,high,generation/test_renders/restricted_v2/middle_cutoff_filter_drive_high.wav,f20aaea6cd697296570fb494d0fbb8ae2efca93e12fba0e9a2dd3592ee268973,0.18910661339759827,0.07989155926930827,-4.925586807958713e-06,False,False,False,0.5,0.5,0.2,0.75,0.1,0.3,0.8,0.3,0.5625,0.2,0.3,0.4
middle_cutoff_amp_attack_low,middle_cutoff,amp_attack,low,generation/test_renders/restricted_v2/middle_cutoff_amp_attack_low.wav,cb759a0dea9c4e9d0a41abac7e07b63688bf322b23a59428b7b950c75d68419a,0.19997604191303253,0.07723591029008989,5.396224581651803e-05,False,False,False,0.5,0.5,0.2,0.0,0.05,0.3,0.8,0.3,0.5625,0.2,0.3,0.4
middle_cutoff_amp_attack_middle,middle_cutoff,amp_attack,middle,generation/test_renders/restricted_v2/middle_cutoff_amp_attack_middle.wav,5649159f06ad224f3c7e1c9889c98dc2a725eea2e45912ae2982a0c218e1e98a,0.20162364840507507,0.07678859327095683,7.121177746307028e-07,False,False,False,0.5,0.5,0.2,0.0,0.19999999999999998,0.3,0.8,0.3,0.5625,0.2,0.3,0.4
middle_cutoff_amp_attack_high,middle_cutoff,amp_attack,high,generation/test_renders/restricted_v2/middle_cutoff_amp_attack_high.wav,75366924b345a3c1c07a9be3fd720702963dfcb45ade950a755615ca5cd01dbc,0.20169146358966827,0.07119075317983478,-1.754305854427453e-07,False,False,False,0.5,0.5,0.2,0.0,0.35,0.3,0.8,0.3,0.5625,0.2,0.3,0.4
middle_cutoff_amp_decay_low,middle_cutoff,amp_decay,low,generation/test_renders/restricted_v2/middle_cutoff_amp_decay_low.wav,779c5e2c1eb0407b97ca171b2cbd8baac84cabdafd18f817847195dc0d309d86,0.19585196673870087,0.07474943657310587,-1.5805794725367195e-05,False,False,False,0.5,0.5,0.2,0.0,0.1,0.15,0.8,0.3,0.5625,0.2,0.3,0.4
middle_cutoff_amp_decay_middle,middle_cutoff,amp_decay,middle,generation/test_renders/restricted_v2/middle_cutoff_amp_decay_middle.wav,26b1245d54a29ea4131dcfec5d813c26d5d88f4fc22beadcd0f4c2865d3d6350,0.20183323323726654,0.07646863756815507,-1.4942408077117227e-05,False,False,False,0.5,0.5,0.2,0.0,0.1,0.275,0.8,0.3,0.5625,0.2,0.3,0.4
middle_cutoff_amp_decay_high,middle_cutoff,amp_decay,high,generation/test_renders/restricted_v2/middle_cutoff_amp_decay_high.wav,400170d7689e7fc910ba89510b9a4589231984d11aca7303827272ed45dcc497,0.2032894641160965,0.08273741400627445,-1.4899513924756854e-05,False,False,False,0.5,0.5,0.2,0.0,0.1,0.4,0.8,0.3,0.5625,0.2,0.3,0.4
middle_cutoff_amp_sustain_low,middle_cutoff,amp_sustain,low,generation/test_renders/restricted_v2/middle_cutoff_amp_sustain_low.wav,59deb543d0c9f9fb680aa22f2db5bd006c3b86380e35bccbbc926a0d9b3ff575,0.2007112205028534,0.018314614009882855,-1.5015204956126772e-05,False,False,False,0.5,0.5,0.2,0.0,0.1,0.3,0.2,0.3,0.5625,0.2,0.3,0.4
middle_cutoff_amp_sustain_middle,middle_cutoff,amp_sustain,middle,generation/test_renders/restricted_v2/middle_cutoff_amp_sustain_middle.wav,bfa2e872d8adbd252362fa9b0a7aa3114c5aa01cdfae569260c752d868e8c8ee,0.2015790343284607,0.047397732092690215,-1.494220020492708e-05,False,False,False,0.5,0.5,0.2,0.0,0.1,0.3,0.6,0.3,0.5625,0.2,0.3,0.4
middle_cutoff_amp_sustain_high,middle_cutoff,amp_sustain,high,generation/test_renders/restricted_v2/middle_cutoff_amp_sustain_high.wav,2f14f0bef471a6d59013d3ffc16e6ab6ab7fa471ce278ed1dacbde18820c387c,0.20394070446491241,0.1165387930862981,-1.4924276369763419e-05,False,False,False,0.5,0.5,0.2,0.0,0.1,0.3,1.0,0.3,0.5625,0.2,0.3,0.4
middle_cutoff_amp_release_low,middle_cutoff,amp_release,low,generation/test_renders/restricted_v2/middle_cutoff_amp_release_low.wav,aa868d928b0288a078afafbb4928ecffdfb5cb2a49fea223583d0a2d2cb52cfd,0.20208297669887543,0.07662703600573426,-4.3720215310236425e-06,False,False,False,0.5,0.5,0.2,0.0,0.1,0.3,0.8,0.1,0.5625,0.2,0.3,0.4
middle_cutoff_amp_release_middle,middle_cutoff,amp_release,middle,generation/test_renders/restricted_v2/middle_cutoff_amp_release_middle.wav,dd624c59c87f6eaa9991459e8dbe67a1521d7dea998ef855593a611005b124dd,0.20208297669887543,0.07706931457444494,-1.494413224134225e-05,False,False,False,0.5,0.5,0.2,0.0,0.1,0.3,0.8,0.275,0.5625,0.2,0.3,0.4
middle_cutoff_amp_release_high,middle_cutoff,amp_release,high,generation/test_renders/restricted_v2/middle_cutoff_amp_release_high.wav,565544b5abaf69592f650c7b81a7c6ae391cd1b46344e1453db5b9547e095845,0.20208297669887543,0.079734706656125,-1.4888001807513852e-05,False,False,False,0.5,0.5,0.2,0.0,0.1,0.3,0.8,0.45,0.5625,0.2,0.3,0.4
middle_cutoff_filter_env_amount_low,middle_cutoff,filter_env_amount,low,generation/test_renders/restricted_v2/middle_cutoff_filter_env_amount_low.wav,6679518a7b7d557409a956951914be45c9eff5b24cb2acf9dfada1e0554ec4c2,0.20083068311214447,0.07585235840276713,-1.4499892477166956e-05,False,False,False,0.5,0.5,0.2,0.0,0.1,0.3,0.8,0.3,0.5,0.2,0.3,0.4
middle_cutoff_filter_env_amount_middle,middle_cutoff,filter_env_amount,middle,generation/test_renders/restricted_v2/middle_cutoff_filter_env_amount_middle.wav,df510976764b6b3e9b93969c41579ffd8100e4863b5e8978c7010481bebf946b,0.20184899866580963,0.07650847116073792,-1.4750373708704898e-05,False,False,False,0.5,0.5,0.2,0.0,0.1,0.3,0.8,0.3,0.53125,0.2,0.3,0.4
middle_cutoff_filter_env_amount_high,middle_cutoff,filter_env_amount,high,generation/test_renders/restricted_v2/middle_cutoff_filter_env_amount_high.wav,e2888b7a4254a8d8d73a4730132dd1785c4fb5580ff613a52a1b2fe5a180d480,0.20208297669887543,0.07725377812948028,-1.492635147152591e-05,False,False,False,0.5,0.5,0.2,0.0,0.1,0.3,0.8,0.3,0.5625,0.2,0.3,0.4
middle_cutoff_filter_env_attack_low,middle_cutoff,filter_env_attack,low,generation/test_renders/restricted_v2/middle_cutoff_filter_env_attack_low.wav,b52a380ba0fd7bdaa31ce6b722fd2a76ad716d1bfb137ea07d6c582638abb049,0.20092517137527466,0.07729658828720176,-1.925879245135289e-05,False,False,False,0.5,0.5,0.2,0.0,0.1,0.3,0.8,0.3,0.5625,0.05,0.3,0.4
middle_cutoff_filter_env_attack_middle,middle_cutoff,filter_env_attack,middle,generation/test_renders/restricted_v2/middle_cutoff_filter_env_attack_middle.wav,e2888b7a4254a8d8d73a4730132dd1785c4fb5580ff613a52a1b2fe5a180d480,0.20208297669887543,0.07725377812948028,-1.492635147152591e-05,False,False,False,0.5,0.5,0.2,0.0,0.1,0.3,0.8,0.3,0.5625,0.19999999999999998,0.3,0.4
middle_cutoff_filter_env_attack_high,middle_cutoff,filter_env_attack,high,generation/test_renders/restricted_v2/middle_cutoff_filter_env_attack_high.wav,7eeb8abe9a8b06c0eca440649be35cf0d32c05f53fdd98682ec97ce2ad6efa98,0.2010994553565979,0.07718356089827527,-1.463783015445581e-05,False,False,False,0.5,0.5,0.2,0.0,0.1,0.3,0.8,0.3,0.5625,0.35,0.3,0.4
middle_cutoff_filter_env_decay_low,middle_cutoff,filter_env_decay,low,generation/test_renders/restricted_v2/middle_cutoff_filter_env_decay_low.wav,6095a7b37c400967a8929005dbf47f453a83064de6d4c311ac15d71820c87deb,0.20208297669887543,0.07710748722273172,-1.5132594218445423e-05,False,False,False,0.5,0.5,0.2,0.0,0.1,0.3,0.8,0.3,0.5625,0.2,0.15,0.4
middle_cutoff_filter_env_decay_middle,middle_cutoff,filter_env_decay,middle,generation/test_renders/restricted_v2/middle_cutoff_filter_env_decay_middle.wav,e96a9e3e4c8923251f926a587eb5b66276d41b9a58ab0005b49cdc970c3cfe5c,0.20208297669887543,0.07721412175771208,-1.4933794183309415e-05,False,False,False,0.5,0.5,0.2,0.0,0.1,0.3,0.8,0.3,0.5625,0.2,0.275,0.4
middle_cutoff_filter_env_decay_high,middle_cutoff,filter_env_decay,high,generation/test_renders/restricted_v2/middle_cutoff_filter_env_decay_high.wav,b558b1e09e3ce06efd265e29d747b47a7f9a4c793c211e0ea0b5258a3cded3a3,0.20208297669887543,0.07750796816909727,-1.4907920045333577e-05,False,False,False,0.5,0.5,0.2,0.0,0.1,0.3,0.8,0.3,0.5625,0.2,0.4,0.4
middle_cutoff_filter_env_sustain_low,middle_cutoff,filter_env_sustain,low,generation/test_renders/restricted_v2/middle_cutoff_filter_env_sustain_low.wav,8ee36ce555e31c14acd30928a7330ee885260a17820b82523d18d92c6d0e01bd,0.20208297669887543,0.0762629588591516,-1.4845371987236425e-05,False,False,False,0.5,0.5,0.2,0.0,0.1,0.3,0.8,0.3,0.5625,0.2,0.3,0.0
middle_cutoff_filter_env_sustain_middle,middle_cutoff,filter_env_sustain,middle,generation/test_renders/restricted_v2/middle_cutoff_filter_env_sustain_middle.wav,e1e22a2d709ce71fc76c9fdbd3c34ec68711ddca7b0605ad1b5618c339724181,0.20208297669887543,0.07756512625462095,-1.493943635705789e-05,False,False,False,0.5,0.5,0.2,0.0,0.1,0.3,0.8,0.3,0.5625,0.2,0.3,0.5
middle_cutoff_filter_env_sustain_high,middle_cutoff,filter_env_sustain,high,generation/test_renders/restricted_v2/middle_cutoff_filter_env_sustain_high.wav,ad86232cff11b24ad15244ce1715645539380799f86154182988a7c50655cf88,0.20208297669887543,0.07879325223880845,-1.497568660238405e-05,False,False,False,0.5,0.5,0.2,0.0,0.1,0.3,0.8,0.3,0.5625,0.2,0.3,1.0
high_cutoff_wave_frame_low,high_cutoff,wave_frame,low,generation/test_renders/restricted_v2/high_cutoff_wave_frame_low.wav,2d5c366d22f4740cee22052f67eee5cbdd3109b915565a2ad1cf1dea12e894a8,0.18299756944179535,0.05826939157508243,-1.5097957476692832e-05,False,False,False,0.0,0.75,0.2,0.0,0.1,0.3,0.8,0.3,0.5625,0.2,0.3,0.4
high_cutoff_wave_frame_middle,high_cutoff,wave_frame,middle,generation/test_renders/restricted_v2/high_cutoff_wave_frame_middle.wav,69cf49a517aedf5fb5a05d7a93cc2bbe0d564c1747da99940f56d626a9b3e44d,0.20273642241954803,0.08078801455189567,-1.8220928403971687e-05,False,False,False,0.5,0.75,0.2,0.0,0.1,0.3,0.8,0.3,0.5625,0.2,0.3,0.4
high_cutoff_wave_frame_high,high_cutoff,wave_frame,high,generation/test_renders/restricted_v2/high_cutoff_wave_frame_high.wav,6d4db002e4e7902fd9bb8313cf78d3b9feaaaa3254e35fdd8a18f108cf1fe488,0.2777796983718872,0.04928860283252202,-0.0016775309988242078,False,False,False,1.0,0.75,0.2,0.0,0.1,0.3,0.8,0.3,0.5625,0.2,0.3,0.4
high_cutoff_filter_cutoff_low,high_cutoff,filter_cutoff,low,generation/test_renders/restricted_v2/high_cutoff_filter_cutoff_low.wav,a5d1971ff6e6b1b69008955b3750e43a4a18d1345925bb9a0585c1872efb8c37,0.13194479048252106,0.022732348611744967,-0.0022333739111280097,False,False,False,0.8,0.3,0.2,0.0,0.1,0.3,0.8,0.3,0.5625,0.2,0.3,0.4
high_cutoff_filter_cutoff_middle,high_cutoff,filter_cutoff,middle,generation/test_renders/restricted_v2/high_cutoff_filter_cutoff_middle.wav,599845bef176067e9990cebb27cb06e3cff4199db1986620b3e7d08dc3c341f3,0.24636943638324738,0.05309009237002426,-0.0022494151738200368,False,False,False,0.8,0.575,0.2,0.0,0.1,0.3,0.8,0.3,0.5625,0.2,0.3,0.4
high_cutoff_filter_cutoff_high,high_cutoff,filter_cutoff,high,generation/test_renders/restricted_v2/high_cutoff_filter_cutoff_high.wav,46e31c0d250d4c02a250c9bb2d80ec2d281282cf33bdde270420d93d5f85212a,0.26783618330955505,0.056843396860100176,-0.0012073988021965901,False,False,False,0.8,0.85,0.2,0.0,0.1,0.3,0.8,0.3,0.5625,0.2,0.3,0.4
high_cutoff_filter_resonance_low,high_cutoff,filter_resonance,low,generation/test_renders/restricted_v2/high_cutoff_filter_resonance_low.wav,f2b415ba6060c1847447c0b95a7bb2aafe6f81b5cfae46d0ca3352cb2ad22a5c,0.30201178789138794,0.07234573535577687,-0.0030087211464078904,False,False,False,0.8,0.75,0.0,0.0,0.1,0.3,0.8,0.3,0.5625,0.2,0.3,0.4
high_cutoff_filter_resonance_middle,high_cutoff,filter_resonance,middle,generation/test_renders/restricted_v2/high_cutoff_filter_resonance_middle.wav,7f5622eda95e3297d5eac4004daf897ee49ad1300b25dea5cbe2409514a7dd53,0.24039222300052643,0.0455575052325351,-0.0008138264867889396,False,False,False,0.8,0.75,0.4,0.0,0.1,0.3,0.8,0.3,0.5625,0.2,0.3,0.4
high_cutoff_filter_resonance_high,high_cutoff,filter_resonance,high,generation/test_renders/restricted_v2/high_cutoff_filter_resonance_high.wav,ad908a7e2281b79622f4fb08437e52b83794b295f80ca2727e7693d00289a513,0.2323886752128601,0.035187681585583476,-0.000467698939393488,False,False,False,0.8,0.75,0.8,0.0,0.1,0.3,0.8,0.3,0.5625,0.2,0.3,0.4
high_cutoff_filter_drive_low,high_cutoff,filter_drive,low,generation/test_renders/restricted_v2/high_cutoff_filter_drive_low.wav,2c6308f4a759101ef4cbf57290c92da795b4c14949a413956a52f1d5b78aa9ee,0.2625484764575958,0.05613765257746386,-0.001422686358443566,False,False,False,0.8,0.75,0.2,0.0,0.1,0.3,0.8,0.3,0.5625,0.2,0.3,0.4
high_cutoff_filter_drive_middle,high_cutoff,filter_drive,middle,generation/test_renders/restricted_v2/high_cutoff_filter_drive_middle.wav,275b432b15b85c09e759d0d5dc33e981fb2c61289ef1b68bf6652ff8aa081770,0.26517462730407715,0.07013877454901347,-0.00726527495258408,True,False,False,0.8,0.75,0.2,0.375,0.1,0.3,0.8,0.3,0.5625,0.2,0.3,0.4
high_cutoff_filter_drive_high,high_cutoff,filter_drive,high,generation/test_renders/restricted_v2/high_cutoff_filter_drive_high.wav,f13858ebeb18e69cc51722d48e00118344458e108722d649d26f6dca732e9570,0.19131654500961304,0.07338434494436248,-0.01923043430533275,True,False,False,0.8,0.75,0.2,0.75,0.1,0.3,0.8,0.3,0.5625,0.2,0.3,0.4
high_cutoff_amp_attack_low,high_cutoff,amp_attack,low,generation/test_renders/restricted_v2/high_cutoff_amp_attack_low.wav,b9c2fa63516bcebb6a0a4c1bbc3258a3a35736de48ca70f7e2016333c6d38ecd,0.2600317597389221,0.05615231551211862,-0.001388590138552707,False,False,False,0.8,0.75,0.2,0.0,0.05,0.3,0.8,0.3,0.5625,0.2,0.3,0.4
high_cutoff_amp_attack_middle,high_cutoff,amp_attack,middle,generation/test_renders/restricted_v2/high_cutoff_amp_attack_middle.wav,6c6b9f535741d72617375025b2ecd15759b09f7d7c693122f9b9a3c12a1a1af3,0.28045397996902466,0.05586587061140971,-0.0013725967020468874,False,False,False,0.8,0.75,0.2,0.0,0.19999999999999998,0.3,0.8,0.3,0.5625,0.2,0.3,0.4
high_cutoff_amp_attack_high,high_cutoff,amp_attack,high,generation/test_renders/restricted_v2/high_cutoff_amp_attack_high.wav,73a19ee8fd169701fc3f75b246f465117496a9755793ab088d8aad1a5b5024de,0.28056055307388306,0.05188855806213685,-0.0011982727203623809,False,False,False,0.8,0.75,0.2,0.0,0.35,0.3,0.8,0.3,0.5625,0.2,0.3,0.4
high_cutoff_amp_decay_low,high_cutoff,amp_decay,low,generation/test_renders/restricted_v2/high_cutoff_amp_decay_low.wav,c2ec7f94cdb9a06f4a7a6100b04c107e6f51a1b08c5f3a0f77ed7c02ee34b203,0.18513630330562592,0.05437015675172171,-0.00137963641586523,False,False,False,0.8,0.75,0.2,0.0,0.1,0.15,0.8,0.3,0.5625,0.2,0.3,0.4
high_cutoff_amp_decay_middle,high_cutoff,amp_decay,middle,generation/test_renders/restricted_v2/high_cutoff_amp_decay_middle.wav,60873944217db22ce815d60d5fa34695ee95705bdd544e455805489645de78fd,0.2569493353366852,0.055575743961167275,-0.0014105709686438297,False,False,False,0.8,0.75,0.2,0.0,0.1,0.275,0.8,0.3,0.5625,0.2,0.3,0.4
high_cutoff_amp_decay_high,high_cutoff,amp_decay,high,generation/test_renders/restricted_v2/high_cutoff_amp_decay_high.wav,2adeb14b73c899d84a874cb259cf92f651e71ebade1657401f77053d38ff5ceb,0.2725512385368347,0.06011325921770474,-0.0015117840503020257,False,False,False,0.8,0.75,0.2,0.0,0.1,0.4,0.8,0.3,0.5625,0.2,0.3,0.4
high_cutoff_amp_sustain_low,high_cutoff,amp_sustain,low,generation/test_renders/restricted_v2/high_cutoff_amp_sustain_low.wav,2cbf3e3d13ecfac5a53459f14d61b2d225f4e5ad92fb20cd549e749296658d6a,0.2269190549850464,0.012996953867982303,-0.00019680437993237985,False,False,False,0.8,0.75,0.2,0.0,0.1,0.3,0.2,0.3,0.5625,0.2,0.3,0.4
high_cutoff_amp_sustain_middle,high_cutoff,amp_sustain,middle,generation/test_renders/restricted_v2/high_cutoff_amp_sustain_middle.wav,e3371075589a5131b85023207f1c242fc1ecd2044e3149e853f5443ff0c0d789,0.2486482858657837,0.0343375558607981,-0.000858943927138635,False,False,False,0.8,0.75,0.2,0.0,0.1,0.3,0.6,0.3,0.5625,0.2,0.3,0.4
high_cutoff_amp_sustain_high,high_cutoff,amp_sustain,high,generation/test_renders/restricted_v2/high_cutoff_amp_sustain_high.wav,94ceae131f5b139b3aa5ae3424e90a4ffda1c8df07a805d53476e61e7d075b33,0.28442147374153137,0.08478732521895746,-0.0021415438257176354,False,False,False,0.8,0.75,0.2,0.0,0.1,0.3,1.0,0.3,0.5625,0.2,0.3,0.4
high_cutoff_amp_release_low,high_cutoff,amp_release,low,generation/test_renders/restricted_v2/high_cutoff_amp_release_low.wav,475ab5946fa746d8e2d8136a9c9d228eb7da2196a5773bd4c0f3605cfcf91953,0.2625484764575958,0.0556766312736637,-0.001382869508741164,False,False,False,0.8,0.75,0.2,0.0,0.1,0.3,0.8,0.1,0.5625,0.2,0.3,0.4
high_cutoff_amp_release_middle,high_cutoff,amp_release,middle,generation/test_renders/restricted_v2/high_cutoff_amp_release_middle.wav,00e999190dd6a201525453a2d3464adfe47fbf84956782b5e20230aa5c6fe096,0.2625484764575958,0.05600201128684809,-0.0014090049097785187,False,False,False,0.8,0.75,0.2,0.0,0.1,0.3,0.8,0.275,0.5625,0.2,0.3,0.4
high_cutoff_amp_release_high,high_cutoff,amp_release,high,generation/test_renders/restricted_v2/high_cutoff_amp_release_high.wav,27b925a29467dd9f89333580992a9f39c72b30feba157f16745e25b6d7419a33,0.2625484764575958,0.05796625105814167,-0.0016196731999322562,False,False,False,0.8,0.75,0.2,0.0,0.1,0.3,0.8,0.45,0.5625,0.2,0.3,0.4
high_cutoff_filter_env_amount_low,high_cutoff,filter_env_amount,low,generation/test_renders/restricted_v2/high_cutoff_filter_env_amount_low.wav,009ea3e5b04fdf27658c1cd6d2f6d1c137badb987f5573be3be0d7246413c861,0.25480157136917114,0.05549634623426095,-0.0015977441985663948,False,False,False,0.8,0.75,0.2,0.0,0.1,0.3,0.8,0.3,0.5,0.2,0.3,0.4
high_cutoff_filter_env_amount_middle,high_cutoff,filter_env_amount,middle,generation/test_renders/restricted_v2/high_cutoff_filter_env_amount_middle.wav,0c0595e899094a5280a6482f8278accb6acbd9556f38abbf21e2509fd45475e4,0.2594084143638611,0.05584427008494674,-0.0015037277175289658,False,False,False,0.8,0.75,0.2,0.0,0.1,0.3,0.8,0.3,0.53125,0.2,0.3,0.4
high_cutoff_filter_env_amount_high,high_cutoff,filter_env_amount,high,generation/test_renders/restricted_v2/high_cutoff_filter_env_amount_high.wav,2c6308f4a759101ef4cbf57290c92da795b4c14949a413956a52f1d5b78aa9ee,0.2625484764575958,0.05613765257746386,-0.001422686358443566,False,False,False,0.8,0.75,0.2,0.0,0.1,0.3,0.8,0.3,0.5625,0.2,0.3,0.4
high_cutoff_filter_env_attack_low,high_cutoff,filter_env_attack,low,generation/test_renders/restricted_v2/high_cutoff_filter_env_attack_low.wav,429015a50b242f62b4b1246f0c3ac842be47013a114a4d0db407d70f0d4ec3a1,0.2732427418231964,0.05619839296715776,-0.0014143159603768204,False,False,False,0.8,0.75,0.2,0.0,0.1,0.3,0.8,0.3,0.5625,0.05,0.3,0.4
high_cutoff_filter_env_attack_middle,high_cutoff,filter_env_attack,middle,generation/test_renders/restricted_v2/high_cutoff_filter_env_attack_middle.wav,2c6308f4a759101ef4cbf57290c92da795b4c14949a413956a52f1d5b78aa9ee,0.2625484764575958,0.05613765257746386,-0.001422686358443566,False,False,False,0.8,0.75,0.2,0.0,0.1,0.3,0.8,0.3,0.5625,0.19999999999999998,0.3,0.4
high_cutoff_filter_env_attack_high,high_cutoff,filter_env_attack,high,generation/test_renders/restricted_v2/high_cutoff_filter_env_attack_high.wav,31fd132b3f89a54a16f55a11c25c31c7daf026afd9f14b9a6ea2e47573dfdc8c,0.2559625804424286,0.056075478298353014,-0.0014282220766584225,False,False,False,0.8,0.75,0.2,0.0,0.1,0.3,0.8,0.3,0.5625,0.35,0.3,0.4
high_cutoff_filter_env_decay_low,high_cutoff,filter_env_decay,low,generation/test_renders/restricted_v2/high_cutoff_filter_env_decay_low.wav,38dbb6bec15f052a95e5501cb9f5ad6e4481387aaa92c96c0557ecd148aae73a,0.2625484764575958,0.05609021153042652,-0.0014348399650059762,False,False,False,0.8,0.75,0.2,0.0,0.1,0.3,0.8,0.3,0.5625,0.2,0.15,0.4
high_cutoff_filter_env_decay_middle,high_cutoff,filter_env_decay,middle,generation/test_renders/restricted_v2/high_cutoff_filter_env_decay_middle.wav,156ca930edf228a4ef30c62756fa5b8b647363a70a13035ff2f167711c209998,0.2625484764575958,0.05612542226258397,-0.0014260945782950051,False,False,False,0.8,0.75,0.2,0.0,0.1,0.3,0.8,0.3,0.5625,0.2,0.275,0.4
high_cutoff_filter_env_decay_high,high_cutoff,filter_env_decay,high,generation/test_renders/restricted_v2/high_cutoff_filter_env_decay_high.wav,3b6e2e5c8a286d156b9a2ec729dbaabea716eaf40af41d86b5927fdf3d7ae59c,0.2625484764575958,0.05621529919407103,-0.0013995443746561615,False,False,False,0.8,0.75,0.2,0.0,0.1,0.3,0.8,0.3,0.5625,0.2,0.4,0.4
high_cutoff_filter_env_sustain_low,high_cutoff,filter_env_sustain,low,generation/test_renders/restricted_v2/high_cutoff_filter_env_sustain_low.wav,333116eff0c709e3d663e53a54c09565fc7e28b0b255e41156b88ac3633aa78f,0.2625484764575958,0.05568496047905645,-0.0015568044283349822,False,False,False,0.8,0.75,0.2,0.0,0.1,0.3,0.8,0.3,0.5625,0.2,0.3,0.0
high_cutoff_filter_env_sustain_middle,high_cutoff,filter_env_sustain,middle,generation/test_renders/restricted_v2/high_cutoff_filter_env_sustain_middle.wav,6c24e9246d73d8e40f5013f891275fd61407e865218004c39acc4ea5e8257a4d,0.2625484764575958,0.05623337253872721,-0.0013938038289716044,False,False,False,0.8,0.75,0.2,0.0,0.1,0.3,0.8,0.3,0.5625,0.2,0.3,0.5
high_cutoff_filter_env_sustain_high,high_cutoff,filter_env_sustain,high,generation/test_renders/restricted_v2/high_cutoff_filter_env_sustain_high.wav,8e57fac5c29f106f5aef61a80c72c7f96fb03891aa1840489491dbfec3c12df1,0.2625484764575958,0.056619255957766575,-0.0012708708721426653,False,False,False,0.8,0.75,0.2,0.0,0.1,0.3,0.8,0.3,0.5625,0.2,0.3,1.0
