sample_id,full_mean_centroid_shift_hz,contribution_from_frames_below_minus60dbfs_hz,contribution_from_other_frames_hz
restricted_bend_sustain_v4_00000,252.98107385512688,231.63843765020124,21.342636204925633
restricted_bend_sustain_v4_00001,315.9162044733421,293.0483678883562,22.867836584985902
restricted_bend_sustain_v4_00002,337.1816515737104,282.07493731889275,55.10671425481759
restricted_bend_sustain_v4_00003,157.30022467769842,129.60268554937252,27.6975391283259
restricted_bend_sustain_v4_00004,157.99156366761724,153.03480215156415,4.956761516053113
restricted_bend_sustain_v4_00005,203.16452484529174,175.81525575858583,27.349269086705913
restricted_bend_sustain_v4_00006,152.563984493744,133.37430647839318,19.189678015350772
restricted_bend_sustain_v4_00007,665.6617903567064,587.274249108652,78.38754124805432
restricted_bend_sustain_v4_00008,154.1295453735347,147.88661776676423,6.24292760677049
restricted_bend_sustain_v4_00009,223.3692932061785,177.25172441572786,46.11756879045063
restricted_bend_sustain_v4_00010,186.18258635655948,170.45678863125138,15.725797725308082
restricted_bend_sustain_v4_00011,363.74548785430443,326.41942104022314,37.326066814081315
restricted_bend_sustain_v4_00012,214.32252181888413,183.32570664627946,30.99681517260467
restricted_bend_sustain_v4_00013,299.301279315212,267.41712778853866,31.88415152667344
restricted_bend_sustain_v4_00014,285.69941291009764,245.50078263307128,40.19863027702633
restricted_bend_sustain_v4_00015,173.45789979961015,166.73283988106417,6.725059918545972
restricted_bend_sustain_v4_00016,210.41633920814738,175.78082564038834,34.635513567759034
restricted_bend_sustain_v4_00017,354.30501101064425,305.2521826325449,49.052828378099406
restricted_bend_sustain_v4_00018,490.4694276303178,440.3172714678395,50.15215616247818
restricted_bend_sustain_v4_00019,128.94184234681236,125.57485678320532,3.366985563607062
restricted_bend_sustain_v4_00020,400.4915894085754,366.76277134084654,33.72881806772882
restricted_bend_sustain_v4_00021,224.74974498270612,208.8697717664491,15.879973216257039
restricted_bend_sustain_v4_00022,189.59324829132186,175.4864308062239,14.10681748509798
restricted_bend_sustain_v4_00023,390.90363170476223,337.68226017276345,53.22137153199881
restricted_bend_sustain_v4_00024,222.2146979548159,211.2038140382673,11.010883916548607
restricted_bend_sustain_v4_00025,182.8808711509968,167.35162701158097,15.529244139415825
restricted_bend_sustain_v4_00026,181.7242512449307,170.67333825108568,11.050912993845053
restricted_bend_sustain_v4_00027,470.63751197735314,372.9484227882895,97.68908918906357
restricted_bend_sustain_v4_00028,212.53849832454904,196.1911973333583,16.34730099119074
restricted_bend_sustain_v4_00029,298.4074793535518,272.79172589458665,25.61575345896521
restricted_bend_sustain_v4_00030,1226.1410987895515,1067.617095949915,158.52400283963624
restricted_bend_sustain_v4_00031,159.9218762793887,150.6386265535564,9.283249725832297
restricted_bend_sustain_v4_00032,197.2853103420577,192.3019192079235,4.983391134134189
restricted_bend_sustain_v4_00033,253.76914866046369,235.17090754068175,18.598241119781946
restricted_bend_sustain_v4_00034,176.58941758771803,156.7315919339433,19.857825653774704
restricted_bend_sustain_v4_00035,611.1561018250895,527.9396662009224,83.21643562416703
restricted_bend_sustain_v4_00036,288.0194677689006,218.32207011096932,69.69739765793128
restricted_bend_sustain_v4_00037,230.7467622368375,218.87640382087582,11.870358415961654
restricted_bend_sustain_v4_00038,275.32870866836714,235.30896411178148,40.019744556585664
restricted_bend_sustain_v4_00039,205.8529762129173,199.33661348924042,6.51636272367686
restricted_bend_sustain_v4_00040,292.6355178579077,229.65560895252997,62.979908905377734
restricted_bend_sustain_v4_00041,369.36172792730804,325.1063815415087,44.255346385799285
restricted_bend_sustain_v4_00042,225.341409283526,201.9106332650672,23.43077601845879
restricted_bend_sustain_v4_00043,210.22778414362946,200.473140400528,9.754643743101472
restricted_bend_sustain_v4_00044,146.64459268945467,143.6445693054191,3.000023384035594
restricted_bend_sustain_v4_00045,274.4139879562762,225.78014338392418,48.63384457235199
restricted_bend_sustain_v4_00046,200.390629766647,155.20387810449063,45.18675166215637
restricted_bend_sustain_v4_00047,444.7760456477714,384.5523897331967,60.22365591457478
restricted_bend_sustain_v4_00048,345.7500989958167,311.1864829738814,34.56361602193532
restricted_bend_sustain_v4_00049,168.6623600569258,150.43822524002067,18.224134816905103
restricted_bend_sustain_v4_00050,169.93850829337413,159.84534948952557,10.093158803848583
restricted_bend_sustain_v4_00051,285.2627720681529,253.54080314418138,31.721968923971538
restricted_bend_sustain_v4_00052,230.79196285700291,202.025274109341,28.766688747661902
restricted_bend_sustain_v4_00053,330.4165828768199,294.25985936281876,36.15672351400114
restricted_bend_sustain_v4_00054,839.6964446086077,716.6431102549162,123.05333435369151
restricted_bend_sustain_v4_00055,168.62139638191613,164.3907062115813,4.230690170334822
restricted_bend_sustain_v4_00056,175.53721212998823,159.12807760668483,16.409134523303408
restricted_bend_sustain_v4_00057,258.10377319162046,229.29756101356932,28.806212178051148
restricted_bend_sustain_v4_00058,1309.0575057033882,1090.7805272182468,218.27697848514148
restricted_bend_sustain_v4_00059,149.58717000770417,141.76917449888006,7.817995508824091
restricted_bend_sustain_v4_00060,240.71653674236697,229.19908093267827,11.517455809688652
restricted_bend_sustain_v4_00061,233.2809345156467,215.75944745796463,17.521487057682037
restricted_bend_sustain_v4_00062,189.62410601833938,174.58873696912156,15.035369049217817
restricted_bend_sustain_v4_00063,407.3020337930497,363.7744951029433,43.52753869010642
restricted_bend_sustain_v4_00064,346.2398741307456,311.9644945338206,34.275379596925106
restricted_bend_sustain_v4_00065,192.72052357862665,173.4659595355327,19.25456404309396
restricted_bend_sustain_v4_00066,206.35215680642605,205.15714887739716,1.1950079290289128
restricted_bend_sustain_v4_00067,284.45537866654087,223.71564932170867,60.73972934483225
restricted_bend_sustain_v4_00068,209.19079438871626,176.1255267511949,33.06526763752135
restricted_bend_sustain_v4_00069,430.0094817525228,376.5697087437951,53.43977300872767
restricted_bend_sustain_v4_00070,464.16927199862124,408.1332848411647,56.0359871574565
restricted_bend_sustain_v4_00071,194.97069140320517,191.30642440309407,3.664267000111074
restricted_bend_sustain_v4_00072,199.8477158835345,188.40081275652824,11.446903127006259
restricted_bend_sustain_v4_00073,482.54147193338395,359.08064930272167,123.4608226306623
restricted_bend_sustain_v4_00074,659.2514322405974,568.6858341563177,90.56559808427961
restricted_bend_sustain_v4_00075,200.6843701023275,197.2607845346701,3.4235855676574216
restricted_bend_sustain_v4_00076,336.93158767965326,323.44663973517515,13.48494794447814
restricted_bend_sustain_v4_00077,271.0901515757789,257.624629302297,13.46552227348193
restricted_bend_sustain_v4_00078,222.49822312395196,197.0933690227052,25.404854101246762
restricted_bend_sustain_v4_00079,387.9277889156435,322.84643783505874,65.08135108058477
restricted_bend_sustain_v4_00080,175.277389350624,166.69353988225274,8.583849468371259
restricted_bend_sustain_v4_00081,197.46871695531135,149.8829426843777,47.58577427093369
restricted_bend_sustain_v4_00082,178.80519774291142,170.90990396948462,7.895293773426843
restricted_bend_sustain_v4_00083,534.2801554530502,443.9275344575904,90.35262099545982
restricted_bend_sustain_v4_00084,239.34752332527776,214.11707950680653,25.230443818471237
restricted_bend_sustain_v4_00085,386.8411832353267,360.72299541818853,26.11818781713826
restricted_bend_sustain_v4_00086,285.3753473251262,244.37703910003756,40.99830822508869
restricted_bend_sustain_v4_00087,171.44433609546934,140.9187055094468,30.52563058602253
restricted_bend_sustain_v4_00088,227.34732677630222,185.0904070443948,42.25691973190744
restricted_bend_sustain_v4_00089,332.65159883068736,289.0235321771057,43.628066653581605
restricted_bend_sustain_v4_00090,244.48937889644088,226.1773915510676,18.311987345373318
restricted_bend_sustain_v4_00091,235.92942815835556,231.83543430838978,4.093993849965759
restricted_bend_sustain_v4_00092,212.7301395654522,199.60241189938657,13.127727666065622
restricted_bend_sustain_v4_00093,320.981894930333,240.27678509927495,80.70510983105804
restricted_bend_sustain_v4_00094,198.48978951756575,187.40645276964682,11.08333674791891
restricted_bend_sustain_v4_00095,364.6212055945351,330.59772140461007,34.02348418992509
restricted_bend_sustain_v4_00096,211.2889424636449,186.9953637820797,24.293578681565222
restricted_bend_sustain_v4_00097,275.55501680018597,239.416627747019,36.138389053166954
restricted_bend_sustain_v4_00098,508.5438242873099,447.7951051253054,60.748719162004534
restricted_bend_sustain_v4_00099,183.1484051390295,172.5142847673157,10.63412037171382
restricted_bend_sustain_v4_00100,525.82320273251,483.775755938116,42.04744679439403
restricted_bend_sustain_v4_00101,174.03248232936633,157.95321181285397,16.079270516512377
restricted_bend_sustain_v4_00102,193.6503185094053,185.00475055354107,8.645567955864225
restricted_bend_sustain_v4_00103,240.20935357888308,213.4822230340933,26.727130544789787
restricted_bend_sustain_v4_00104,371.6670771068644,349.5179070119475,22.14917009491689
restricted_bend_sustain_v4_00105,207.46103681368984,186.64634578184916,20.814691031840685
restricted_bend_sustain_v4_00106,208.6096957248651,205.510720972046,3.098974752819111
restricted_bend_sustain_v4_00107,226.15285413352208,194.22497872321009,31.92787541031202
restricted_bend_sustain_v4_00108,205.31589916190208,190.3918284009265,14.924070760975608
restricted_bend_sustain_v4_00109,210.8368511944359,196.96093474816047,13.875916446275422
restricted_bend_sustain_v4_00110,956.3617796788651,794.5070776940149,161.85470198485004
restricted_bend_sustain_v4_00111,218.2067162697989,209.21569454350694,8.991021726291946
restricted_bend_sustain_v4_00112,243.87990110764892,180.59485211294196,63.28504899470697
restricted_bend_sustain_v4_00113,542.3595511523869,474.9831367890846,67.37641436330222
restricted_bend_sustain_v4_00114,197.657475984907,178.5331510227152,19.124324962191782
restricted_bend_sustain_v4_00115,221.24831558550008,205.54802155089436,15.700294034605692
restricted_bend_sustain_v4_00116,166.62059647442018,161.97689079102582,4.643705683394361
restricted_bend_sustain_v4_00117,196.41970386371014,167.4954605771951,28.92424328651506
restricted_bend_sustain_v4_00118,233.36781418542174,194.64739198383177,38.72042220158997
restricted_bend_sustain_v4_00119,556.8606962646597,493.94430777399,62.9163884906697
restricted_bend_sustain_v4_00120,130.4759138113241,123.8685317721395,6.607382039184587
restricted_bend_sustain_v4_00121,184.3814366883099,156.06288591496016,28.318550773349738
restricted_bend_sustain_v4_00122,222.22678193125356,211.17992539728343,11.046856533970102
restricted_bend_sustain_v4_00123,340.28073619604515,314.44434119294937,25.83639500309575
restricted_bend_sustain_v4_00124,279.5616467972403,176.49887730048263,103.06276949675768
restricted_bend_sustain_v4_00125,437.80772221842295,394.0111834989337,43.79653871948925
restricted_bend_sustain_v4_00126,203.17832565548827,171.50582139557548,31.672504259912817
restricted_bend_sustain_v4_00127,168.16686031711612,167.15160280469203,1.0152575124240881
restricted_bend_sustain_v4_00128,212.62732379167866,193.9225266720023,18.704797119676382
restricted_bend_sustain_v4_00129,329.41641130005104,297.39849064551777,32.0179206545333
restricted_bend_sustain_v4_00130,294.8478922441042,268.2285638079783,26.61932843612587
restricted_bend_sustain_v4_00131,208.02275600540915,201.06101933237534,6.961736673033783
restricted_bend_sustain_v4_00132,163.26120082235082,155.0284609817249,8.232739840625943
restricted_bend_sustain_v4_00133,496.44174877026455,179.70778195318817,316.7339668170764
restricted_bend_sustain_v4_00134,242.19691228428243,228.89267198833738,13.30424029594507
restricted_bend_sustain_v4_00135,379.77459933361064,337.5431105285311,42.231488805079515
restricted_bend_sustain_v4_00136,193.9637252588893,184.89815193420702,9.06557332468224
restricted_bend_sustain_v4_00137,244.07183752738837,178.65704475490432,65.41479277248405
restricted_bend_sustain_v4_00138,234.75858929561286,211.31413270749647,23.444456588116417
restricted_bend_sustain_v4_00139,824.2590665184201,739.9914951708604,84.26757134755972
restricted_bend_sustain_v4_00140,242.225430789104,213.5174152566737,28.708015532430338
restricted_bend_sustain_v4_00141,237.12524201410946,229.11172914063883,8.013512873470614
restricted_bend_sustain_v4_00142,264.9171159006144,227.9046330934787,37.01248280713568
restricted_bend_sustain_v4_00143,204.39491342081712,174.9651074042731,29.42980601654399
restricted_bend_sustain_v4_00144,208.77950422134697,205.45333896126175,3.326165260085253
restricted_bend_sustain_v4_00145,316.65720545036913,258.7772334805699,57.879971969799236
restricted_bend_sustain_v4_00146,838.629644548623,720.8159875135434,117.81365703507969
restricted_bend_sustain_v4_00147,208.01791992505392,203.8380028645057,4.179917060548187
restricted_bend_sustain_v4_00148,235.50410355512278,227.30093665077584,8.203166904346926
restricted_bend_sustain_v4_00149,238.1844820783294,213.76393476367406,24.420547314655344
restricted_bend_sustain_v4_00150,241.8233647164047,222.1364934126431,19.6868713037616
restricted_bend_sustain_v4_00151,511.0486787852311,423.53215454231326,87.51652424291788
restricted_bend_sustain_v4_00152,336.48708634621823,311.91585679171334,24.571229554504914
restricted_bend_sustain_v4_00153,244.06509288427884,225.51340489459534,18.55168798968353
restricted_bend_sustain_v4_00154,206.52921697040196,197.5189919807617,9.010224989640236
restricted_bend_sustain_v4_00155,451.5906518765953,387.6368042502512,63.95384762634423
restricted_bend_sustain_v4_00156,254.96227299526254,235.4562812375863,19.50599175767622
restricted_bend_sustain_v4_00157,227.71745264415014,216.73223623910178,10.985216405048378
restricted_bend_sustain_v4_00158,544.8341860145707,480.97644919995025,63.857736814620544
restricted_bend_sustain_v4_00159,173.92293114303612,169.8014157360731,4.121515406963036
restricted_bend_sustain_v4_00160,153.95091323722318,145.1814968542761,8.769416382947083
restricted_bend_sustain_v4_00161,248.6259753222315,188.31832452102657,60.30765080120491
restricted_bend_sustain_v4_00162,226.21771218579906,214.6908262205178,11.526885965281231
restricted_bend_sustain_v4_00163,578.9991298955657,528.3419204267003,50.657209468865375
restricted_bend_sustain_v4_00164,254.74914948642578,198.86120471392672,55.88794477249905
restricted_bend_sustain_v4_00165,319.6090451478849,297.3056569499582,22.303388197926704
restricted_bend_sustain_v4_00166,242.05704127586614,210.98002531303973,31.077015962826472
restricted_bend_sustain_v4_00167,168.7730710980571,160.60443605006944,8.168635047987653
restricted_bend_sustain_v4_00168,238.0139742255357,205.46434347608624,32.5496307494494
restricted_bend_sustain_v4_00169,400.9419879990944,355.1558040398684,45.786183959225944
restricted_bend_sustain_v4_00170,296.1020267507763,242.88670795096027,53.21531879981598
restricted_bend_sustain_v4_00171,228.58437097253548,222.81173716743962,5.772633805095863
restricted_bend_sustain_v4_00172,140.96422409801124,137.11586030212806,3.848363795883209
restricted_bend_sustain_v4_00173,176.52418692705166,167.55961210743487,8.964574819616791
restricted_bend_sustain_v4_00174,257.42965455823463,196.42693102765514,61.00272353057952
restricted_bend_sustain_v4_00175,789.1782812095645,677.2965319753824,111.88174923418195
restricted_bend_sustain_v4_00176,345.8026596924564,323.9216519353713,21.881007757085136
restricted_bend_sustain_v4_00177,227.6287961400606,209.28402575429317,18.344770385767433
restricted_bend_sustain_v4_00178,208.74073157541255,202.6693742469999,6.071357328412662
restricted_bend_sustain_v4_00179,522.6853904181312,446.07616857927087,76.60922183886036
restricted_bend_sustain_v4_00180,171.28546949401513,156.94734283939948,14.338126654615666
restricted_bend_sustain_v4_00181,310.17009638873975,279.11425282361165,31.055843565128107
restricted_bend_sustain_v4_00182,1120.8467992806181,904.5197911626643,216.32700811795385
restricted_bend_sustain_v4_00183,191.11674270250165,179.11163635209485,12.005106350406807
restricted_bend_sustain_v4_00184,158.53909579654749,147.49451661916885,11.044579177378619
restricted_bend_sustain_v4_00185,272.62231642459454,249.83410678673926,22.788209637855267
restricted_bend_sustain_v4_00186,859.0182429776288,756.0863166090298,102.93192636859887
restricted_bend_sustain_v4_00187,203.15563577803977,199.67707914717266,3.4785566308670934
restricted_bend_sustain_v4_00188,430.90815969367094,400.0475432408823,30.86061645278863
restricted_bend_sustain_v4_00189,228.67704613773063,209.40151578445628,19.27553035327435
restricted_bend_sustain_v4_00190,185.84718084139718,175.4212559309863,10.425924910410851
restricted_bend_sustain_v4_00191,267.9685256563328,228.29079234516888,39.6777333111639
restricted_bend_sustain_v4_00192,211.24446619855962,192.79999327024566,18.444472928313935
restricted_bend_sustain_v4_00193,203.9165101930568,187.26398922242078,16.65252097063603
restricted_bend_sustain_v4_00194,191.9981390691461,179.10114622450504,12.896992844641062
restricted_bend_sustain_v4_00195,496.78501922096666,377.24801913519514,119.53700008577151
restricted_bend_sustain_v4_00196,208.12388782252975,188.932915898599,19.190971923930718
restricted_bend_sustain_v4_00197,238.49520652685862,220.45998901011555,18.03521751674308
restricted_bend_sustain_v4_00198,502.443802983335,436.7274595161373,65.71634346719766
restricted_bend_sustain_v4_00199,182.14091047169686,177.06791123198468,5.072999239712127
restricted_bend_sustain_v4_00200,194.49645728090078,159.33365680585425,35.16280047504651
restricted_bend_sustain_v4_00201,428.5008569610164,357.7772851234708,70.72357183754549
restricted_bend_sustain_v4_00202,475.3258133001762,406.7241222101959,68.6016910899803
restricted_bend_sustain_v4_00203,218.51879902380287,215.4235408119941,3.095258211808762
restricted_bend_sustain_v4_00204,572.6433231872714,534.8249116898776,37.8184114973939
restricted_bend_sustain_v4_00205,220.00780337206947,204.50322143942577,15.504581932643728
restricted_bend_sustain_v4_00206,220.87122896093896,203.97867286986053,16.892556091078454
restricted_bend_sustain_v4_00207,299.92196643430134,256.95033348710683,42.97163294719454
restricted_bend_sustain_v4_00208,234.82293419418517,221.8668269230127,12.956107271172488
restricted_bend_sustain_v4_00209,329.49120279661315,155.29938785012598,174.19181494648717
restricted_bend_sustain_v4_00210,203.88700855200307,197.10248326398067,6.784525288022377
restricted_bend_sustain_v4_00211,295.8034974220775,273.2067338443867,22.596763577690865
restricted_bend_sustain_v4_00212,200.33005766622892,164.7736261498697,35.55643151635929
restricted_bend_sustain_v4_00213,319.1037210518017,284.3155256177152,34.78819543408651
restricted_bend_sustain_v4_00214,212.18458428984414,181.08381056382996,31.100773726014165
restricted_bend_sustain_v4_00215,176.0992561067839,170.74586123549145,5.353394871292461
restricted_bend_sustain_v4_00216,227.21076980880346,210.21885076909643,16.99191903970704
restricted_bend_sustain_v4_00217,420.2311978221227,360.6802602584913,59.55093756363145
restricted_bend_sustain_v4_00218,205.06362140959465,173.37460026891551,31.689021140679124
restricted_bend_sustain_v4_00219,219.44805705789565,196.2269010410709,23.221156016824764
restricted_bend_sustain_v4_00220,165.25728039893102,159.81850449660539,5.438775902325619
restricted_bend_sustain_v4_00221,236.59796481350926,160.42784306958887,76.17012174392042
restricted_bend_sustain_v4_00222,221.11653091965846,203.21204784134625,17.90448307831221
restricted_bend_sustain_v4_00223,383.0196094606751,329.11803267481844,53.90157678585658
restricted_bend_sustain_v4_00224,175.56348625468152,166.80778417187014,8.755702082811379
restricted_bend_sustain_v4_00225,311.59491544740195,285.04508487806515,26.549830569336848
restricted_bend_sustain_v4_00226,889.6039673258015,761.4166439051548,128.18732342064652
restricted_bend_sustain_v4_00227,212.95233762023466,204.85596540227579,8.096372217958868
restricted_bend_sustain_v4_00228,311.71007341150573,287.33535386690227,24.374719544603405
restricted_bend_sustain_v4_00229,205.55231008209344,185.90812759875024,19.644182483343197
restricted_bend_sustain_v4_00230,190.1639620658305,171.02015409291124,19.14380797291925
restricted_bend_sustain_v4_00231,327.2059695625378,280.19492689349215,47.01104266904571
restricted_bend_sustain_v4_00232,739.0114930939617,649.2343616044247,89.77713148953697
restricted_bend_sustain_v4_00233,222.5611433897189,190.9617016394806,31.599441750238253
restricted_bend_sustain_v4_00234,197.61367284631933,185.91324178836695,11.700431057952432
restricted_bend_sustain_v4_00235,235.52420552781837,212.10350412434616,23.420701403472215
restricted_bend_sustain_v4_00236,196.47552531231148,169.05650006170418,27.41902525060724
restricted_bend_sustain_v4_00237,304.20058707553653,284.1414706518747,20.059116423661738
restricted_bend_sustain_v4_00238,485.9910901730571,421.42018730668576,64.57090286637131
restricted_bend_sustain_v4_00239,237.51870225007394,234.3377023123668,3.180999937707153
restricted_bend_sustain_v4_00240,244.97731641101637,203.90325657087803,41.074059840138354
restricted_bend_sustain_v4_00241,452.9400434647134,388.882652248731,64.05739121598243
restricted_bend_sustain_v4_00242,190.43233320354867,174.2586350425629,16.173698160985758
restricted_bend_sustain_v4_00243,211.1014792986971,210.14585277468558,0.9556265240115112
restricted_bend_sustain_v4_00244,197.15513411269626,184.23058280330554,12.924551309390736
restricted_bend_sustain_v4_00245,253.32894439041695,220.1791895073924,33.149754883024556
restricted_bend_sustain_v4_00246,206.50107290397034,140.14655915106005,66.35451375291031
restricted_bend_sustain_v4_00247,319.5424454508476,288.3409912669113,31.201454183936224
restricted_bend_sustain_v4_00248,162.3944245254477,154.5635504805846,7.830874044863096
restricted_bend_sustain_v4_00249,180.13078924390638,161.18164661020137,18.949142633705026
restricted_bend_sustain_v4_00250,256.55831028948285,210.8640482975363,45.69426199194654
restricted_bend_sustain_v4_00251,718.6738296699177,626.0029794437164,92.67085022620131
restricted_bend_sustain_v4_00252,245.77487182908493,190.01026669262143,55.76460513646349
restricted_bend_sustain_v4_00253,283.7526737217004,269.0758176443632,14.67685607733722
restricted_bend_sustain_v4_00254,230.32522335511493,214.25554743656718,16.069675918547723
restricted_bend_sustain_v4_00255,243.8397703381075,226.8160178100402,17.023752528067277
restricted_bend_sustain_v4_00256,236.21183528268807,219.8326704048851,16.37916487780299
restricted_bend_sustain_v4_00257,328.3578387453625,303.19894102710225,25.158897718260306
restricted_bend_sustain_v4_00258,285.5972725165759,265.5286566082596,20.068615908316353
restricted_bend_sustain_v4_00259,317.03353449574524,203.9814522375682,113.05208225817708
restricted_bend_sustain_v4_00260,436.017368192641,387.3202128688275,48.69715532381352
restricted_bend_sustain_v4_00261,144.75696999054009,138.1875201409769,6.569449849563188
restricted_bend_sustain_v4_00262,279.7110382328639,218.87292415797782,60.838114074886086
restricted_bend_sustain_v4_00263,167.6047626283732,158.37202288488862,9.232739743484617
restricted_bend_sustain_v4_00264,439.41315181967434,380.7161387360258,58.69701308364846
restricted_bend_sustain_v4_00265,243.34886890626015,209.7954790767801,33.55338982948005
restricted_bend_sustain_v4_00266,257.99581001096607,206.20788290847838,51.787927102487686
restricted_bend_sustain_v4_00267,129.20238786287197,126.67358781336107,2.5288000495108927
restricted_bend_sustain_v4_00268,235.94161167684805,208.1024533495587,27.83915832728937
restricted_bend_sustain_v4_00269,418.29141742875487,346.97671381315274,71.31470361560214
restricted_bend_sustain_v4_00270,277.3900385584668,250.95332609550914,26.436712462957704
restricted_bend_sustain_v4_00271,187.66572640259358,172.25132503346953,15.414401369124063
restricted_bend_sustain_v4_00272,144.10386774149848,135.91368290573018,8.19018483576828
restricted_bend_sustain_v4_00273,704.7790578395869,602.5139173422542,102.26514049733268
restricted_bend_sustain_v4_00274,180.29085738982758,166.8757759189865,13.41508147084106
restricted_bend_sustain_v4_00275,217.63527526308212,191.07858591815156,26.556689344930586
restricted_bend_sustain_v4_00276,512.8816796990646,434.340337741357,78.54134195770769
restricted_bend_sustain_v4_00277,233.68778900598397,220.55808896792436,13.129700038059642
restricted_bend_sustain_v4_00278,213.16150314493225,199.5861148049953,13.575388339936929
restricted_bend_sustain_v4_00279,267.8401536811575,249.25170351947145,18.588450161686044
restricted_bend_sustain_v4_00280,302.29846460545525,273.8144886486835,28.48397595677174
restricted_bend_sustain_v4_00281,214.2650977831904,202.13985381213809,12.125243971052349
restricted_bend_sustain_v4_00282,200.6887308158145,177.40960558686515,23.27912522894934
restricted_bend_sustain_v4_00283,225.93228692836973,205.66187351059335,20.2704134177764
restricted_bend_sustain_v4_00284,185.9976886390602,184.3927805044371,1.6049081346230798
restricted_bend_sustain_v4_00285,612.6762284756883,530.8096038271105,81.86662464857768
restricted_bend_sustain_v4_00286,302.6242554409234,249.4931185368694,53.131136904054
restricted_bend_sustain_v4_00287,235.00190413268024,212.98903886241135,22.012865270268858
restricted_bend_sustain_v4_00288,452.2933877108139,389.3298545621994,62.963533148614594
restricted_bend_sustain_v4_00289,272.1761989598088,237.2079648259877,34.96823413382112
restricted_bend_sustain_v4_00290,195.72779553688804,174.1769314570045,21.550864079883503
restricted_bend_sustain_v4_00291,163.35674290577288,153.6557317110628,9.701011194710087
restricted_bend_sustain_v4_00292,214.84321603060005,204.1446087956714,10.698607234928673
restricted_bend_sustain_v4_00293,291.00212828373833,271.1932543392379,19.80887394450043
restricted_bend_sustain_v4_00294,467.1568175456176,412.0652426405008,55.09157490511681
restricted_bend_sustain_v4_00295,325.30651287553815,232.41231473089795,92.89419814464027
restricted_bend_sustain_v4_00296,201.5638511022644,190.78492545139704,10.778925650867395
restricted_bend_sustain_v4_00297,404.136103763007,348.66504188173406,55.47106188127298
restricted_bend_sustain_v4_00298,309.6878297514564,286.5311653624304,23.15666438902593
restricted_bend_sustain_v4_00299,289.0661349891078,211.090033076775,77.97610191233281
restricted_bend_sustain_v4_00300,721.397526911991,637.8047654716577,83.59276144033326
restricted_bend_sustain_v4_00301,191.17568584826756,175.2486408016096,15.927045046657943
restricted_bend_sustain_v4_00302,217.54024552026863,199.15030601367528,18.389939506593333
restricted_bend_sustain_v4_00303,206.93659837873105,198.81552870936508,8.121069669365953
restricted_bend_sustain_v4_00304,356.37114332354383,297.2620956496558,59.10904767388806
restricted_bend_sustain_v4_00305,207.30375744543505,196.17148422482876,11.13227322060628
restricted_bend_sustain_v4_00306,217.8797018289574,202.87439999652906,15.005301832428298
restricted_bend_sustain_v4_00307,305.3929155759542,287.03839815512913,18.354517420825093
restricted_bend_sustain_v4_00308,195.3605096969701,189.4936429077016,5.866866789268537
restricted_bend_sustain_v4_00309,1351.8822116865413,1142.0968521152224,209.78535957131885
restricted_bend_sustain_v4_00310,279.2622616358698,240.00212144599863,39.26014018987118
restricted_bend_sustain_v4_00311,160.03187919051254,155.08998010369228,4.941899086820242
restricted_bend_sustain_v4_00312,123.33327136945546,120.69233850002739,2.640932869428064
restricted_bend_sustain_v4_00313,782.8603731159249,677.3335133363346,105.52685977959042
restricted_bend_sustain_v4_00314,228.02648717434073,208.068089969394,19.958397204946753
restricted_bend_sustain_v4_00315,221.11444893249842,208.80077601881027,12.313672913688187
restricted_bend_sustain_v4_00316,336.754032531504,306.493588810692,30.260443720811956
restricted_bend_sustain_v4_00317,222.0196928060832,208.0478559243449,13.971836881738295
restricted_bend_sustain_v4_00318,202.92276888212783,176.5198394114171,26.402929470710724
restricted_bend_sustain_v4_00319,335.9039134245007,310.06266590447785,25.84124752002282
restricted_bend_sustain_v4_00320,304.8808545267809,215.26513486971703,89.61571965706388
restricted_bend_sustain_v4_00321,251.29547340893498,234.8202959575907,16.4751774513443
restricted_bend_sustain_v4_00322,202.8769818887017,193.0325366038298,9.844445284871874
restricted_bend_sustain_v4_00323,313.04549577710463,299.1087113759629,13.936784401141733
restricted_bend_sustain_v4_00324,202.11130410484432,191.4826098223462,10.628694282498131
restricted_bend_sustain_v4_00325,651.9013509365438,555.0073617831508,96.89398915339311
restricted_bend_sustain_v4_00326,417.5231926295864,361.84103475568486,55.68215787390157
restricted_bend_sustain_v4_00327,234.25372835493818,226.56465776929997,7.689070585638184
restricted_bend_sustain_v4_00328,153.39338044343887,144.46765112472724,8.925729318711632
restricted_bend_sustain_v4_00329,402.875688714711,344.7808848952692,58.09480381944177
restricted_bend_sustain_v4_00330,436.6662048228055,381.8636793681614,54.80252545464409
restricted_bend_sustain_v4_00331,227.2294851873422,198.13733823345012,29.092146953892097
restricted_bend_sustain_v4_00332,280.25127185985974,255.30335059704612,24.947921262813644
restricted_bend_sustain_v4_00333,132.69619228346403,131.66441352675687,1.031778756707158
restricted_bend_sustain_v4_00334,295.3440057515716,228.02377989536842,67.32022585620318
restricted_bend_sustain_v4_00335,334.49084210233553,305.22507134345466,29.26577075888084
restricted_bend_sustain_v4_00336,279.17292331475124,246.89780233024345,32.27512098450784
restricted_bend_sustain_v4_00337,161.39740792939924,150.3677523748991,11.029655554500149
restricted_bend_sustain_v4_00338,202.1970911794961,166.78673806951969,35.41035310997641
restricted_bend_sustain_v4_00339,192.36418803245118,179.0379139617895,13.326274070661672
restricted_bend_sustain_v4_00340,212.99250505725217,197.9831469726288,15.009358084623395
restricted_bend_sustain_v4_00341,260.7210297550126,234.95100929753917,25.77002045747345
restricted_bend_sustain_v4_00342,449.13213592304135,388.86100817199963,60.271127751041746
restricted_bend_sustain_v4_00343,230.85607852707545,178.81897682893816,52.037101698137285
restricted_bend_sustain_v4_00344,254.26890471528728,219.88419210895933,34.384712606327916
restricted_bend_sustain_v4_00345,302.5822584077699,267.1965762516072,35.38568215616271
restricted_bend_sustain_v4_00346,265.666845061931,251.01009403153438,14.656751030396606
restricted_bend_sustain_v4_00347,265.4216560229492,246.67462758692267,18.747028436026483
restricted_bend_sustain_v4_00348,406.12416096286483,357.7424640893546,48.38169687351027
restricted_bend_sustain_v4_00349,161.07860475027505,148.65272567735116,12.425879072923903
restricted_bend_sustain_v4_00350,236.41366186663709,199.86577516614292,36.547886700494175
restricted_bend_sustain_v4_00351,174.28766518679785,167.51618114995426,6.771484036843619
restricted_bend_sustain_v4_00352,220.30360242599292,209.04970255563217,11.253899870360767
restricted_bend_sustain_v4_00353,847.2381552543621,719.5256429428962,127.71251231146596
restricted_bend_sustain_v4_00354,186.61667570228133,177.01685840377283,9.599817298508505
restricted_bend_sustain_v4_00355,216.68585553918268,195.42416856255284,21.261686976629832
restricted_bend_sustain_v4_00356,291.834380233836,223.1633170051369,68.67106322869908
restricted_bend_sustain_v4_00357,223.41310558455262,214.3584200139017,9.054685570650967
restricted_bend_sustain_v4_00358,223.39710673374603,212.3454933737349,11.051613360011114
restricted_bend_sustain_v4_00359,546.6639479826506,513.5513567777591,33.11259120489142
restricted_bend_sustain_v4_00360,202.68798049432291,173.5934869668957,29.09449352742719
restricted_bend_sustain_v4_00361,227.56404962723428,217.4181804761721,10.145869151062193
restricted_bend_sustain_v4_00362,273.2586467581547,256.0316610293713,17.22698572878337
restricted_bend_sustain_v4_00363,437.54213333238283,404.01416981263856,33.527963519744155
restricted_bend_sustain_v4_00364,184.63788127990955,175.45085008003036,9.18703119987918
restricted_bend_sustain_v4_00365,637.6135442190604,545.7437550570737,91.86978916198669
restricted_bend_sustain_v4_00366,362.05039194661987,309.42578683027875,52.624605116341144
restricted_bend_sustain_v4_00367,160.21908088762913,149.25737839621485,10.9617024914143
restricted_bend_sustain_v4_00368,199.3029215154221,196.0151033367946,3.2878181786274863
restricted_bend_sustain_v4_00369,239.5277521548183,209.73972372840484,29.78802842641342
restricted_bend_sustain_v4_00370,310.39487463583714,280.5326169570882,29.86225767874888
restricted_bend_sustain_v4_00371,459.708716701732,265.5457433275236,194.16297337420838
restricted_bend_sustain_v4_00372,429.78866932804004,386.1217606021064,43.66690872593364
restricted_bend_sustain_v4_00373,169.44785396161166,148.19555899214015,21.252294969471528
restricted_bend_sustain_v4_00374,230.39076808429147,215.08390641954372,15.30686166474775
restricted_bend_sustain_v4_00375,230.4639870899635,216.66214842837044,13.80183866159308
restricted_bend_sustain_v4_00376,366.25907915375313,320.2719343897395,45.987144764013536
restricted_bend_sustain_v4_00377,191.2016535861973,152.727402181697,38.474251404500336
restricted_bend_sustain_v4_00378,214.34069339315099,193.45273987088626,20.887953522264695
restricted_bend_sustain_v4_00379,175.33484312328792,169.82849675465928,5.506346368628672
restricted_bend_sustain_v4_00380,203.85577454379694,189.460585481009,14.395189062787985
restricted_bend_sustain_v4_00381,341.32551439526594,301.81655767644367,39.508956718822276
restricted_bend_sustain_v4_00382,514.7301975552512,456.2350072364456,58.495190318805584
restricted_bend_sustain_v4_00383,201.9146721302898,170.10395362040862,31.810718509881177
restricted_bend_sustain_v4_00384,236.41101323993234,228.4866141495612,7.9243990903711286
restricted_bend_sustain_v4_00385,398.10063681554874,342.0818946830598,56.018742132488974
restricted_bend_sustain_v4_00386,235.67443255324707,219.58574820799205,16.088684345255025
restricted_bend_sustain_v4_00387,230.71728306242727,212.11505586375574,18.6022271986715
restricted_bend_sustain_v4_00388,552.7931468983973,490.0933601845975,62.69978671379994
restricted_bend_sustain_v4_00389,231.66409680459734,214.29762257709666,17.36647422750068
restricted_bend_sustain_v4_00390,272.43766210310713,206.18219055963374,66.25547154347338
restricted_bend_sustain_v4_00391,146.90256397925512,138.76108884241643,8.141475136838668
restricted_bend_sustain_v4_00392,442.05459674485695,380.15051666840935,61.90408007644764
restricted_bend_sustain_v4_00393,156.0493931270387,142.49348318090625,13.555909946132454
restricted_bend_sustain_v4_00394,189.4918391083168,107.44536847986905,82.04647062844776
restricted_bend_sustain_v4_00395,180.89290066744093,170.43742624373525,10.45547442370567
restricted_bend_sustain_v4_00396,218.04223218062043,207.40168476702485,10.640547413595561
restricted_bend_sustain_v4_00397,303.43315197832874,282.97311753343934,20.46003444488935
restricted_bend_sustain_v4_00398,256.97017234477096,228.49526159996674,28.474910744804227
restricted_bend_sustain_v4_00399,244.51507356719475,215.97134839279278,28.543725174401974
restricted_bend_sustain_v4_00400,206.3683077758594,203.86125558382923,2.5070521920301587
restricted_bend_sustain_v4_00401,672.1471957207716,571.4302529402412,100.7169427805306
restricted_bend_sustain_v4_00402,205.1539355647302,181.5504216271142,23.603513937616015
restricted_bend_sustain_v4_00403,233.58904982454928,218.62320345716972,14.965846367379566
restricted_bend_sustain_v4_00404,394.75791397976116,329.0393486876509,65.71856529211026
restricted_bend_sustain_v4_00405,162.63687510723378,158.23296205527123,4.403913051962537
restricted_bend_sustain_v4_00406,217.74059400410835,195.84061652132658,21.89997748278177
restricted_bend_sustain_v4_00407,318.44679096352417,291.46147904356206,26.98531191996216
restricted_bend_sustain_v4_00408,854.7192630890213,629.4141550590211,225.30510802999999
restricted_bend_sustain_v4_00409,171.75910674391815,159.17188905843904,12.587217685479093
restricted_bend_sustain_v4_00410,209.35654084367187,195.06533827207704,14.29120257159483
restricted_bend_sustain_v4_00411,282.8595739500165,264.6223946282019,18.237179321814608
restricted_bend_sustain_v4_00412,202.5075175550128,195.82180835741457,6.685709197598243
restricted_bend_sustain_v4_00413,637.988993053189,552.7794093482063,85.20958370498263
restricted_bend_sustain_v4_00414,302.3655549055838,231.4844037782256,70.88115112735818
restricted_bend_sustain_v4_00415,171.12718874209713,162.71629921295292,8.410889529144214
restricted_bend_sustain_v4_00416,573.7086917306862,497.75687744582507,75.95181428486106
restricted_bend_sustain_v4_00417,236.4422260310014,193.97178099936013,42.47044503164129
restricted_bend_sustain_v4_00418,229.79160747978105,203.26250692976424,26.52910055001681
restricted_bend_sustain_v4_00419,126.70678344568252,124.43627557788861,2.2705078677939072
restricted_bend_sustain_v4_00420,200.9408536652699,195.6147833824328,5.326070282837135
restricted_bend_sustain_v4_00421,332.7361338498896,288.7299914665926,44.00614238329698
restricted_bend_sustain_v4_00422,305.2158866214265,271.762536613814,33.45335000761249
restricted_bend_sustain_v4_00423,239.24751102712588,206.58955242573435,32.65795860139153
restricted_bend_sustain_v4_00424,201.7412217093863,198.3378996251108,3.403322084275539
restricted_bend_sustain_v4_00425,267.1584129247515,230.7118372794934,36.446575645258015
restricted_bend_sustain_v4_00426,373.61985103740494,333.53063094823557,40.08922008916936
restricted_bend_sustain_v4_00427,272.99759045979124,205.78135158308896,67.21623887670225
restricted_bend_sustain_v4_00428,548.8575071784129,495.8476984778031,53.00980870060991
restricted_bend_sustain_v4_00429,192.57535729244884,185.5577633165422,7.017593975906647
restricted_bend_sustain_v4_00430,240.0752155909129,206.3456957117202,33.72951987919272
restricted_bend_sustain_v4_00431,206.09005336360786,198.4312435348576,7.65880982875024
restricted_bend_sustain_v4_00432,316.9036129967562,289.5174242535107,27.386188743245505
restricted_bend_sustain_v4_00433,248.48406406367238,237.79101583856718,10.69304822510519
restricted_bend_sustain_v4_00434,229.34841323834735,188.09231667569168,41.256096562655706
restricted_bend_sustain_v4_00435,445.63622172457104,422.732406067629,22.903815656942115
restricted_bend_sustain_v4_00436,202.6067616445107,200.3629722560742,2.243789388436525
restricted_bend_sustain_v4_00437,739.1829968623152,647.301279050395,91.88171781192014
restricted_bend_sustain_v4_00438,177.14452423386442,158.06487405513604,19.079650178728393
restricted_bend_sustain_v4_00439,194.53055594900894,165.11267075070106,29.417885198307903
restricted_bend_sustain_v4_00440,209.2076575899054,195.0596131636424,14.148044426262997
restricted_bend_sustain_v4_00441,935.09813280484,799.3056929321682,135.7924398726717
restricted_bend_sustain_v4_00442,163.94206774392535,158.04480430514187,5.897263438783476
restricted_bend_sustain_v4_00443,188.23286935820394,172.66069730671012,15.572172051493808
restricted_bend_sustain_v4_00444,540.5536453389548,417.1456465931696,123.40799874578515
restricted_bend_sustain_v4_00445,159.76916282617282,155.16618190782015,4.602980918352669
restricted_bend_sustain_v4_00446,176.20285288801733,159.59108359519533,16.611769292822
restricted_bend_sustain_v4_00447,315.9150757063624,287.918067292954,27.997008413408395
restricted_bend_sustain_v4_00448,275.3785451238997,236.00028852460332,39.378256599296336
restricted_bend_sustain_v4_00449,237.29385567257566,221.9079192179696,15.385936454606025
restricted_bend_sustain_v4_00450,223.35630982391953,199.7844692857504,23.571840538169113
restricted_bend_sustain_v4_00451,566.8492147748145,535.11614397132,31.73307080349444
restricted_bend_sustain_v4_00452,191.95379695166037,187.68637650163765,4.2674204500226995
restricted_bend_sustain_v4_00453,407.0065415992358,353.2865119020454,53.72002969719038
restricted_bend_sustain_v4_00454,281.8074436160608,246.1943793473746,35.61306426868619
restricted_bend_sustain_v4_00455,175.18392839100196,155.77797366287524,19.405954728126694
restricted_bend_sustain_v4_00456,160.27671596964956,152.7856161456478,7.491099824001725
restricted_bend_sustain_v4_00457,530.1852176129016,455.84479725837673,74.34042035452491
restricted_bend_sustain_v4_00458,413.3546290952436,361.8024735578243,51.552155537419246
restricted_bend_sustain_v4_00459,228.33302702746022,210.047031544511,18.285995482949232
restricted_bend_sustain_v4_00460,824.9734805433238,796.311464757481,28.66201578584287
restricted_bend_sustain_v4_00461,225.65377469736023,216.3069924709443,9.34678222641594
restricted_bend_sustain_v4_00462,157.8626095048666,141.93269481407478,15.929914690791831
restricted_bend_sustain_v4_00463,316.54091153280814,290.98899600661673,25.55191552619152
restricted_bend_sustain_v4_00464,488.82016603977667,427.4854033779025,61.334762661874244
restricted_bend_sustain_v4_00465,190.5756837732412,161.07468510796855,29.50099866527263
restricted_bend_sustain_v4_00466,263.7241083797236,215.12463839305957,48.599469986664026
restricted_bend_sustain_v4_00467,173.18803608129286,169.02809923280375,4.159936848489094
restricted_bend_sustain_v4_00468,219.41968931957013,207.3216287108914,12.098060608678761
restricted_bend_sustain_v4_00469,284.0482339159007,255.76449407869575,28.283739837204926
restricted_bend_sustain_v4_00470,402.5487391421599,345.46191403194234,57.08682511021754
restricted_bend_sustain_v4_00471,212.05918717012966,197.52691967719002,14.53226749293965
restricted_bend_sustain_v4_00472,197.8577856741509,192.78647951674444,5.07130615740649
restricted_bend_sustain_v4_00473,268.6741970983518,240.11531407618364,28.558883022168143
restricted_bend_sustain_v4_00474,330.7287607741491,302.11157963462443,28.617181139524785
restricted_bend_sustain_v4_00475,229.5131141171172,196.42894790111853,33.08416621599865
restricted_bend_sustain_v4_00476,304.95851509231187,275.11888277823823,29.839632314073636
restricted_bend_sustain_v4_00477,149.80377687397407,143.09733106788894,6.706445806085136
restricted_bend_sustain_v4_00478,280.5103323058749,233.42350042862358,47.08683187725128
restricted_bend_sustain_v4_00479,287.7687714166633,271.6625745465619,16.106196870101343
restricted_bend_sustain_v4_00480,193.2997256489454,188.64660703803247,4.653118610912951
restricted_bend_sustain_v4_00481,564.8013191727943,485.8996716904163,78.90164748237785
restricted_bend_sustain_v4_00482,289.35154733638467,267.040949674127,22.310597662257724
restricted_bend_sustain_v4_00483,176.82574585317172,155.3042610219354,21.52148483123635
restricted_bend_sustain_v4_00484,200.52790467997636,183.5599719579212,16.967932722055153
restricted_bend_sustain_v4_00485,253.79383288347975,245.0743910848086,8.719441798671175
restricted_bend_sustain_v4_00486,224.01603279072185,186.21469495407266,37.80133783664918
restricted_bend_sustain_v4_00487,534.959182034827,491.4709609745362,43.48822106029081
restricted_bend_sustain_v4_00488,334.00812454517734,280.1371662444935,53.8709583006838
restricted_bend_sustain_v4_00489,238.86801881563628,212.73248610890323,26.135532706733052
restricted_bend_sustain_v4_00490,240.50924844030158,220.90571872341985,19.603529716881738
restricted_bend_sustain_v4_00491,421.7119824712879,392.8059222310188,28.906060240269163
restricted_bend_sustain_v4_00492,225.20251797961492,219.16204719139887,6.040470788216076
restricted_bend_sustain_v4_00493,549.6465753715114,477.14760353557404,72.4989718359374
restricted_bend_sustain_v4_00494,237.97173726951667,217.0756462735211,20.89609099599558
restricted_bend_sustain_v4_00495,208.94963330199568,197.74642292637319,11.203210375622477
restricted_bend_sustain_v4_00496,214.38556400587365,199.87358023984376,14.511983766029907
restricted_bend_sustain_v4_00497,280.59877990737857,253.2164204503479,27.38235945703072
restricted_bend_sustain_v4_00498,298.8823991136929,275.92763673837374,22.954762375319177
restricted_bend_sustain_v4_00499,188.95740771478395,164.37560589913855,24.581801815645427
restricted_bend_sustain_v4_00500,478.13465832855763,404.39527502913154,73.73938329942612
restricted_bend_sustain_v4_00501,284.8291039029781,186.35454067671333,98.47456322626476
restricted_bend_sustain_v4_00502,243.70306423521185,210.864508312706,32.83855592250587
restricted_bend_sustain_v4_00503,202.76078126220736,197.58413594705715,5.1766453151502105
restricted_bend_sustain_v4_00504,358.611758199496,324.3529053501306,34.25885284936546
restricted_bend_sustain_v4_00505,199.42595273671833,151.14259178835852,48.283360948359814
restricted_bend_sustain_v4_00506,224.2440139186264,188.87960294766435,35.36441097096207
restricted_bend_sustain_v4_00507,235.11316520902054,213.93304375685193,21.180121452168624
restricted_bend_sustain_v4_00508,208.47639673809493,204.48559264809404,3.990804090000883
restricted_bend_sustain_v4_00509,216.30498215352577,206.54315383623992,9.761828317285808
restricted_bend_sustain_v4_00510,357.6993260244028,318.3723122122154,39.327013812187424
restricted_bend_sustain_v4_00511,340.0198575560552,235.86346434757337,104.15639320848182
restricted_bend_sustain_v4_00512,191.526820629788,179.4381788175521,12.088641812235917
restricted_bend_sustain_v4_00513,457.53209497130035,327.16091651693307,130.3711784543672
restricted_bend_sustain_v4_00514,348.51798395839546,325.2348173832951,23.2831665751003
restricted_bend_sustain_v4_00515,239.7832372387308,226.40380692592066,13.379430312810133
restricted_bend_sustain_v4_00516,523.467541054881,452.54917094257246,70.91837011230852
restricted_bend_sustain_v4_00517,158.09273989094388,154.01173729992564,4.081002591018187
restricted_bend_sustain_v4_00518,195.0248524586352,175.03263003482164,19.9922224238136
restricted_bend_sustain_v4_00519,207.45247211785443,190.65095169968419,16.801520418170274
restricted_bend_sustain_v4_00520,516.3024109020372,454.5033879663583,61.799022935678906
restricted_bend_sustain_v4_00521,163.5018630024665,150.24601845292196,13.255844549544538
restricted_bend_sustain_v4_00522,210.72106672521306,188.32522539350822,22.39584133170483
restricted_bend_sustain_v4_00523,386.3158995083572,352.4419351695694,33.87396433878783
restricted_bend_sustain_v4_00524,195.18811814591433,186.9267916541229,8.261326491791461
restricted_bend_sustain_v4_00525,283.7084378173333,257.3385664106776,26.36987140665564
restricted_bend_sustain_v4_00526,537.9048762830565,456.7130476328851,81.19182865017143
restricted_bend_sustain_v4_00527,232.1305603102563,206.87375350897173,25.256806801284547
restricted_bend_sustain_v4_00528,190.0558415114362,188.48886276831522,1.5669787431209725
restricted_bend_sustain_v4_00529,299.6358470325363,251.6458938073161,47.9899532252201
restricted_bend_sustain_v4_00530,219.04360380546046,199.39704349631165,19.64656030914876
restricted_bend_sustain_v4_00531,264.7353986665485,197.58866532980988,67.14673333673863
restricted_bend_sustain_v4_00532,180.85266809771383,168.64996720583807,12.202700891875727
restricted_bend_sustain_v4_00533,185.87181508798545,164.90320775655414,20.96860733143129
restricted_bend_sustain_v4_00534,269.0564775259146,209.85678977992845,59.1996877459861
restricted_bend_sustain_v4_00535,292.27921826572356,271.97523529130456,20.30398297441902
restricted_bend_sustain_v4_00536,244.05797072845192,210.5363546849909,33.52161604346104
restricted_bend_sustain_v4_00537,188.4039282931328,146.30216936984925,42.10175892328351
restricted_bend_sustain_v4_00538,202.38958905535796,166.48141231943728,35.90817673592066
restricted_bend_sustain_v4_00539,250.29026091722562,235.23479871540735,15.055462201818333
restricted_bend_sustain_v4_00540,206.33425549631465,189.49374129478707,16.840514201527583
restricted_bend_sustain_v4_00541,326.9451257381936,279.0883097635365,47.85681597465717
restricted_bend_sustain_v4_00542,167.21524653523338,147.18239911259383,20.032847422639577
restricted_bend_sustain_v4_00543,186.45702160346605,158.5751093016376,27.881912301828432
restricted_bend_sustain_v4_00544,845.6344333204786,693.4368031524525,152.19763016802614
restricted_bend_sustain_v4_00545,229.37720583499242,211.90379888743314,17.4734069475593
restricted_bend_sustain_v4_00546,196.53811755797386,182.82735481621458,13.710762741759313
restricted_bend_sustain_v4_00547,197.81076947173878,189.63562323492786,8.175146236810916
restricted_bend_sustain_v4_00548,169.08360134371642,157.41144023977492,11.672161103941512
restricted_bend_sustain_v4_00549,344.98941732310425,297.66278128735013,47.326636035754134
restricted_bend_sustain_v4_00550,520.1996586484001,441.0979788131006,79.1016798352995
restricted_bend_sustain_v4_00551,151.661878753558,141.3078915745064,10.353987179051598
restricted_bend_sustain_v4_00552,181.55484228554724,174.10363767508608,7.4512046104611676
restricted_bend_sustain_v4_00553,305.3829620945017,271.5151358944262,33.86782620007552
restricted_bend_sustain_v4_00554,757.9968287185984,679.3790970451073,78.617731673491
restricted_bend_sustain_v4_00555,224.4287227820155,204.3981288980731,20.030593883942384
restricted_bend_sustain_v4_00556,729.1163424343559,606.5118100481224,122.60453238623353
restricted_bend_sustain_v4_00557,149.34351225437482,146.7240744588418,2.6194377955329884
restricted_bend_sustain_v4_00558,194.25562164236294,164.61072188039293,29.644899761970002
restricted_bend_sustain_v4_00559,276.5195954396397,257.1509612236481,19.368634215991605
restricted_bend_sustain_v4_00560,222.86523285598912,210.5050851450506,12.36014771093851
restricted_bend_sustain_v4_00561,173.76017309426769,151.69915224891585,22.06102084535184
restricted_bend_sustain_v4_00562,331.25456950273156,229.90910171597005,101.34546778676147
restricted_bend_sustain_v4_00563,335.74320463084086,307.1997186902981,28.543485940542798
restricted_bend_sustain_v4_00564,234.31319975326502,228.80314666147154,5.5100530917935036
restricted_bend_sustain_v4_00565,327.9186363094442,281.2975181235922,46.621118185852055
restricted_bend_sustain_v4_00566,233.7661571825597,213.53573783791848,20.230419344641238
restricted_bend_sustain_v4_00567,166.5620661468588,144.34280642731773,22.219259719541043
restricted_bend_sustain_v4_00568,228.38346989498575,209.0678171869249,19.315652708060856
restricted_bend_sustain_v4_00569,531.9987569130243,459.22603246566524,72.77272444735898
restricted_bend_sustain_v4_00570,179.9885784497214,171.25616042038882,8.732418029332578
restricted_bend_sustain_v4_00571,213.50843427287748,200.7726930176642,12.735741255213242
restricted_bend_sustain_v4_00572,263.36457027380055,198.74562693640428,64.61894333739627
restricted_bend_sustain_v4_00573,180.21194936595336,172.164114953084,8.04783441286934
restricted_bend_sustain_v4_00574,287.90223844144055,209.90966558168174,77.99257285975884
restricted_bend_sustain_v4_00575,254.73044227362462,233.86991470593387,20.86052756769076
restricted_bend_sustain_v4_00576,300.4756324219369,270.5102376739113,29.965394748025478
restricted_bend_sustain_v4_00577,218.79693533929492,170.96653085013216,47.83040448916279
restricted_bend_sustain_v4_00578,337.5046176496499,227.80470674561897,109.69991090403097
restricted_bend_sustain_v4_00579,217.63332249275064,207.4902519136944,10.143070579056221
restricted_bend_sustain_v4_00580,201.8309974846771,196.0900783573856,5.740919127291531
restricted_bend_sustain_v4_00581,371.420174718437,327.36359329982156,44.05658141861547
restricted_bend_sustain_v4_00582,166.2822649671576,152.2960697235892,13.9861952435684
restricted_bend_sustain_v4_00583,233.65977847640391,190.0183128159556,43.64146566044832
restricted_bend_sustain_v4_00584,216.2204556973284,203.1901151365567,13.030340560771682
restricted_bend_sustain_v4_00585,537.5075240447931,457.73557526707236,79.77194877772074
restricted_bend_sustain_v4_00586,205.8550590084091,189.69325136689397,16.161807641515118
restricted_bend_sustain_v4_00587,234.55540882296805,190.79239510181293,43.76301372115514
restricted_bend_sustain_v4_00588,303.6566623877593,261.68083345475156,41.975828933007705
restricted_bend_sustain_v4_00589,177.10225831154662,154.99466401231382,22.107594299232794
restricted_bend_sustain_v4_00590,232.02318279013772,206.99116736405102,25.032015426086737
restricted_bend_sustain_v4_00591,285.71523929882426,269.45541969962255,16.259819599201712
restricted_bend_sustain_v4_00592,770.4947370236074,688.6454942340363,81.84924278957105
restricted_bend_sustain_v4_00593,174.63139715749003,158.65118012961923,15.980217027870761
restricted_bend_sustain_v4_00594,198.10202947385645,171.8044746180247,26.297554855831763
restricted_bend_sustain_v4_00595,257.6031482242588,234.72550267491243,22.877645549346408
restricted_bend_sustain_v4_00596,169.07061217565,158.30842847338585,10.762183702264153
restricted_bend_sustain_v4_00597,528.6127791799302,415.26836363030895,113.34441554962116
restricted_bend_sustain_v4_00598,390.05971943683346,340.67173074682063,49.38798869001278
restricted_bend_sustain_v4_00599,241.95064859895297,231.19106499453892,10.759583604414072
restricted_bend_sustain_v4_00600,189.4990408468962,182.0993577837127,7.399683063183527
restricted_bend_sustain_v4_00601,398.6024341902413,333.9643915346762,64.63804265556514
restricted_bend_sustain_v4_00602,314.63514605329357,287.9020793220337,26.73306673125991
restricted_bend_sustain_v4_00603,218.06124573512022,205.34077618365637,12.720469551463799
restricted_bend_sustain_v4_00604,661.884438031877,601.8724576854216,60.01198034645533
restricted_bend_sustain_v4_00605,166.41717368086782,162.58890325429238,3.828270426575462
restricted_bend_sustain_v4_00606,231.23597706459628,211.75206797591474,19.483909088681564
restricted_bend_sustain_v4_00607,219.9225586115615,182.76963832843785,37.15292028312364
restricted_bend_sustain_v4_00608,178.2703235630075,173.78753815272285,4.482785410284644
restricted_bend_sustain_v4_00609,497.41931707308686,423.85446496630294,73.56485210678392
restricted_bend_sustain_v4_00610,190.71615422877971,170.22081535223435,20.49533887654535
restricted_bend_sustain_v4_00611,229.77323120045253,212.99417902444065,16.779052176011874
restricted_bend_sustain_v4_00612,210.25328638943213,189.91987484704265,20.333411542389506
restricted_bend_sustain_v4_00613,146.24165806444387,142.0419073790236,4.199750685420295
restricted_bend_sustain_v4_00614,305.75473884680275,208.36613651552176,97.38860233128105
restricted_bend_sustain_v4_00615,248.713677488685,233.4977049927852,15.215972495899797
restricted_bend_sustain_v4_00616,332.0521204476373,298.27212734427985,33.779993103357455
restricted_bend_sustain_v4_00617,201.11693156081535,164.12946523821495,36.98746632260042
restricted_bend_sustain_v4_00618,260.51784406545283,210.68938758858002,49.82845647687284
restricted_bend_sustain_v4_00619,310.17222023882874,296.846006683297,13.326213555531803
restricted_bend_sustain_v4_00620,163.40449076168528,146.923443084528,16.481047677157257
restricted_bend_sustain_v4_00621,550.3365594311429,471.5970418338052,78.73951759733785
restricted_bend_sustain_v4_00622,162.13213483173723,148.28817345473055,13.8439613770067
restricted_bend_sustain_v4_00623,179.9650407521554,165.12652885673123,14.838511895424144
restricted_bend_sustain_v4_00624,182.25975412029692,171.13945196909324,11.120302151203681
restricted_bend_sustain_v4_00625,484.8904320402907,396.7110525528814,88.17937948740925
restricted_bend_sustain_v4_00626,430.7781584673462,403.3244469594057,27.453711507940408
restricted_bend_sustain_v4_00627,194.07799329822333,176.03827892035378,18.039714377869544
restricted_bend_sustain_v4_00628,1307.1706191693806,1060.622519719832,246.54809944954863
restricted_bend_sustain_v4_00629,194.3226100880172,176.4815004428023,17.8411096452149
restricted_bend_sustain_v4_00630,201.18065259742676,191.98818820720922,9.192464390217577
restricted_bend_sustain_v4_00631,175.14746422323358,168.350189373254,6.797274849979572
restricted_bend_sustain_v4_00632,921.6996154132905,808.2813498974449,113.41826551584555
restricted_bend_sustain_v4_00633,170.3286263029644,162.5796777389434,7.748948564021022
restricted_bend_sustain_v4_00634,211.6685541264308,199.0237033391778,12.644850787252969
restricted_bend_sustain_v4_00635,213.80126246318244,198.59161964512975,15.209642818052714
restricted_bend_sustain_v4_00636,198.67696851474128,191.91393790834246,6.763030606398833
restricted_bend_sustain_v4_00637,297.9332946923103,276.79044801844094,21.142846673869364
restricted_bend_sustain_v4_00638,441.9614209039371,390.3565194883504,51.60490141558675
restricted_bend_sustain_v4_00639,284.9450827268938,234.48174640404034,50.46333632285352
restricted_bend_sustain_v4_00640,194.39932406607787,186.815066060528,7.584258005549879
restricted_bend_sustain_v4_00641,297.4956400833736,243.81386276332208,53.68177732005152
restricted_bend_sustain_v4_00642,429.8116593036074,393.4747242768337,36.336935026773816
restricted_bend_sustain_v4_00643,231.9147795890607,196.73218259518916,35.1825969938715
restricted_bend_sustain_v4_00644,446.66643639040467,398.6213442965404,48.04509209386414
restricted_bend_sustain_v4_00645,214.42571379192304,207.89056390833977,6.535149883583286
restricted_bend_sustain_v4_00646,228.7177984855885,202.57192066827162,26.14587781731686
restricted_bend_sustain_v4_00647,297.5930818564648,269.8504612091091,27.74262064735569
restricted_bend_sustain_v4_00648,504.45720430196474,435.63630040127157,68.82090390069318
restricted_bend_sustain_v4_00649,230.68151470498194,215.2875553411725,15.393959363809453
restricted_bend_sustain_v4_00650,212.41038766757458,201.42761316569175,10.982774501882815
restricted_bend_sustain_v4_00651,145.3465159260169,137.75497256505162,7.5915433609652965
restricted_bend_sustain_v4_00652,207.36868172491168,203.1280663112832,4.240615413628514
restricted_bend_sustain_v4_00653,584.3271328287539,374.22027998616977,210.10685284258406
restricted_bend_sustain_v4_00654,648.1850174181066,574.1716725692957,74.01334484881083
restricted_bend_sustain_v4_00655,166.76841357922274,159.6357389033535,7.132674675869194
restricted_bend_sustain_v4_00656,229.99479607338648,214.22453373890042,15.770262334486052
restricted_bend_sustain_v4_00657,415.9843144020644,371.1985887988824,44.78572560318203
restricted_bend_sustain_v4_00658,165.6082584888196,158.55990935439962,7.048349134419949
restricted_bend_sustain_v4_00659,299.1217372914822,207.3895404526131,91.73219683886913
restricted_bend_sustain_v4_00660,313.6473570455359,249.05714850577607,64.59020853975981
restricted_bend_sustain_v4_00661,162.05296258697638,135.8445784343355,26.208384152640882
restricted_bend_sustain_v4_00662,222.48696313235263,200.36571625123108,22.121246881121547
restricted_bend_sustain_v4_00663,244.61339408896106,222.3229194259601,22.290474663000968
restricted_bend_sustain_v4_00664,169.50751970742851,153.96734694244316,15.540172764985329
restricted_bend_sustain_v4_00665,162.94803680185464,146.99255791877727,15.95547888307739
restricted_bend_sustain_v4_00666,197.523492361793,172.05430586023408,25.469186501558916
restricted_bend_sustain_v4_00667,299.40073123970456,273.2621013803395,26.13862985936509
restricted_bend_sustain_v4_00668,211.23445497805633,209.71884510534076,1.5156098727155642
restricted_bend_sustain_v4_00669,353.71643414391286,305.9954135257147,47.72102061819804
restricted_bend_sustain_v4_00670,228.0144019743616,204.8587725016107,23.155629472750896
restricted_bend_sustain_v4_00671,209.65076845151168,159.2875043318259,50.3632641196858
restricted_bend_sustain_v4_00672,427.90595432672126,370.3353983916934,57.57055593502793
restricted_bend_sustain_v4_00673,254.89690462326675,243.80373502467182,11.093169598594873
restricted_bend_sustain_v4_00674,204.96868375345304,194.82046993481342,10.148213818639622
restricted_bend_sustain_v4_00675,204.03342372837918,190.6632554784635,13.370168249915716
restricted_bend_sustain_v4_00676,172.89436805859083,159.70426850032467,13.19009955826616
restricted_bend_sustain_v4_00677,249.32220857862444,218.68085218859753,30.641356390026917
restricted_bend_sustain_v4_00678,782.6575845321387,689.8472923362908,92.81029219584795
restricted_bend_sustain_v4_00679,210.80897498836424,153.64070009551307,57.16827489285117
restricted_bend_sustain_v4_00680,198.9181953671261,189.44166292209826,9.476532445027814
restricted_bend_sustain_v4_00681,338.5746056467105,287.80116727263555,50.773438374074885
restricted_bend_sustain_v4_00682,615.6906100191558,555.0968851467399,60.59372487241603
restricted_bend_sustain_v4_00683,180.2924977786973,159.62935394960476,20.663143829092494
restricted_bend_sustain_v4_00684,779.4944142670108,655.3513660907468,124.14304817626405
restricted_bend_sustain_v4_00685,235.7834514225648,223.4911626953525,12.292288727212348
restricted_bend_sustain_v4_00686,179.4851295210722,169.36074903022933,10.124380490842894
restricted_bend_sustain_v4_00687,144.96426076926463,137.61545989566307,7.348800873601528
restricted_bend_sustain_v4_00688,207.28721400074613,180.5495507552792,26.737663245466944
restricted_bend_sustain_v4_00689,167.85069885826545,133.34372824542848,34.50697061283695
restricted_bend_sustain_v4_00690,192.24171497536582,166.26758154331134,25.974133432054508
restricted_bend_sustain_v4_00691,251.2085295794802,240.5299853016957,10.6785442777845
restricted_bend_sustain_v4_00692,303.8605984382663,239.9327399625194,63.927858475746895
restricted_bend_sustain_v4_00693,476.3704629227421,409.2617557926008,67.10870713014128
restricted_bend_sustain_v4_00694,367.3131911526575,318.8087193491302,48.50447180352727
restricted_bend_sustain_v4_00695,224.53247263368334,209.21051650153282,15.321956132150511
restricted_bend_sustain_v4_00696,200.77349478917105,189.5201040491292,11.253390740041837
restricted_bend_sustain_v4_00697,346.525031415742,291.7910204046191,54.73401101112289
restricted_bend_sustain_v4_00698,199.3252306322748,186.08863026039643,13.23660037187838
restricted_bend_sustain_v4_00699,251.607690433647,221.04164494065716,30.566045492989858
restricted_bend_sustain_v4_00700,189.43269455142678,178.3452414435513,11.087453107875495
restricted_bend_sustain_v4_00701,244.69014716762453,228.74856674819148,15.941580419433048
restricted_bend_sustain_v4_00702,308.95312476455575,234.38139710041216,74.5717276641436
restricted_bend_sustain_v4_00703,308.9378550628195,283.91639381153163,25.02146125128779
restricted_bend_sustain_v4_00704,325.03694724128206,279.83405100972993,45.20289623155216
restricted_bend_sustain_v4_00705,181.6409930027448,153.68575204431218,27.955240958432622
restricted_bend_sustain_v4_00706,204.2302041969701,193.00041959146927,11.229784605500814
restricted_bend_sustain_v4_00707,187.80023902925947,181.47320670374205,6.3270323255174405
restricted_bend_sustain_v4_00708,209.00227283211436,198.8280208389812,10.174251993133156
restricted_bend_sustain_v4_00709,593.0265482888367,502.128352769751,90.89819551908559
restricted_bend_sustain_v4_00710,186.73996351252393,171.60408966530366,15.135873847220282
restricted_bend_sustain_v4_00711,295.33930065961385,213.48494626499945,81.85435439461439
restricted_bend_sustain_v4_00712,119.8804836073736,115.27391315761855,4.6065704497550595
restricted_bend_sustain_v4_00713,425.59972753531093,361.83622218184905,63.763505353461895
restricted_bend_sustain_v4_00714,260.8411631958374,229.86752885884027,30.973634336997137
restricted_bend_sustain_v4_00715,324.68994708664627,212.64771778255187,112.04222930409438
restricted_bend_sustain_v4_00716,234.64708228186362,216.105848483026,18.541233798837624
restricted_bend_sustain_v4_00717,164.7758001077553,156.27038013061528,8.505419977140013
restricted_bend_sustain_v4_00718,244.14050350607113,196.25529115587864,47.88521235019246
restricted_bend_sustain_v4_00719,251.44617903621588,230.892322362963,20.553856673252916
restricted_bend_sustain_v4_00720,464.7242430495903,404.4720418458027,60.25220120378758
restricted_bend_sustain_v4_00721,178.43871563831976,170.22140703181066,8.217308606509144
restricted_bend_sustain_v4_00722,188.33101745477396,173.93984376401392,14.39117369076008
restricted_bend_sustain_v4_00723,242.36251088643843,215.83323920652975,26.5292716799087
restricted_bend_sustain_v4_00724,214.4122291719668,207.63125770060668,6.7809714713601315
restricted_bend_sustain_v4_00725,524.8986748268412,443.18791808683966,81.71075674000156
restricted_bend_sustain_v4_00726,473.00471309054814,395.2154851726489,77.78922791789921
restricted_bend_sustain_v4_00727,220.20307530456685,199.57973316133626,20.623342143230598
restricted_bend_sustain_v4_00728,176.44634933636775,162.0328631997214,14.413486136646329
restricted_bend_sustain_v4_00729,657.4179960932045,448.76781050458465,208.65018558861985
restricted_bend_sustain_v4_00730,291.19819940307076,268.5099620458607,22.68823735721006
restricted_bend_sustain_v4_00731,206.33596503093943,194.88332827543564,11.452636755503782
restricted_bend_sustain_v4_00732,923.947934784487,813.4311325061678,110.51680227831895
restricted_bend_sustain_v4_00733,144.28488169516996,138.66963712785986,5.615244567310082
restricted_bend_sustain_v4_00734,218.01830047797978,200.59790990720433,17.420390570775442
restricted_bend_sustain_v4_00735,251.28168754787666,241.09904769817496,10.182639849701669
restricted_bend_sustain_v4_00736,218.9015437056367,187.46928990772645,31.432253797910263
restricted_bend_sustain_v4_00737,540.32210021375,463.403292434375,76.91880777937497
restricted_bend_sustain_v4_00738,140.3864041999372,137.155168455858,3.2312357440792203
restricted_bend_sustain_v4_00739,247.91535945493501,208.96493626776748,38.95042318716754
restricted_bend_sustain_v4_00740,369.50882670649906,328.3651689091014,41.14365779739769
restricted_bend_sustain_v4_00741,236.7543910344474,225.33953607394406,11.414854960503341
restricted_bend_sustain_v4_00742,235.2442043132608,197.70271221939726,37.54149209386355
restricted_bend_sustain_v4_00743,189.91632599678343,175.46875535961271,14.447570637170703
restricted_bend_sustain_v4_00744,180.74980641883513,163.7290882484103,17.02071817042482
restricted_bend_sustain_v4_00745,169.47938964798718,154.35094964119415,15.12844000679308
restricted_bend_sustain_v4_00746,303.6631555448245,169.51213244740612,134.1510230974184
restricted_bend_sustain_v4_00747,250.91939921639758,235.91299655433096,15.006402662066625
restricted_bend_sustain_v4_00748,140.69751447455093,131.452605098979,9.244909375571915
restricted_bend_sustain_v4_00749,477.1011367749615,415.9038058563225,61.197330918639075
restricted_bend_sustain_v4_00750,186.38366942091267,168.5680916017918,17.81557781912089
restricted_bend_sustain_v4_00751,239.56990547041414,212.93581935682892,26.63408611358525
restricted_bend_sustain_v4_00752,179.13272628774325,171.73610959911343,7.396616688629817
restricted_bend_sustain_v4_00753,330.08869138389895,285.136161362244,44.952530021654965
restricted_bend_sustain_v4_00754,445.19765156429077,410.4611977732,34.73645379109074
restricted_bend_sustain_v4_00755,285.43317301139575,228.01073925306827,57.42243375832749
restricted_bend_sustain_v4_00756,745.7415095072149,670.325799105463,75.41571040175204
restricted_bend_sustain_v4_00757,188.93575501025703,171.48171745700597,17.454037553251062
restricted_bend_sustain_v4_00758,189.38174025061392,169.32092103539594,20.06081921521801
restricted_bend_sustain_v4_00759,260.8317294066236,248.75646963627412,12.075259770349502
restricted_bend_sustain_v4_00760,840.4336035351124,735.6066030516125,104.82700048350011
restricted_bend_sustain_v4_00761,219.42188160320137,205.29633923355468,14.125542369646649
restricted_bend_sustain_v4_00762,241.08794501159846,213.070748158672,28.01719685292648
restricted_bend_sustain_v4_00763,137.59133002600308,133.87913755984943,3.712192466153655
restricted_bend_sustain_v4_00764,170.1137943183355,158.18113301288543,11.932661305450043
restricted_bend_sustain_v4_00765,447.83315090351203,361.70036824660286,86.13278265690914
restricted_bend_sustain_v4_00766,671.0718424647931,565.12863651518,105.9432059496132
restricted_bend_sustain_v4_00767,169.61297306077526,156.85928349799303,12.753689562782208
restricted_bend_sustain_v4_00768,200.86680259896553,189.13262731945815,11.734175279507394
restricted_bend_sustain_v4_00769,570.8385069431993,494.3033800513069,76.5351268918923
restricted_bend_sustain_v4_00770,295.20894680663423,247.71502829244105,47.493918514193204
restricted_bend_sustain_v4_00771,196.8699472459724,189.7393189828207,7.130628263151732
restricted_bend_sustain_v4_00772,309.52731893067374,276.44986956179685,33.07744936887692
restricted_bend_sustain_v4_00773,236.29071977750567,213.88882446328438,22.401895314221314
restricted_bend_sustain_v4_00774,193.7161852640926,184.89896488176544,8.817220382327177
restricted_bend_sustain_v4_00775,362.7156467504121,322.20080721909636,40.514839531315644
restricted_bend_sustain_v4_00776,320.23649797124716,298.1517222987553,22.084775672491837
restricted_bend_sustain_v4_00777,226.3659228841803,207.87800688280146,18.487916001378846
restricted_bend_sustain_v4_00778,195.83136888748984,191.42072005210582,4.410648835384024
restricted_bend_sustain_v4_00779,911.9773620724253,695.2561063449396,216.72125572748558
restricted_bend_sustain_v4_00780,167.1935083337474,148.49673567058872,18.69677266315867
restricted_bend_sustain_v4_00781,261.5881676696232,244.3054468280607,17.282720841562526
restricted_bend_sustain_v4_00782,320.441268409949,257.75148760053355,62.68978080941545
restricted_bend_sustain_v4_00783,235.61708297811188,223.31730993469495,12.299773043416923
restricted_bend_sustain_v4_00784,243.4898002624296,220.4007767021248,23.089023560304817
restricted_bend_sustain_v4_00785,291.8988362997158,261.76782993058066,30.13100636913518
restricted_bend_sustain_v4_00786,496.35156376340126,422.3389173521758,74.01264641122549
restricted_bend_sustain_v4_00787,220.79153057245958,215.77243397682304,5.019096595636576
restricted_bend_sustain_v4_00788,246.93335627546978,236.67043454050622,10.26292173496358
restricted_bend_sustain_v4_00789,297.0266309265646,253.4698169331162,43.556813993448465
restricted_bend_sustain_v4_00790,258.8738636494959,182.7679079804915,76.1059556690044
restricted_bend_sustain_v4_00791,274.3461872749989,244.76933857311835,29.57684870188052
restricted_bend_sustain_v4_00792,435.2596135718412,404.98237500965257,30.277238562188643
restricted_bend_sustain_v4_00793,195.17114964894822,160.51229365523946,34.658855993708784
restricted_bend_sustain_v4_00794,201.12207962115065,190.57237745373897,10.549702167411713
restricted_bend_sustain_v4_00795,211.6151796294697,190.71837277119292,20.896806858276822
restricted_bend_sustain_v4_00796,392.18998353884194,227.0710750778312,165.11890846101073
restricted_bend_sustain_v4_00797,263.14415018052273,251.6030740589577,11.541076121565057
restricted_bend_sustain_v4_00798,289.3738236575141,244.84160689589316,44.53221676162096
restricted_bend_sustain_v4_00799,154.11602373718154,149.42178889121607,4.694234845965481
restricted_bend_sustain_v4_00800,213.74896658428523,199.58563686054018,14.163329723745061
restricted_bend_sustain_v4_00801,247.25428237267366,216.00166855578874,31.25261381688491
restricted_bend_sustain_v4_00802,203.47800963141506,198.19710905226248,5.280900579152585
restricted_bend_sustain_v4_00803,603.067325565536,558.1514650300367,44.915860535499206
restricted_bend_sustain_v4_00804,263.1040583402151,240.14606646936076,22.957991870854336
restricted_bend_sustain_v4_00805,598.1164802627544,547.4551378537594,50.66134240899496
restricted_bend_sustain_v4_00806,203.55194080662676,181.6891867367698,21.862754069856976
restricted_bend_sustain_v4_00807,160.18573470442792,159.82511784268928,0.3606168617386434
restricted_bend_sustain_v4_00808,220.11512530520187,206.80790048889168,13.307224816310185
restricted_bend_sustain_v4_00809,823.7071022968162,710.4413320798067,113.26577021700957
restricted_bend_sustain_v4_00810,297.3956991850034,249.02808712928245,48.36761205572104
restricted_bend_sustain_v4_00811,203.50439553414412,193.2481709195454,10.256224614598727
restricted_bend_sustain_v4_00812,179.3046407682299,171.29115909848184,8.013481669748066
restricted_bend_sustain_v4_00813,220.77062153921563,207.41505561407246,13.355565925143154
restricted_bend_sustain_v4_00814,224.16706045105897,203.81345424048982,20.35360621056916
restricted_bend_sustain_v4_00815,811.1297123104382,634.8242104128807,176.30550189755743
restricted_bend_sustain_v4_00816,272.8826227277117,255.33347973877704,17.549142988934676
restricted_bend_sustain_v4_00817,376.62170384383415,232.7542196871526,143.8674841566815
restricted_bend_sustain_v4_00818,224.01365354005267,212.18934088321726,11.824312656835374
restricted_bend_sustain_v4_00819,229.7868626027268,197.72614139320194,32.060721209524885
restricted_bend_sustain_v4_00820,229.22835999827055,210.50581060144106,18.72254939682953
restricted_bend_sustain_v4_00821,281.8951732924023,262.77529934153154,19.11987395087087
restricted_bend_sustain_v4_00822,358.20866101020874,304.324664374218,53.88399663599077
restricted_bend_sustain_v4_00823,225.80445995845133,206.5370712669906,19.26738869146076
restricted_bend_sustain_v4_00824,292.66375266777607,232.98805985597306,59.675692811803
restricted_bend_sustain_v4_00825,314.0830450317616,289.93299967331865,24.15004535844301
restricted_bend_sustain_v4_00826,316.95074175469034,282.41591861677705,34.534823137913236
restricted_bend_sustain_v4_00827,247.8091403172756,240.9280746605482,6.881065656727389
restricted_bend_sustain_v4_00828,390.7948557840098,362.1989466629837,28.595909121026125
restricted_bend_sustain_v4_00829,325.7857738536082,253.7347367838899,72.05103706971826
restricted_bend_sustain_v4_00830,213.68346620738697,197.72360368473684,15.959862522650157
restricted_bend_sustain_v4_00831,228.8444861170931,214.8896072622839,13.954878854809262
restricted_bend_sustain_v4_00832,224.79693705691452,212.4763740734351,12.320562983479437
restricted_bend_sustain_v4_00833,180.49605128767243,158.7979902243294,21.698061063343054
restricted_bend_sustain_v4_00834,265.8286461736664,213.35046706812017,52.47817910554625
restricted_bend_sustain_v4_00835,403.3580031928653,354.6640509969559,48.69395219590935
restricted_bend_sustain_v4_00836,235.7929323383005,211.62075401187832,24.172178326422156
restricted_bend_sustain_v4_00837,197.53179881931334,191.28507159355183,6.246727225761491
restricted_bend_sustain_v4_00838,627.6114714090489,548.2905422145758,79.3209291944731
restricted_bend_sustain_v4_00839,167.10464467673881,157.79280130555858,9.311843371180213
restricted_bend_sustain_v4_00840,249.55661083379755,209.53898974355508,40.017621090242486
restricted_bend_sustain_v4_00841,246.7713170247757,224.77230004329832,21.999016981477386
restricted_bend_sustain_v4_00842,525.9963068069158,461.1702452234494,64.82606158346637
restricted_bend_sustain_v4_00843,199.75403901121885,195.00796519045196,4.746073820766917
restricted_bend_sustain_v4_00844,236.6531677664585,219.3800157697234,17.273151996735113
restricted_bend_sustain_v4_00845,181.8149747877792,160.48955137051422,21.325423417264957
restricted_bend_sustain_v4_00846,265.2299820268311,200.76373268487194,64.46624934195924
restricted_bend_sustain_v4_00847,262.91830340392625,214.52145924399247,48.39684415993377
restricted_bend_sustain_v4_00848,165.9004586326488,142.63194786693498,23.26851076571382
restricted_bend_sustain_v4_00849,178.26830182935092,153.57222744260687,24.69607438674404
restricted_bend_sustain_v4_00850,199.55485384051312,191.17068522828504,8.384168612228116
restricted_bend_sustain_v4_00851,707.7218940019523,638.512066408985,69.20982759296719
restricted_bend_sustain_v4_00852,222.17256001685809,209.073928663331,13.09863135352711
restricted_bend_sustain_v4_00853,327.01393254541256,286.91105036301394,40.1028821823986
restricted_bend_sustain_v4_00854,359.5612894699073,308.54086080294,51.02042866696726
restricted_bend_sustain_v4_00855,219.99139529275521,213.8997689755691,6.091626317186143
restricted_bend_sustain_v4_00856,179.5557454120342,164.72379333586593,14.831952076168312
restricted_bend_sustain_v4_00857,435.257661505242,377.91935079933,57.33831070591207
restricted_bend_sustain_v4_00858,578.5496688578132,491.79212666967715,86.75754218813603
restricted_bend_sustain_v4_00859,209.2282501065208,204.98001551532377,4.248234591197037
restricted_bend_sustain_v4_00860,245.26748432711145,218.91993499061115,26.34754933650028
restricted_bend_sustain_v4_00861,235.39891766713006,219.36931990259762,16.02959776453246
restricted_bend_sustain_v4_00862,222.5350004676613,207.9323255327011,14.60267493496021
restricted_bend_sustain_v4_00863,825.3700097860118,719.9941328979423,105.37587688806951
restricted_bend_sustain_v4_00864,177.40312466683912,164.94873172417593,12.454392942663187
restricted_bend_sustain_v4_00865,222.52601324468463,209.54977324839217,12.976239996292453
restricted_bend_sustain_v4_00866,802.4478995877189,685.4361733326353,117.0117262550832
restricted_bend_sustain_v4_00867,162.59432289324445,146.49256383843644,16.10175905480805
restricted_bend_sustain_v4_00868,201.7753667478594,195.1962745703163,6.579092177543128
restricted_bend_sustain_v4_00869,209.97694989087887,157.55187088992443,52.42507900095445
restricted_bend_sustain_v4_00870,239.45682890901807,209.92759662087147,29.529232288146595
restricted_bend_sustain_v4_00871,266.4786711465252,235.9513261574672,30.527344989057923
restricted_bend_sustain_v4_00872,263.97021769507404,241.03107002295292,22.93914767212116
restricted_bend_sustain_v4_00873,282.60954377567384,188.2253290757693,94.38421469990456
restricted_bend_sustain_v4_00874,205.9506947256482,200.06354945898605,5.887145266662162
restricted_bend_sustain_v4_00875,277.224634839655,251.18836304222043,26.036271797434537
restricted_bend_sustain_v4_00876,322.95839426694,208.77870704232578,114.17968722461424
restricted_bend_sustain_v4_00877,211.35714224046905,202.53393657127185,8.823205669197183
restricted_bend_sustain_v4_00878,409.0856242689067,356.84350551790106,52.24211875100555
restricted_bend_sustain_v4_00879,179.1994128969151,169.38874903891505,9.810663858000051
restricted_bend_sustain_v4_00880,202.81604269567953,184.82951481566553,17.98652788001403
restricted_bend_sustain_v4_00881,498.95102765335605,436.819096876402,62.131930776954064
restricted_bend_sustain_v4_00882,284.72666082794217,246.92630135919262,37.80035946874955
restricted_bend_sustain_v4_00883,174.9478153163913,167.70250871803526,7.2453065983560405
restricted_bend_sustain_v4_00884,153.70799026438533,143.61170632186312,10.09628394252222
restricted_bend_sustain_v4_00885,240.20646879846936,214.44601046663632,25.760458331833007
restricted_bend_sustain_v4_00886,160.09736506514454,147.8677052994115,12.229659765733041
restricted_bend_sustain_v4_00887,849.8166906332527,769.2962435136781,80.52044711957485
restricted_bend_sustain_v4_00888,171.31536931808773,162.68293814555403,8.632431172533693
restricted_bend_sustain_v4_00889,169.27406531606016,160.42689215026925,8.847173165790867
restricted_bend_sustain_v4_00890,241.1064882430153,230.72685717286623,10.379631070149102
restricted_bend_sustain_v4_00891,1297.1786614937898,1140.8095083752921,156.3691531184975
restricted_bend_sustain_v4_00892,204.71021877333135,184.2378971782246,20.472321595106745
restricted_bend_sustain_v4_00893,297.58489269312355,283.382927098897,14.201965594226454
restricted_bend_sustain_v4_00894,342.5665153018243,295.64754052921387,46.91897477261054
restricted_bend_sustain_v4_00895,235.93704086521893,220.5310095015169,15.406031363702029
restricted_bend_sustain_v4_00896,243.21722824585663,232.19375040904828,11.023477836808329
restricted_bend_sustain_v4_00897,514.0454458139459,462.2732667034298,51.77217911051607
restricted_bend_sustain_v4_00898,319.41805908345816,230.15398659350504,89.26407248995311
restricted_bend_sustain_v4_00899,218.89664685790413,213.3363890508487,5.560257807055445
restricted_bend_sustain_v4_00900,338.39874128047654,325.09751771296914,13.301223567507499
restricted_bend_sustain_v4_00901,271.7327880024026,258.4965892560139,13.236198746388615
restricted_bend_sustain_v4_00902,191.7372782032673,174.73294881843682,17.00432938483044
restricted_bend_sustain_v4_00903,558.7040865515256,483.699706708037,75.00437984348866
restricted_bend_sustain_v4_00904,245.01714061893782,223.9464218434435,21.070718775494335
restricted_bend_sustain_v4_00905,184.30705869620033,151.13777292942663,33.169285766773726
restricted_bend_sustain_v4_00906,175.0817576382902,161.2686074342125,13.81315020407769
restricted_bend_sustain_v4_00907,339.66458953027825,309.29350282196043,30.37108670831777
restricted_bend_sustain_v4_00908,204.36410364438817,185.2266448622466,19.137458782141557
restricted_bend_sustain_v4_00909,396.0058262076635,353.1942879273128,42.81153828035075
restricted_bend_sustain_v4_00910,399.26732152008503,310.3529311947439,88.91439032534115
restricted_bend_sustain_v4_00911,242.65626934570776,236.00870730035902,6.6475620453487
restricted_bend_sustain_v4_00912,428.04772070541094,236.26738031347114,191.7803403919398
restricted_bend_sustain_v4_00913,262.2710527806582,238.3491322187851,23.921920561873094
restricted_bend_sustain_v4_00914,241.1391358460434,217.25049191665195,23.88864392939144
restricted_bend_sustain_v4_00915,206.82343290512287,201.38842365449455,5.435009250628338
restricted_bend_sustain_v4_00916,353.0024587218963,326.4405085976179,26.561950124278432
restricted_bend_sustain_v4_00917,200.58154803326602,160.99825131472267,39.58329671854335
restricted_bend_sustain_v4_00918,217.12920628580648,199.5535013193084,17.57570496649809
restricted_bend_sustain_v4_00919,260.3032066765527,242.48582331385307,17.817383362699594
restricted_bend_sustain_v4_00920,222.5713737523213,214.66252641929188,7.90884733302944
restricted_bend_sustain_v4_00921,203.4298883347659,176.3518631641299,27.078025170636053
restricted_bend_sustain_v4_00922,239.0806669981363,218.3927833680529,20.687883630083437
restricted_bend_sustain_v4_00923,239.0300236491396,201.9088372887687,37.12118636037091
restricted_bend_sustain_v4_00924,260.2560175099011,201.97532301425903,58.28069449564208
restricted_bend_sustain_v4_00925,193.13752977471432,181.42457587852942,11.712953896184878
restricted_bend_sustain_v4_00926,455.10123121763473,391.4756389257802,63.62559229185455
restricted_bend_sustain_v4_00927,179.76868325802965,164.5988449107151,15.169838347314574
restricted_bend_sustain_v4_00928,190.5844953455004,173.4404815221945,17.144013823305926
restricted_bend_sustain_v4_00929,163.2191462302144,157.8330627351193,5.38608349509506
restricted_bend_sustain_v4_00930,197.452914000088,191.07161408214637,6.381299917941623
restricted_bend_sustain_v4_00931,948.7449012399102,738.6001309188104,210.14477032109988
restricted_bend_sustain_v4_00932,222.49383623743842,210.52174362693555,11.972092610502855
restricted_bend_sustain_v4_00933,892.8937691944774,846.8434460442473,46.05032315023009
restricted_bend_sustain_v4_00934,294.9604038417341,251.45711083414338,43.50329300759071
restricted_bend_sustain_v4_00935,147.15541887975863,144.19782022226744,2.9575986574911957
restricted_bend_sustain_v4_00936,218.46053543574095,201.4146806451431,17.045854790597858
restricted_bend_sustain_v4_00937,827.7781018074331,719.1384718338871,108.63962997354588
restricted_bend_sustain_v4_00938,230.88653068639942,195.0246028125123,35.86192787388714
restricted_bend_sustain_v4_00939,182.80274000990642,172.42079362420418,10.381946385702271
restricted_bend_sustain_v4_00940,213.18862184986156,200.54616569393568,12.642456155925917
restricted_bend_sustain_v4_00941,229.40872604057526,215.03516298811917,14.37356305245611
restricted_bend_sustain_v4_00942,198.31028508305593,183.10187856461025,15.208406518445688
restricted_bend_sustain_v4_00943,488.9932721228172,431.65920119759295,57.33407092522421
restricted_bend_sustain_v4_00944,319.28503224293377,286.2681309206724,33.0169013222614
restricted_bend_sustain_v4_00945,349.83804900664734,310.6436442499441,39.19440475670325
restricted_bend_sustain_v4_00946,202.3498845171571,193.39994437953158,8.94994013762554
restricted_bend_sustain_v4_00947,143.32605761635148,130.88212793182777,12.443929684523702
restricted_bend_sustain_v4_00948,241.53092517378678,202.17478698659886,39.35613818718795
restricted_bend_sustain_v4_00949,283.8145021260754,258.5876066421957,25.226895483879726
restricted_bend_sustain_v4_00950,416.3578248824835,353.45837450811297,62.89945037437039
restricted_bend_sustain_v4_00951,174.20378314650492,167.68811132522538,6.5156718212795415
restricted_bend_sustain_v4_00952,197.44850923379585,181.2880421510564,16.160467082739423
restricted_bend_sustain_v4_00953,294.01053819312125,269.3608550319634,24.64968316115777
restricted_bend_sustain_v4_00954,503.34187529249147,437.7955084075829,65.54636688490861
restricted_bend_sustain_v4_00955,226.3659017670124,201.9377269190056,24.428174848006783
restricted_bend_sustain_v4_00956,221.76583797709148,211.02709177981106,10.738746197280477
restricted_bend_sustain_v4_00957,221.6276184177217,182.89603390573754,38.73158451198412
restricted_bend_sustain_v4_00958,234.3813122635997,216.43887199162558,17.94244027197412
restricted_bend_sustain_v4_00959,292.6101006625563,268.64462980390323,23.965470858653095
restricted_bend_sustain_v4_00960,214.3358275762207,197.04811288687455,17.287714689346174
restricted_bend_sustain_v4_00961,191.13804836813785,149.9850656395925,41.152982728545325
restricted_bend_sustain_v4_00962,201.18941452001914,196.73545742352903,4.453957096490108
restricted_bend_sustain_v4_00963,226.43887859192594,205.14754338199498,21.29133520993094
restricted_bend_sustain_v4_00964,277.93498775631605,214.24659767452152,63.68839008179451
restricted_bend_sustain_v4_00965,260.88329621378756,240.9990689831881,19.884227230599468
restricted_bend_sustain_v4_00966,448.30091520338533,374.95908341425195,73.34183178913341
restricted_bend_sustain_v4_00967,204.04601828941594,195.83246261993787,8.213555669478051
restricted_bend_sustain_v4_00968,255.77773015234516,213.56899479885263,42.20873535349257
restricted_bend_sustain_v4_00969,246.05558276035916,229.18164171549594,16.87394104486324
restricted_bend_sustain_v4_00970,622.6923604529035,520.5606687887043,102.13169166419922
restricted_bend_sustain_v4_00971,157.4871471776398,145.956092236341,11.53105494129877
restricted_bend_sustain_v4_00972,166.51889836991256,161.3142366291542,5.204661740758318
restricted_bend_sustain_v4_00973,174.9143942839901,158.32208847545658,16.59230580853349
restricted_bend_sustain_v4_00974,248.6605632871895,219.484791563677,29.17577172351248
restricted_bend_sustain_v4_00975,363.54614813475393,328.1498862735027,35.396261861251254
restricted_bend_sustain_v4_00976,151.06077683376648,140.7219993976063,10.338777436160184
restricted_bend_sustain_v4_00977,241.56676655209174,226.04207447985078,15.52469207224095
restricted_bend_sustain_v4_00978,136.01870247875988,130.92697213304274,5.0917303457171545
restricted_bend_sustain_v4_00979,933.9018969610661,825.3413586107055,108.56053835036079
restricted_bend_sustain_v4_00980,188.76241086726498,173.2105906546526,15.55182021261238
restricted_bend_sustain_v4_00981,436.5051931051121,400.9447249311518,35.56046817396028
restricted_bend_sustain_v4_00982,635.0853988141364,486.397372610902,148.68802620323441
restricted_bend_sustain_v4_00983,257.03019098262695,238.87426114511624,18.155929837510733
restricted_bend_sustain_v4_00984,201.55010911160957,174.22008892510507,27.330020186504502
restricted_bend_sustain_v4_00985,363.4831283257275,314.5974420770471,48.88568624868035
restricted_bend_sustain_v4_00986,397.0810897604687,334.542391497321,62.5386982631477
restricted_bend_sustain_v4_00987,202.60139343561977,200.0374207438377,2.5639726917820473
restricted_bend_sustain_v4_00988,274.47689159476374,257.3277672192993,17.149124375464403
restricted_bend_sustain_v4_00989,262.3899634918772,229.62330889712135,32.76665459475589
restricted_bend_sustain_v4_00990,190.58292918692564,184.3185717640556,6.264357422870027
restricted_bend_sustain_v4_00991,441.54660383037805,393.11456833615523,48.43203549422287
restricted_bend_sustain_v4_00992,225.42804575535703,184.11383944611129,41.314206309245776
restricted_bend_sustain_v4_00993,233.28376862297793,221.5165715231116,11.76719709986635
restricted_bend_sustain_v4_00994,464.80591914622806,412.82852135105304,51.977397795175
restricted_bend_sustain_v4_00995,161.68006670765234,147.81704177776567,13.863024929886704
restricted_bend_sustain_v4_00996,292.43441049164426,268.4011474501036,24.03326304154056
restricted_bend_sustain_v4_00997,222.76027202162004,181.90445085543425,40.85582116618578
restricted_bend_sustain_v4_00998,230.6331126050891,211.55933980944457,19.07377279564458
restricted_bend_sustain_v4_00999,272.26665057040566,236.2348355324129,36.031815037992786
restricted_bend_sustain_v4_01000,178.10626005497022,167.98520968865893,10.12105036631134
restricted_bend_sustain_v4_01001,205.97810995778445,156.62406568741216,49.35404427037231
restricted_bend_sustain_v4_01002,209.04283696957168,193.3755173980066,15.667319571565102
restricted_bend_sustain_v4_01003,258.3448012192304,224.4215213322397,33.92327988699068
restricted_bend_sustain_v4_01004,276.8823896236786,254.4910601747336,22.391329448944973
restricted_bend_sustain_v4_01005,198.08263994538444,192.6671413034258,5.415498641958639
restricted_bend_sustain_v4_01006,901.7174709998402,770.4422334902763,131.27523750956385
restricted_bend_sustain_v4_01007,188.09819736783464,171.04581849934073,17.052378868493896
restricted_bend_sustain_v4_01008,234.6931125557358,223.0664982378375,11.626614317898294
restricted_bend_sustain_v4_01009,676.1812654598215,562.8913549889799,113.28991047084162
restricted_bend_sustain_v4_01010,393.64324953253544,330.4428055430722,63.200443989463295
restricted_bend_sustain_v4_01011,170.2969150383176,157.2097194533994,13.087195584918222
restricted_bend_sustain_v4_01012,164.45608756460885,157.6463258862275,6.809761678381378
restricted_bend_sustain_v4_01013,227.20588437668252,207.86628814298882,19.339596233693722
restricted_bend_sustain_v4_01014,226.92024280656318,213.29060778874998,13.629635017813197
restricted_bend_sustain_v4_01015,1435.6629035211897,1281.8635598853832,153.79934363580725
restricted_bend_sustain_v4_01016,180.26067423801692,170.59040773876458,9.670266499252314
restricted_bend_sustain_v4_01017,225.5783398788268,206.48272166199098,19.095618216835813
restricted_bend_sustain_v4_01018,182.8110234963939,176.1526094533291,6.658414043064795
restricted_bend_sustain_v4_01019,559.5055414388386,491.6816258586207,67.82391558021791
restricted_bend_sustain_v4_01020,217.5773757168452,202.15578405291933,15.421591663925884
restricted_bend_sustain_v4_01021,545.8311108803523,482.8690331065783,62.96207777377401
restricted_bend_sustain_v4_01022,360.4081693511078,309.98182241253164,50.426346938576174
restricted_bend_sustain_v4_01023,223.15519003727977,215.91489403763524,7.240295999644537
