sample_id,gain_db,result_peak,error_rms_dbfs
restricted_bend_sustain_v4_00000,1.7392271441833347,0.260444234436764,-95.10542216095126
restricted_bend_sustain_v4_00001,-12.02743132788687,0.07321235568363965,-108.16137331466719
restricted_bend_sustain_v4_00002,-0.592098308458614,0.15085306053489542,-96.89513037014548
restricted_bend_sustain_v4_00003,4.294233896480067,0.37039320161032246,-93.01274063596586
restricted_bend_sustain_v4_00004,-3.8378313224013216,0.18833472169768636,-100.37785003101749
restricted_bend_sustain_v4_00005,3.1972683920254936,0.2963596743878728,-93.86913114199783
restricted_bend_sustain_v4_00006,-4.934822523639953,0.1370851698108753,-102.04253699046046
restricted_bend_sustain_v4_00007,-5.645880490000179,0.1123771458722049,-100.88194413844639
restricted_bend_sustain_v4_00008,-5.4780076129090425,0.10272930635896024,-102.35152717791397
restricted_bend_sustain_v4_00009,-0.44651987866826015,0.19104409521891158,-97.51470485759255
restricted_bend_sustain_v4_00010,2.632628218666077,0.19336777486713924,-94.34557056662997
restricted_bend_sustain_v4_00011,-4.928900132884483,0.10419390703352752,-100.14850617182759
restricted_bend_sustain_v4_00012,8.29337309107717,0.2502917189729645,-88.48799637187545
restricted_bend_sustain_v4_00013,-6.513563698066243,0.10158358786330639,-102.35125427901424
restricted_bend_sustain_v4_00014,-3.9612569080226647,0.1406541214662373,-100.24612948704848
restricted_bend_sustain_v4_00015,-0.9967718761036379,0.23544690007662009,-98.07537993278437
restricted_bend_sustain_v4_00016,0.6860615521376654,0.1181826488713703,-96.15645132561184
restricted_bend_sustain_v4_00017,6.464016796461028,0.3879302811366803,-90.23963234070098
restricted_bend_sustain_v4_00018,-5.443102076267348,0.12115207510950461,-100.98751253461592
restricted_bend_sustain_v4_00019,-4.026942024251855,0.16512969549312423,-101.04125347964168
restricted_bend_sustain_v4_00020,0.3141378886131101,0.2723776917189961,-95.42678596199426
restricted_bend_sustain_v4_00021,-8.351325067981088,0.07101411495807816,-105.13327683334637
restricted_bend_sustain_v4_00022,-5.82788246159538,0.10460230409207767,-102.59618250048678
restricted_bend_sustain_v4_00023,1.7361281732111786,0.30177296148541677,-94.70212365527388
restricted_bend_sustain_v4_00024,-4.512355108918341,0.15641106897624218,-100.35096332644258
restricted_bend_sustain_v4_00025,-6.433061345760377,0.07813213632761978,-103.32052139806297
restricted_bend_sustain_v4_00026,-4.866823302348695,0.11966961217951994,-101.66481747879929
restricted_bend_sustain_v4_00027,6.329108334186575,0.2687176886736786,-90.02856142973158
restricted_bend_sustain_v4_00028,1.6012300324929054,0.3029620187040595,-95.16754193085681
restricted_bend_sustain_v4_00029,6.8421081759138636,0.43484632955042596,-89.96968605651946
restricted_bend_sustain_v4_00030,2.887834990122746,0.2978897615844126,-92.2641551465464
restricted_bend_sustain_v4_00031,-9.301874741568522,0.08063100437392713,-106.1391859104518
restricted_bend_sustain_v4_00032,-14.41256029881562,0.06392107514435783,-111.10035813505037
restricted_bend_sustain_v4_00033,-0.9689954792003946,0.15321721845225209,-97.9972230039368
restricted_bend_sustain_v4_00034,1.7125066607791142,0.23755773005725972,-95.2385597778666
restricted_bend_sustain_v4_00035,2.368552107893106,0.1025098351343139,-93.32354648117176
restricted_bend_sustain_v4_00036,1.569751427230279,0.2081022715567733,-95.3870305077676
restricted_bend_sustain_v4_00037,-4.256225333637947,0.11497412723271357,-100.2532479914868
restricted_bend_sustain_v4_00038,-6.473037019850127,0.08328185397066756,-102.56186217656409
restricted_bend_sustain_v4_00039,1.3682126233355487,0.32645328224255543,-95.70708894591732
restricted_bend_sustain_v4_00040,2.639643094766397,0.2563508331281163,-94.22468962761909
restricted_bend_sustain_v4_00041,-0.2737208175569947,0.1613459149993649,-96.4202895367692
restricted_bend_sustain_v4_00042,-7.375978654765811,0.0766324188532424,-103.8763891821333
restricted_bend_sustain_v4_00043,1.309704035002729,0.2985064983979989,-95.45322738510932
restricted_bend_sustain_v4_00044,-6.118873984028147,0.1343778903586348,-102.84909745967566
restricted_bend_sustain_v4_00045,7.051982100965728,0.3374835779948739,-89.74686470471437
restricted_bend_sustain_v4_00046,4.811413956461209,0.30206183715113155,-92.2852902215479
restricted_bend_sustain_v4_00047,-8.237569891269976,0.09118353003835433,-103.31372795790904
restricted_bend_sustain_v4_00048,3.5781984552201234,0.29963867777093056,-92.55323757942855
restricted_bend_sustain_v4_00049,-4.675204027302145,0.10327002639804668,-101.71053673397053
restricted_bend_sustain_v4_00050,-9.145935809154487,0.08818885317918829,-105.99475324446291
restricted_bend_sustain_v4_00051,5.403066147742845,0.19635368621228327,-90.9640824189225
restricted_bend_sustain_v4_00052,2.800032037657828,0.1355730054878956,-93.99247701856135
restricted_bend_sustain_v4_00053,1.5939213437965474,0.2157273144271922,-95.09013320001927
restricted_bend_sustain_v4_00054,0.9158441239971584,0.27938221545637204,-94.34149370386322
restricted_bend_sustain_v4_00055,-1.6730321498263854,0.1693378676704691,-98.62104726793658
restricted_bend_sustain_v4_00056,-4.367791629802767,0.11124250311860348,-101.28145071007614
restricted_bend_sustain_v4_00057,-0.9890557837443902,0.1786681118706464,-97.66642157482613
restricted_bend_sustain_v4_00058,11.732243328208103,0.4380742766831206,-83.8178650270266
restricted_bend_sustain_v4_00059,-5.547875042477731,0.15277195992927414,-102.49626606276831
restricted_bend_sustain_v4_00060,9.045030093894406,0.3448606139054225,-86.42516518931023
restricted_bend_sustain_v4_00061,-4.3525117486899445,0.11317150394469185,-101.30883032959302
restricted_bend_sustain_v4_00062,-8.898651918135942,0.07275068566311069,-105.66612756346417
restricted_bend_sustain_v4_00063,-0.4746572009478362,0.19510945327042575,-96.88976938839028
restricted_bend_sustain_v4_00064,-4.904251060885617,0.14420110734160613,-100.35964746965254
restricted_bend_sustain_v4_00065,-9.337968756465104,0.07372818023574991,-106.06347081025899
restricted_bend_sustain_v4_00066,-7.591848236203884,0.10484258324340844,-104.4496760134482
restricted_bend_sustain_v4_00067,12.164489080537624,0.3520686692872358,-84.64904671998514
restricted_bend_sustain_v4_00068,1.7651968220171388,0.14271655026005384,-95.01554814696277
restricted_bend_sustain_v4_00069,4.982791095902578,0.2914053461526788,-91.44715632277752
restricted_bend_sustain_v4_00070,0.18438714666711054,0.22359655559683345,-95.47474725084004
restricted_bend_sustain_v4_00071,-10.38064333118615,0.08371183013100737,-107.1083258706484
restricted_bend_sustain_v4_00072,-6.578341685435176,0.13021498052371452,-103.34295535990941
restricted_bend_sustain_v4_00073,5.534720006013711,0.37141265318494276,-91.25435279085387
restricted_bend_sustain_v4_00074,5.255709701205591,0.20352606129974865,-90.56517622898149
restricted_bend_sustain_v4_00075,-3.3206663150022973,0.14869743862415907,-100.09933629599465
restricted_bend_sustain_v4_00076,4.76954322878861,0.4333476797952012,-90.17657682098852
restricted_bend_sustain_v4_00077,-9.167893168287332,0.08044711914670691,-106.02492005224585
restricted_bend_sustain_v4_00078,-5.274952832832728,0.10206210254861801,-101.99994744219865
restricted_bend_sustain_v4_00079,7.863719114659417,0.40347012483928923,-88.80285736453615
restricted_bend_sustain_v4_00080,-7.112290186264854,0.09759835616778396,-103.48172375486628
restricted_bend_sustain_v4_00081,2.4450986336961034,0.25803154586138977,-94.55476150174243
restricted_bend_sustain_v4_00082,-1.7772454482163478,0.16358500476155022,-98.47713703658833
restricted_bend_sustain_v4_00083,10.466837787581191,0.08550579149039228,-85.56024755438379
restricted_bend_sustain_v4_00084,5.411501878119069,0.4036716965805333,-91.29669525973286
restricted_bend_sustain_v4_00085,-3.6311737463703073,0.10578868299313694,-98.908452067045
restricted_bend_sustain_v4_00086,-0.038860702869449544,0.1329332144270621,-96.59373861939108
restricted_bend_sustain_v4_00087,0.6478049395377736,0.22505532316243415,-96.30961421987209
restricted_bend_sustain_v4_00088,0.8247112192065456,0.1950992426697693,-96.07161070169329
restricted_bend_sustain_v4_00089,-11.006666051738092,0.06972200661984367,-106.53331133887464
restricted_bend_sustain_v4_00090,-1.63817808046645,0.14690885617398178,-98.45254642370945
restricted_bend_sustain_v4_00091,2.3649238341389838,0.37474805857190724,-94.61889101693379
restricted_bend_sustain_v4_00092,-3.915372885332336,0.20291822690315736,-100.09473551721916
restricted_bend_sustain_v4_00093,7.567265042131809,0.37944817670713055,-89.43836019749298
restricted_bend_sustain_v4_00094,-4.458456340446469,0.1412595758921655,-101.21885634995728
restricted_bend_sustain_v4_00095,-9.61599629468058,0.08173183956839267,-105.34585309486383
restricted_bend_sustain_v4_00096,0.493169213974839,0.1348730693662493,-96.42149312477497
restricted_bend_sustain_v4_00097,-2.0304926441750712,0.16704289690590968,-98.61781793452771
restricted_bend_sustain_v4_00098,8.371267826669952,0.4602260028681816,-87.62899052238566
restricted_bend_sustain_v4_00099,-2.6062243781116763,0.2297118917477779,-99.36559046586655
restricted_bend_sustain_v4_00100,2.6023835339528634,0.39426620569212917,-92.48728446834492
restricted_bend_sustain_v4_00101,-3.3281418903942654,0.09798275584534084,-100.31522991900363
restricted_bend_sustain_v4_00102,-12.609324815619162,0.05336692793132011,-109.4082562057042
restricted_bend_sustain_v4_00103,-3.8014387626441035,0.1415834318326451,-100.4305107212049
restricted_bend_sustain_v4_00104,-0.0537573687173589,0.274086948732768,-95.27466355168313
restricted_bend_sustain_v4_00105,-5.397844043201761,0.11533342287729353,-102.05819499667997
restricted_bend_sustain_v4_00106,-6.994797696946859,0.07497964865378748,-103.8096509026779
restricted_bend_sustain_v4_00107,1.9564515233699802,0.2031843962928892,-94.83775589155321
restricted_bend_sustain_v4_00108,-2.198995380903503,0.20394763111975803,-99.01634174282201
restricted_bend_sustain_v4_00109,-2.0471300635710272,0.15594065128683096,-98.55406650236135
restricted_bend_sustain_v4_00110,9.755741858281873,0.3930529515597235,-85.88306452784755
restricted_bend_sustain_v4_00111,-4.799797685306561,0.1488470461518322,-101.61866404736432
restricted_bend_sustain_v4_00112,2.1104111805971817,0.2701517413138053,-94.94886076759892
restricted_bend_sustain_v4_00113,2.5528278849832824,0.15898814706852138,-93.07928977125023
restricted_bend_sustain_v4_00114,-9.052324916543073,0.07658624478744865,-105.8404504880213
restricted_bend_sustain_v4_00115,6.108257408083589,0.4264820234146987,-90.66807354854717
restricted_bend_sustain_v4_00116,-6.176202397094589,0.12814451100291357,-102.35954085179357
restricted_bend_sustain_v4_00117,-1.9905677100547425,0.17293160477499386,-99.05531512516794
restricted_bend_sustain_v4_00118,3.1261255962996897,0.21073240663979273,-93.69233352354408
restricted_bend_sustain_v4_00119,0.5645450307305512,0.12200799218364296,-95.35313979312079
restricted_bend_sustain_v4_00120,-12.129036732273654,0.08194392967839483,-108.6324741158617
restricted_bend_sustain_v4_00121,1.4286832699387986,0.16931939633259382,-95.64295398619025
restricted_bend_sustain_v4_00122,-1.0051774018470452,0.1527416615744148,-97.82252889064083
restricted_bend_sustain_v4_00123,-2.382186898452049,0.1215091003037747,-98.17338375234266
restricted_bend_sustain_v4_00124,6.657652297641773,0.27301584994884165,-90.4374738280332
restricted_bend_sustain_v4_00125,-3.6703978766211804,0.15827458546019307,-98.90640608989408
restricted_bend_sustain_v4_00126,-8.860252013314632,0.06974281977283474,-105.5272436189916
restricted_bend_sustain_v4_00127,-3.283715068049891,0.16250958679424088,-100.2576090580382
restricted_bend_sustain_v4_00128,-3.7041629740444346,0.14453215709315462,-100.44681026829915
restricted_bend_sustain_v4_00129,-11.326881524508517,0.06604769617655594,-107.22296805676893
restricted_bend_sustain_v4_00130,-3.5403993421177757,0.11434852922712122,-99.87636927558651
restricted_bend_sustain_v4_00131,3.9883879254519656,0.4640258743999026,-92.77326310458149
restricted_bend_sustain_v4_00132,-3.5707656108939445,0.18967368515028488,-100.33209795504342
restricted_bend_sustain_v4_00133,10.661898360669337,0.5727439575168198,-86.20918316142026
restricted_bend_sustain_v4_00134,-3.3448476795164757,0.16826678607128454,-100.20421178525402
restricted_bend_sustain_v4_00135,-6.32307882381327,0.11601693805148182,-101.73440842978746
restricted_bend_sustain_v4_00136,-2.5141905615749844,0.18163833220478354,-99.16204057432347
restricted_bend_sustain_v4_00137,5.55857168440029,0.3421757510317745,-91.4213939054134
restricted_bend_sustain_v4_00138,2.1636071447914564,0.22300791786009247,-94.81693310813566
restricted_bend_sustain_v4_00139,1.3022795787449104,0.11300756522471578,-93.65405669507608
restricted_bend_sustain_v4_00140,3.8763891397052017,0.20087814646965463,-92.84557115541853
restricted_bend_sustain_v4_00141,-10.190202116461904,0.08163929357988403,-106.07943596862867
restricted_bend_sustain_v4_00142,-4.826758280697393,0.08772434493171996,-101.3174341651944
restricted_bend_sustain_v4_00143,6.027408377763739,0.4244224036028009,-90.9243453239344
restricted_bend_sustain_v4_00144,-9.406429054429102,0.08001792311949152,-106.19721962553277
restricted_bend_sustain_v4_00145,-1.26827424018898,0.14593127505326353,-98.12120940319255
restricted_bend_sustain_v4_00146,4.711736626293252,0.284545521376056,-90.38114720344376
restricted_bend_sustain_v4_00147,-4.346796389077252,0.14624066395669716,-101.0526114201309
restricted_bend_sustain_v4_00148,5.158380196326524,0.31365048530834605,-90.7572710187609
restricted_bend_sustain_v4_00149,-3.908422150842798,0.10203712110629284,-100.83063125754919
restricted_bend_sustain_v4_00150,-0.38496199172544665,0.1658976857187508,-97.17375723378282
restricted_bend_sustain_v4_00151,1.0232303429563474,0.2298622277567388,-95.57619190010877
restricted_bend_sustain_v4_00152,-0.6472546252268635,0.23834761459805215,-96.28673790995367
restricted_bend_sustain_v4_00153,-6.099125317066434,0.07787689825823187,-102.89202075317101
restricted_bend_sustain_v4_00154,-4.733401576726189,0.11841471848424759,-101.46283340825343
restricted_bend_sustain_v4_00155,3.6132862145180593,0.28664312378694584,-92.78794688623306
restricted_bend_sustain_v4_00156,1.3263433932084725,0.12033624705136917,-95.51054553333243
restricted_bend_sustain_v4_00157,-4.931660654851461,0.15432543947175145,-101.58667987081024
restricted_bend_sustain_v4_00158,-1.7398084956096764,0.1830864154458425,-96.95997285462343
restricted_bend_sustain_v4_00159,-12.149319382194879,0.06681585861460203,-108.84463656106885
restricted_bend_sustain_v4_00160,-12.545799277209749,0.05997812291484541,-109.19496509239904
restricted_bend_sustain_v4_00161,4.579349198078845,0.1610457230343906,-92.4842705366506
restricted_bend_sustain_v4_00162,5.28180224187709,0.38698200309379926,-91.59025588873342
restricted_bend_sustain_v4_00163,-0.6804109734085262,0.16393390473212407,-95.85808394448452
restricted_bend_sustain_v4_00164,9.708826065172836,0.30564840212133304,-87.04544232552992
restricted_bend_sustain_v4_00165,-4.796099436990858,0.13744134400627023,-100.8743786099632
restricted_bend_sustain_v4_00166,-8.699211318531251,0.06451937203800627,-105.05474572423482
restricted_bend_sustain_v4_00167,-4.649158292355307,0.16230431127397968,-101.40278404372602
restricted_bend_sustain_v4_00168,6.882900928507269,0.45249943871962955,-89.8629988370029
restricted_bend_sustain_v4_00169,-4.577846654722456,0.11659400505718617,-100.40122247802655
restricted_bend_sustain_v4_00170,-4.172170465235817,0.07638542520778138,-100.35713260532941
restricted_bend_sustain_v4_00171,1.8608855531554211,0.2494810176731718,-95.07189541668953
restricted_bend_sustain_v4_00172,-4.437303487136043,0.16100269802060752,-101.33662542050266
restricted_bend_sustain_v4_00173,-3.7150095506619696,0.16857368857787,-100.76799805974781
restricted_bend_sustain_v4_00174,3.400276814995786,0.30897073410899784,-93.41278813069592
restricted_bend_sustain_v4_00175,5.612931600187609,0.32809700889499777,-89.96392226419898
restricted_bend_sustain_v4_00176,0.7244070959569359,0.3026206532552215,-95.01087083949302
restricted_bend_sustain_v4_00177,-4.026360804569084,0.12009294942200953,-100.88204698660617
restricted_bend_sustain_v4_00178,-5.590422370758271,0.10389860390233804,-102.42037746082944
restricted_bend_sustain_v4_00179,8.660845560994538,0.3209238659430412,-87.35765610362458
restricted_bend_sustain_v4_00180,-4.473422178312312,0.11339079278448076,-101.35585814843502
restricted_bend_sustain_v4_00181,6.218674821069088,0.21513027455760822,-90.66493537323802
restricted_bend_sustain_v4_00182,7.587184630360332,0.3500937647266355,-88.02922631042364
restricted_bend_sustain_v4_00183,-5.915641478854892,0.11167933870735537,-102.62908293565742
restricted_bend_sustain_v4_00184,-9.263987369018515,0.06618634333815857,-106.32795445924364
restricted_bend_sustain_v4_00185,-4.623182567135672,0.11879197360928384,-101.33944753528405
restricted_bend_sustain_v4_00186,2.279684073064822,0.23683921365663693,-92.74443234559028
restricted_bend_sustain_v4_00187,-6.170101477442652,0.15659096306030257,-103.0189608251554
restricted_bend_sustain_v4_00188,2.2172959992954984,0.44143096671266324,-93.58511837585802
restricted_bend_sustain_v4_00189,-2.4937303770087165,0.11181703439854045,-99.40653380957406
restricted_bend_sustain_v4_00190,-10.58326328266212,0.06880551859928803,-107.32996733100975
restricted_bend_sustain_v4_00191,0.8671004995940992,0.2297127902224508,-95.92228952791628
restricted_bend_sustain_v4_00192,-1.1278708394028043,0.23095094979399175,-96.46898631112364
restricted_bend_sustain_v4_00193,-7.385320753022858,0.07864683174195948,-104.32260709634635
restricted_bend_sustain_v4_00194,-4.710500749983204,0.13277051849378466,-101.52054613776995
restricted_bend_sustain_v4_00195,9.723991241552511,0.34182770524875417,-86.76268575811561
restricted_bend_sustain_v4_00196,-2.3153004842824396,0.1764824584314265,-99.0491682913345
restricted_bend_sustain_v4_00197,1.7152918229549783,0.274809665235867,-94.91861787054097
restricted_bend_sustain_v4_00198,2.9212914310886795,0.18561703819481915,-93.0724271261105
restricted_bend_sustain_v4_00199,-9.370775000046724,0.09063548388927976,-106.19887582253014
restricted_bend_sustain_v4_00200,3.2095135771641266,0.13844625543238073,-93.65300512505527
restricted_bend_sustain_v4_00201,7.225958857772666,0.3545667605419108,-89.2677059685174
restricted_bend_sustain_v4_00202,0.09478063337471843,0.16464545367770525,-95.75238083570311
restricted_bend_sustain_v4_00203,-6.36988533551637,0.13150053667882086,-103.08615669179974
restricted_bend_sustain_v4_00204,5.868701443447706,0.4857372999445853,-89.55608507067156
restricted_bend_sustain_v4_00205,-7.38301196974132,0.08086357724529651,-104.04784774176866
restricted_bend_sustain_v4_00206,-2.849329852321179,0.12471701230935238,-99.58524595638485
restricted_bend_sustain_v4_00207,-0.2841944260412328,0.22368739375791102,-97.08777339056891
restricted_bend_sustain_v4_00208,-5.150990613407286,0.1325735659965939,-101.18093670416387
restricted_bend_sustain_v4_00209,13.266269215616441,0.3524260272287429,-83.73862130533149
restricted_bend_sustain_v4_00210,-3.1540640485701354,0.1552082494487801,-99.92944247601487
restricted_bend_sustain_v4_00211,-6.054067155350886,0.12840584649275097,-101.75675479640701
restricted_bend_sustain_v4_00212,4.161813741469373,0.1903914363014719,-92.81550248873431
restricted_bend_sustain_v4_00213,-9.59571107671229,0.05913056804907372,-105.3090283284626
restricted_bend_sustain_v4_00214,-6.478981244460568,0.1008554580449585,-103.3069755591394
restricted_bend_sustain_v4_00215,6.20853088752245,0.4036988215535773,-90.87476156157481
restricted_bend_sustain_v4_00216,0.31039379647530685,0.18410825245978119,-96.44009523016878
restricted_bend_sustain_v4_00217,-9.727797781769352,0.07715234021054264,-104.83940831628442
restricted_bend_sustain_v4_00218,-4.385036409995509,0.09849340679373075,-101.00841674712954
restricted_bend_sustain_v4_00219,5.339890773567074,0.46567679864685724,-91.37830194109148
restricted_bend_sustain_v4_00220,1.220042599332983,0.2631718793507508,-95.25847267188797
restricted_bend_sustain_v4_00221,4.973137599612799,0.38782066364888323,-92.05842413410521
restricted_bend_sustain_v4_00222,-4.532503388604956,0.15667352684909064,-101.42291771387305
restricted_bend_sustain_v4_00223,-3.4826141908092163,0.0984060828850519,-99.67605657636447
restricted_bend_sustain_v4_00224,-7.411831599796546,0.10075849372125815,-104.22954760789871
restricted_bend_sustain_v4_00225,-3.1823600746975345,0.1939157234023907,-99.44258127687411
restricted_bend_sustain_v4_00226,7.115681479202091,0.18122657489677724,-88.65435397168851
restricted_bend_sustain_v4_00227,-3.6708174685915242,0.12063635967750361,-100.41382208126751
restricted_bend_sustain_v4_00228,-0.9387775160264182,0.30637917014621574,-96.4281701070511
restricted_bend_sustain_v4_00229,0.1477642464252703,0.1990173982380107,-96.62025353359125
restricted_bend_sustain_v4_00230,-9.462656668224742,0.08407545126612787,-106.27484603034476
restricted_bend_sustain_v4_00231,4.087281917641677,0.2978974391102867,-92.72107330312154
restricted_bend_sustain_v4_00232,-0.8138647819706045,0.17477952184427972,-96.03883258848555
restricted_bend_sustain_v4_00233,-2.4577037298504014,0.13603748542530023,-99.29745315206232
restricted_bend_sustain_v4_00234,-4.114046199929581,0.09277329592556091,-100.91249326914922
restricted_bend_sustain_v4_00235,4.3050907474558215,0.318408843415777,-92.4054883764539
restricted_bend_sustain_v4_00236,3.1047244024400618,0.11464760949390872,-93.7163539054798
restricted_bend_sustain_v4_00237,-0.8240950757833226,0.21752430722295196,-97.36180274680521
restricted_bend_sustain_v4_00238,-1.3520782699350542,0.17745377398167198,-97.30043745737105
restricted_bend_sustain_v4_00239,-9.974933604650776,0.06539177969269674,-106.90677679604005
restricted_bend_sustain_v4_00240,-2.202786557531364,0.187306986368239,-99.05926562980916
restricted_bend_sustain_v4_00241,-6.442221191603936,0.09053596738626626,-101.84300941727008
restricted_bend_sustain_v4_00242,-9.78810914831321,0.07443102272899117,-106.43672206474909
restricted_bend_sustain_v4_00243,0.7240745641659972,0.3037378089192875,-96.227182174857
restricted_bend_sustain_v4_00244,-2.8518341509329552,0.1892646343966977,-99.17079749706747
restricted_bend_sustain_v4_00245,0.705722365804768,0.15345208548692366,-96.24648334505736
restricted_bend_sustain_v4_00246,7.696189573190361,0.3677597730270957,-89.50104327458487
restricted_bend_sustain_v4_00247,-5.94239491851598,0.12800406450510535,-101.94438697605734
restricted_bend_sustain_v4_00248,-8.712684252345651,0.11877838941903753,-105.02750432154033
restricted_bend_sustain_v4_00249,-2.701221121776492,0.16324080101800087,-99.82011620666727
restricted_bend_sustain_v4_00250,11.52784288498912,0.5150298279107933,-85.46437040496157
restricted_bend_sustain_v4_00251,4.49011805546205,0.13730035530053974,-91.09999500144603
restricted_bend_sustain_v4_00252,8.711901237154182,0.42846295421286423,-88.21738134055748
restricted_bend_sustain_v4_00253,-2.0480268072969716,0.16187576184721797,-97.54206546556796
restricted_bend_sustain_v4_00254,-9.506834652119753,0.069541678119501,-106.36158220181541
restricted_bend_sustain_v4_00255,-6.885944631043658,0.15111654729854604,-103.69619207912524
restricted_bend_sustain_v4_00256,6.442530423748233,0.41205838490016683,-90.30343470811215
restricted_bend_sustain_v4_00257,-5.123382619881507,0.11750705227832663,-101.51386617930672
restricted_bend_sustain_v4_00258,-3.9819306781477035,0.13305068366546444,-100.063091788645
restricted_bend_sustain_v4_00259,15.620004738907598,0.4343885298782918,-81.12728121119554
restricted_bend_sustain_v4_00260,-8.90078182496004,0.09767281083443281,-103.84264598331895
restricted_bend_sustain_v4_00261,-0.3027184763025528,0.19084686294190945,-97.09763790418788
restricted_bend_sustain_v4_00262,4.505615564504305,0.25023451407424463,-92.30728433655952
restricted_bend_sustain_v4_00263,-5.878549982949986,0.11230595367669631,-102.60758959858292
restricted_bend_sustain_v4_00264,-9.403317245947388,0.06527878016893485,-104.86054083361262
restricted_bend_sustain_v4_00265,-5.4905802322229675,0.1177510296610152,-102.37138550706155
restricted_bend_sustain_v4_00266,8.371671131415788,0.4350973459013027,-88.50039885620333
restricted_bend_sustain_v4_00267,-3.344416439863947,0.2013461281323191,-100.05227285947397
restricted_bend_sustain_v4_00268,14.84928328618338,0.5316698673325491,-82.02042876101245
restricted_bend_sustain_v4_00269,2.0022009458001007,0.11319831991501195,-94.41514037175308
restricted_bend_sustain_v4_00270,-9.739044605644237,0.07770432428808914,-105.53349956813648
restricted_bend_sustain_v4_00271,1.2149549851295063,0.2564388092222589,-95.80987295223643
restricted_bend_sustain_v4_00272,-11.197390507755268,0.0714150838127983,-108.19967611902293
restricted_bend_sustain_v4_00273,2.981588486219009,0.2337599776151735,-92.50061447692856
restricted_bend_sustain_v4_00274,2.0033104109700814,0.27582597348075677,-94.66685552684885
restricted_bend_sustain_v4_00275,4.56353645484083,0.19420097823059093,-92.20636643289326
restricted_bend_sustain_v4_00276,5.4756138386156845,0.2622784707130739,-90.73333663090395
restricted_bend_sustain_v4_00277,-5.3613047415355455,0.09886982491754191,-102.15220207655379
restricted_bend_sustain_v4_00278,-7.396948422089322,0.0794821563250383,-104.32435591299738
restricted_bend_sustain_v4_00279,-3.293794519104283,0.1623197062233815,-99.20571313830922
restricted_bend_sustain_v4_00280,-1.1181392892549467,0.2878076174575563,-97.42391071855886
restricted_bend_sustain_v4_00281,-6.368124413419873,0.09638517025303026,-103.19645256384135
restricted_bend_sustain_v4_00282,-1.1627404289307404,0.13528294179360842,-97.94941369047196
restricted_bend_sustain_v4_00283,1.403498559052643,0.28811682850683656,-94.88189568197122
restricted_bend_sustain_v4_00284,-4.090422351226547,0.16544461535818575,-100.9943939182299
restricted_bend_sustain_v4_00285,1.4087590339608562,0.19952512161429695,-93.99935666991412
restricted_bend_sustain_v4_00286,3.893668927123584,0.3301110954204709,-92.61356734734292
restricted_bend_sustain_v4_00287,-5.810611535069735,0.15255138603938087,-102.58439535777907
restricted_bend_sustain_v4_00288,-6.6085085372866,0.09358507419858876,-102.00808028116738
restricted_bend_sustain_v4_00289,6.1767149524755425,0.34584066221939525,-90.86189387021372
restricted_bend_sustain_v4_00290,-2.7874998971971805,0.1951407509810244,-99.62208111228053
restricted_bend_sustain_v4_00291,-4.331724728754728,0.1460156120025726,-101.2411598704077
restricted_bend_sustain_v4_00292,-2.7017599354909745,0.21410036938178667,-99.481539088602
restricted_bend_sustain_v4_00293,-7.9577351518035835,0.06971833179194821,-104.15746604794764
restricted_bend_sustain_v4_00294,1.0997665954141196,0.16181692175468088,-94.5044564001573
restricted_bend_sustain_v4_00295,8.612866589622133,0.354215786328148,-88.26052202978471
restricted_bend_sustain_v4_00296,-3.134934609201852,0.20883267700252198,-99.87686318295154
restricted_bend_sustain_v4_00297,2.6295520667940355,0.11206022031319839,-93.75896091559093
restricted_bend_sustain_v4_00298,-3.395751937554089,0.13025874300333198,-99.51853730254358
restricted_bend_sustain_v4_00299,6.1783541081641715,0.4770575786881748,-90.96063595241957
restricted_bend_sustain_v4_00300,-1.2450035506861281,0.11510796103987299,-96.41419253845928
restricted_bend_sustain_v4_00301,3.174996033171218,0.3002679353428339,-93.69787063096412
restricted_bend_sustain_v4_00302,-3.693214209960857,0.13262628752539063,-100.44525206825395
restricted_bend_sustain_v4_00303,-11.843069957913599,0.07470394871172016,-108.21303018063577
restricted_bend_sustain_v4_00304,5.905442782935361,0.2694176726675951,-90.51620635979347
restricted_bend_sustain_v4_00305,-10.819021939242951,0.0715460949070054,-107.62690753651177
restricted_bend_sustain_v4_00306,-3.556391525433521,0.12742823972850198,-100.27533927060693
restricted_bend_sustain_v4_00307,3.4175785230277524,0.3699933858213448,-92.42065116110304
restricted_bend_sustain_v4_00308,-2.0635373034896456,0.2152443838840053,-98.70326125557617
restricted_bend_sustain_v4_00309,4.300696107888032,0.20908538496756798,-91.04562646143054
restricted_bend_sustain_v4_00310,2.0378099437720456,0.271075935933488,-94.5700508275288
restricted_bend_sustain_v4_00311,-6.084701500719949,0.10398690120023936,-103.04290115645854
restricted_bend_sustain_v4_00312,-3.4460266343502735,0.1488373131379787,-100.46541021758642
restricted_bend_sustain_v4_00313,-2.687732747542961,0.1872647090484497,-98.39576602043222
restricted_bend_sustain_v4_00314,1.6507048950453433,0.2037353068137544,-95.08445024906746
restricted_bend_sustain_v4_00315,-6.429114500989041,0.09193968673087678,-103.17539345851641
restricted_bend_sustain_v4_00316,4.265778015105211,0.14409845225771967,-91.7210147531026
restricted_bend_sustain_v4_00317,-7.967460748407361,0.09932181146193052,-104.67556414587604
restricted_bend_sustain_v4_00318,-0.8197239685658386,0.10193931117864434,-97.52833255224948
restricted_bend_sustain_v4_00319,-2.443377284864803,0.1683401536128269,-98.42039339803918
restricted_bend_sustain_v4_00320,4.860486348100087,0.35594351952201003,-91.96515454943625
restricted_bend_sustain_v4_00321,-6.337680722591718,0.10523316999207476,-103.20923409478205
restricted_bend_sustain_v4_00322,-8.992458444613899,0.07490084581765456,-105.85810120700982
restricted_bend_sustain_v4_00323,2.7648280604172926,0.35519551866977567,-92.59944233093299
restricted_bend_sustain_v4_00324,-3.928106235282706,0.15106528989824464,-100.66798008043676
restricted_bend_sustain_v4_00325,1.8640675567292255,0.19505261035467475,-93.97154251515856
restricted_bend_sustain_v4_00326,-1.5193879854350127,0.18071645247939466,-97.94748110333188
restricted_bend_sustain_v4_00327,-2.304001927286193,0.1256054550335541,-99.06914717504267
restricted_bend_sustain_v4_00328,-10.810066091875152,0.07592846537636179,-107.58607693818261
restricted_bend_sustain_v4_00329,3.1025462046081054,0.24333559748400044,-93.21549187351448
restricted_bend_sustain_v4_00330,-2.103871526603118,0.18497941957256323,-98.47487413697179
restricted_bend_sustain_v4_00331,2.9903500079492984,0.1349020403003004,-93.79464915432037
restricted_bend_sustain_v4_00332,4.538053209614759,0.37574560999505585,-91.94520330244218
restricted_bend_sustain_v4_00333,-10.163404129171195,0.07931963865584306,-107.13983692120198
restricted_bend_sustain_v4_00334,5.1551230351545225,0.06784552450185447,-91.54246770891469
restricted_bend_sustain_v4_00335,-5.164182787231257,0.13252370299764515,-100.46500763433704
restricted_bend_sustain_v4_00336,-10.917532622220758,0.0727930131079828,-106.81133255163631
restricted_bend_sustain_v4_00337,-5.488411479710172,0.14203675943620245,-102.55731888091881
restricted_bend_sustain_v4_00338,4.796738503259916,0.24509684275412424,-92.38611149692396
restricted_bend_sustain_v4_00339,-3.663747154060381,0.19459392306314163,-100.14148446000644
restricted_bend_sustain_v4_00340,7.099119460385327,0.6231931414299742,-90.11814785360372
restricted_bend_sustain_v4_00341,-2.335053548647408,0.14145925761066747,-98.92601626053109
restricted_bend_sustain_v4_00342,-10.714026553168576,0.06770481011744024,-105.63557468967396
restricted_bend_sustain_v4_00343,0.9429126123147027,0.15387819654738447,-95.93511050479962
restricted_bend_sustain_v4_00344,1.737463171088224,0.29944594715428713,-95.17819670367452
restricted_bend_sustain_v4_00345,-2.206354869166034,0.15532486369648657,-98.97319038108343
restricted_bend_sustain_v4_00346,-2.8016484497561867,0.1273208778413107,-98.27396927965957
restricted_bend_sustain_v4_00347,-1.2788155230510965,0.22134923352153185,-98.13515004861034
restricted_bend_sustain_v4_00348,0.8862369634938071,0.1269926773557168,-94.76366030832251
restricted_bend_sustain_v4_00349,0.7239495078732434,0.20748942873457832,-96.36462019056582
restricted_bend_sustain_v4_00350,2.3900862092315758,0.28644902824331586,-94.37911893605161
restricted_bend_sustain_v4_00351,-6.657248697830251,0.1223075104638635,-103.0009512580041
restricted_bend_sustain_v4_00352,-2.0660835030237195,0.1822043223497973,-98.77459154255268
restricted_bend_sustain_v4_00353,4.356346999415479,0.27939862020270456,-91.74778807413824
restricted_bend_sustain_v4_00354,4.59482014641934,0.30245106240875635,-91.83054476861028
restricted_bend_sustain_v4_00355,-2.4695922109057906,0.15973450801940817,-99.23065151251791
restricted_bend_sustain_v4_00356,9.066015845341585,0.207873322807608,-87.5588113894135
restricted_bend_sustain_v4_00357,-6.545781981709725,0.10073797752959468,-103.4348604791939
restricted_bend_sustain_v4_00358,-7.163820065969958,0.09453296735894776,-103.79330726172371
restricted_bend_sustain_v4_00359,2.827258733370534,0.30820005135273,-92.49878071527468
restricted_bend_sustain_v4_00360,-2.772922198412921,0.15574088857761595,-99.45348336418506
restricted_bend_sustain_v4_00361,-8.562158184509688,0.06829478150250053,-105.52987500679436
restricted_bend_sustain_v4_00362,-4.728894979784368,0.0903755261348521,-101.55110235753881
restricted_bend_sustain_v4_00363,3.5361732744424006,0.4466541481560647,-91.842411346836
restricted_bend_sustain_v4_00364,-2.745222905525824,0.25591883598741477,-99.50964586309973
restricted_bend_sustain_v4_00365,2.684749882921184,0.2695479461532308,-93.33734803699527
restricted_bend_sustain_v4_00366,1.3918523377326268,0.22857241463411154,-94.90678552252176
restricted_bend_sustain_v4_00367,-8.225674426151025,0.07036772427040289,-105.26226661182011
restricted_bend_sustain_v4_00368,-4.06684413531489,0.1515772155779962,-101.14186379191972
restricted_bend_sustain_v4_00369,-8.699699732456995,0.07411256798315556,-105.44887656572669
restricted_bend_sustain_v4_00370,-7.704283734240303,0.10615204143049985,-102.88979768672303
restricted_bend_sustain_v4_00371,14.160454847087413,0.702356504130246,-82.73778511999872
restricted_bend_sustain_v4_00372,-2.2148901994965007,0.13291054955694795,-97.94890701155435
restricted_bend_sustain_v4_00373,1.1903035483189366,0.2520040309039659,-95.86011661683999
restricted_bend_sustain_v4_00374,-2.618689613685249,0.14254384634136694,-99.40287995939391
restricted_bend_sustain_v4_00375,-13.949127966049534,0.05258674643302424,-110.21118640669032
restricted_bend_sustain_v4_00376,-2.8995142825866846,0.11324090527744803,-98.86487787715188
restricted_bend_sustain_v4_00377,6.368676584963922,0.40975938808730833,-90.50640097303875
restricted_bend_sustain_v4_00378,0.40342977920398976,0.17278022107303215,-96.32833489408291
restricted_bend_sustain_v4_00379,-8.431194349251292,0.09055553669416627,-104.77542039669915
restricted_bend_sustain_v4_00380,5.797333083253965,0.4091465764208544,-90.93286582673687
restricted_bend_sustain_v4_00381,1.883085033228047,0.08075793553300967,-94.63468424749918
restricted_bend_sustain_v4_00382,-2.4413234965797352,0.11748074664466661,-97.6115770580016
restricted_bend_sustain_v4_00383,9.011321249129281,0.48265272571030454,-87.79201321567159
restricted_bend_sustain_v4_00384,1.2995410732455772,0.25985757060839604,-95.73540501784386
restricted_bend_sustain_v4_00385,2.08875580991544,0.12622675026326158,-94.45397806634433
restricted_bend_sustain_v4_00386,-9.498118546532124,0.0738950283828239,-105.10864232529818
restricted_bend_sustain_v4_00387,3.751491162139286,0.37534468371727747,-93.02307833876121
restricted_bend_sustain_v4_00388,-2.5327891740974433,0.08495822764696079,-97.73300736256718
restricted_bend_sustain_v4_00389,4.804956679435731,0.28069218435402243,-91.93914944009938
restricted_bend_sustain_v4_00390,1.98675555863306,0.25389677722958376,-94.98240361703644
restricted_bend_sustain_v4_00391,-1.7459093376188382,0.2041533897501035,-98.75432228225831
restricted_bend_sustain_v4_00392,-7.950604084079908,0.08670752834400641,-103.03757281728261
restricted_bend_sustain_v4_00393,-1.4741907169607105,0.17104498531345314,-98.51478824979972
restricted_bend_sustain_v4_00394,4.2545729630566775,0.26769135012317563,-93.10304281292841
restricted_bend_sustain_v4_00395,0.36366766406031786,0.2539938339503873,-96.29806989891574
restricted_bend_sustain_v4_00396,2.0465711977524794,0.3666826958183758,-94.67132476497875
restricted_bend_sustain_v4_00397,-4.743942111670182,0.11600817924757514,-101.10986074243498
restricted_bend_sustain_v4_00398,-11.521947555784951,0.07110658371825788,-107.49213345239556
restricted_bend_sustain_v4_00399,1.1419921389659664,0.1858890411749718,-95.7862488185795
restricted_bend_sustain_v4_00400,-11.342579201745217,0.07171630947736594,-107.99505456303892
restricted_bend_sustain_v4_00401,-3.2102571071521013,0.1436269427501331,-98.41088436364745
restricted_bend_sustain_v4_00402,0.6569609792171204,0.2828047218351981,-95.99199313264256
restricted_bend_sustain_v4_00403,-0.8331860381507439,0.14408531869392202,-97.59030917794715
restricted_bend_sustain_v4_00404,13.907423821520464,0.5721143469027402,-82.54015946317
restricted_bend_sustain_v4_00405,-5.832593033613951,0.10766722326890922,-102.87835381344613
restricted_bend_sustain_v4_00406,-4.455683404382146,0.099500501435367,-101.13567069879208
restricted_bend_sustain_v4_00407,-1.0796196606474315,0.20985436885127845,-97.12389987383611
restricted_bend_sustain_v4_00408,16.226233712403108,0.7279549781423142,-79.9162739431525
restricted_bend_sustain_v4_00409,-3.3227062992471543,0.1094461184833329,-100.38341114438296
restricted_bend_sustain_v4_00410,-5.686366109894036,0.10285692845564964,-102.43653517878684
restricted_bend_sustain_v4_00411,2.484728052228446,0.2692227313060668,-93.49989586733025
restricted_bend_sustain_v4_00412,-4.3895911710328335,0.12958459123114774,-101.17626001175447
restricted_bend_sustain_v4_00413,-0.4158442336830912,0.1835202651308807,-96.05368725168516
restricted_bend_sustain_v4_00414,4.528045790872313,0.2123533596946249,-92.50373653092929
restricted_bend_sustain_v4_00415,-8.109078833659112,0.0867579408484821,-105.198745610815
restricted_bend_sustain_v4_00416,-5.024628130583929,0.1273223339112826,-99.9218432444737
restricted_bend_sustain_v4_00417,-1.0953653809913777,0.19014678536283788,-97.91966057483783
restricted_bend_sustain_v4_00418,3.1020190091918436,0.27679787092347435,-93.71956816669316
restricted_bend_sustain_v4_00419,-3.1715479035717986,0.18449725105322692,-99.7691984573157
restricted_bend_sustain_v4_00420,0.5511783136958501,0.22506794540663136,-96.23922300229844
restricted_bend_sustain_v4_00421,-3.4104478591069585,0.07490373461242412,-99.90501836799598
restricted_bend_sustain_v4_00422,-4.4220754589075195,0.12108925049733202,-100.27682399340952
restricted_bend_sustain_v4_00423,2.4527883326001603,0.28424473719814736,-94.55160756997572
restricted_bend_sustain_v4_00424,-7.13658535855201,0.10963499792968069,-103.92095283597621
restricted_bend_sustain_v4_00425,-7.314381593016406,0.06749093103006323,-103.71080989073488
restricted_bend_sustain_v4_00426,-0.9828005737313117,0.14135951871646502,-96.61131500390553
restricted_bend_sustain_v4_00427,6.456954268089957,0.23917784815023754,-90.33832178270758
restricted_bend_sustain_v4_00428,2.963195315508067,0.13225814214926243,-92.47605150714142
restricted_bend_sustain_v4_00429,-3.0490126293457016,0.19858642240194396,-99.82211356773426
restricted_bend_sustain_v4_00430,0.5351841867848716,0.21640760633891964,-96.22359407743672
restricted_bend_sustain_v4_00431,-12.666405476536688,0.0648636574333872,-109.21914979358179
restricted_bend_sustain_v4_00432,-1.6691547783039646,0.18002501156315454,-97.8615529087127
restricted_bend_sustain_v4_00433,-9.547678521088372,0.0742347336163711,-106.41319178127381
restricted_bend_sustain_v4_00434,4.458680306695916,0.2753220058009002,-92.29661182863802
restricted_bend_sustain_v4_00435,4.481012060099206,0.5919116493773106,-91.03658647471114
restricted_bend_sustain_v4_00436,-4.761604993579502,0.19656419442460552,-101.63432150598021
restricted_bend_sustain_v4_00437,4.575158278230144,0.305216312377356,-90.95576986974083
restricted_bend_sustain_v4_00438,-4.616457312704298,0.11900692933307132,-101.48202266569477
restricted_bend_sustain_v4_00439,-6.601632952844357,0.07114821963040459,-103.6968428602767
restricted_bend_sustain_v4_00440,-5.226863286245611,0.15087367187936704,-101.94717155587543
restricted_bend_sustain_v4_00441,5.735040010582696,0.31414631965441414,-89.52290599953199
restricted_bend_sustain_v4_00442,3.4567645298416103,0.24211299172791967,-93.08731971791381
restricted_bend_sustain_v4_00443,-7.22046421620626,0.10640419634603081,-104.03800756138493
restricted_bend_sustain_v4_00444,13.180806522542028,0.17034556593701,-83.10838484393912
restricted_bend_sustain_v4_00445,-4.459265733881198,0.10433585840819455,-101.47021897692083
restricted_bend_sustain_v4_00446,-5.4495933362275375,0.13201339771868167,-102.16660527588584
restricted_bend_sustain_v4_00447,3.768666654524471,0.36461771906909607,-92.52928214905438
restricted_bend_sustain_v4_00448,-3.2495241536536277,0.198545162763454,-99.84884926879518
restricted_bend_sustain_v4_00449,-4.402073262830847,0.11876247731834576,-101.29539063656928
restricted_bend_sustain_v4_00450,-1.0160351627071849,0.09325594555788505,-97.72875399173628
restricted_bend_sustain_v4_00451,1.7946413866460629,0.29803865650220346,-93.2621774604908
restricted_bend_sustain_v4_00452,-8.846025665822525,0.09173308003517507,-105.51691581723931
restricted_bend_sustain_v4_00453,-1.3568266924966492,0.12479532958839747,-97.53820360384853
restricted_bend_sustain_v4_00454,3.846433209827733,0.3209002889530123,-92.60514454300534
restricted_bend_sustain_v4_00455,-2.880420519483983,0.11418687681211773,-99.74633429236914
restricted_bend_sustain_v4_00456,-9.209620888049361,0.09212964125557875,-106.00597186390944
restricted_bend_sustain_v4_00457,-1.0887978795881337,0.1352517840132133,-97.03280577181359
restricted_bend_sustain_v4_00458,4.196425401247178,0.31817590477004437,-91.86250131668054
restricted_bend_sustain_v4_00459,-0.8213667071494596,0.17896009714255567,-97.5884826255634
restricted_bend_sustain_v4_00460,21.727115166478754,0.3424263264018882,-74.97022530575845
restricted_bend_sustain_v4_00461,-6.277606595744988,0.13207268696905988,-103.0631067363023
restricted_bend_sustain_v4_00462,-6.638328840271958,0.08430687075122598,-103.62234665408442
restricted_bend_sustain_v4_00463,-5.221079417661533,0.1406312696166058,-100.91235717350128
restricted_bend_sustain_v4_00464,-4.636183774116808,0.08339150904197509,-100.1688338618774
restricted_bend_sustain_v4_00465,-0.7773811701651011,0.2085603354719448,-97.7454449551962
restricted_bend_sustain_v4_00466,0.17505965255594547,0.24108093686432472,-96.7104312709256
restricted_bend_sustain_v4_00467,-0.5720726463854543,0.11969023418982054,-96.74173461253774
restricted_bend_sustain_v4_00468,0.9300066892650094,0.29491462836165894,-95.96499727354689
restricted_bend_sustain_v4_00469,-0.716387102362301,0.08718238131119836,-97.35875411205056
restricted_bend_sustain_v4_00470,-8.507627811958722,0.08726931269185922,-103.83116646090517
restricted_bend_sustain_v4_00471,-1.521211183893476,0.14603277212232585,-98.21741398756635
restricted_bend_sustain_v4_00472,3.745905814390716,0.3558957712306335,-93.02687967609555
restricted_bend_sustain_v4_00473,-6.768825915760854,0.11137581873676836,-103.19134372611299
restricted_bend_sustain_v4_00474,-8.408302821705488,0.07469389805903394,-103.7389736831294
restricted_bend_sustain_v4_00475,4.777640934106001,0.19417190850070787,-91.91832816834855
restricted_bend_sustain_v4_00476,-1.2862089431172437,0.10546225080250257,-97.26042831449246
restricted_bend_sustain_v4_00477,-1.2607014431018682,0.2089969093532381,-98.31022717348661
restricted_bend_sustain_v4_00478,1.0519973295515659,0.2297385251639572,-95.67807721325515
restricted_bend_sustain_v4_00479,-4.190536677544382,0.11873792243551796,-100.62386987148008
restricted_bend_sustain_v4_00480,-9.887076938732708,0.07784451777600705,-106.6189062762072
restricted_bend_sustain_v4_00481,1.3413869098378202,0.296578214788589,-94.5023920224454
restricted_bend_sustain_v4_00482,1.0191357670602939,0.21451485394592024,-95.26577892348307
restricted_bend_sustain_v4_00483,-0.31242098058765333,0.13582685598228167,-97.20489172945983
restricted_bend_sustain_v4_00484,1.9270148018288493,0.2793826708627287,-94.93751086343255
restricted_bend_sustain_v4_00485,-1.7518466892928557,0.17161232710169738,-98.59808494403666
restricted_bend_sustain_v4_00486,-3.9460881668877312,0.10351320236466446,-100.91426457160658
restricted_bend_sustain_v4_00487,8.676455049747243,0.5263107113657787,-86.79065998595156
restricted_bend_sustain_v4_00488,2.097688937130539,0.24348503815309194,-94.44121878841855
restricted_bend_sustain_v4_00489,-6.509574525275928,0.10672089717975874,-103.3598381621859
restricted_bend_sustain_v4_00490,-3.8968913088416195,0.1039600202102494,-100.80271931084171
restricted_bend_sustain_v4_00491,9.947198595219204,0.8899999999999999,-85.30289261449607
restricted_bend_sustain_v4_00492,-2.6123629809931037,0.18036566964135048,-99.37251207111849
restricted_bend_sustain_v4_00493,-0.053690408088643685,0.21327301208402571,-96.25659561199079
restricted_bend_sustain_v4_00494,-3.4117961606364187,0.17612328706396152,-99.75709212406429
restricted_bend_sustain_v4_00495,-9.706615728371252,0.07574849620931685,-106.50557410783986
restricted_bend_sustain_v4_00496,-3.618377928416767,0.19294773839293625,-100.40331281934634
restricted_bend_sustain_v4_00497,-6.572929018913179,0.09149195356519317,-103.06649255916389
restricted_bend_sustain_v4_00498,-7.145198227545794,0.09506671781437455,-102.21201921843237
restricted_bend_sustain_v4_00499,5.908197110171135,0.3629786407994474,-91.18724657856036
restricted_bend_sustain_v4_00500,1.1874304263233981,0.15695417292196787,-94.65522687673291
restricted_bend_sustain_v4_00501,7.054856686451366,0.360253224740685,-89.8366888748263
restricted_bend_sustain_v4_00502,4.729309975616765,0.2852341719610575,-92.07613524537109
restricted_bend_sustain_v4_00503,-11.413038964175364,0.07353982350815422,-107.76079869340693
restricted_bend_sustain_v4_00504,-3.680653007471191,0.17487404747539767,-99.43905525779074
restricted_bend_sustain_v4_00505,3.4210160945191603,0.2736676206423922,-93.39449774102148
restricted_bend_sustain_v4_00506,4.651916188839003,0.23163159502792732,-92.11435989777172
restricted_bend_sustain_v4_00507,-6.485814664749785,0.13242994277334194,-102.61188453679326
restricted_bend_sustain_v4_00508,2.9396025792802654,0.38375436845890987,-93.77473104147141
restricted_bend_sustain_v4_00509,-10.508983700295957,0.07589863694811393,-107.02296972520139
restricted_bend_sustain_v4_00510,-7.925359784103421,0.07673943061580274,-103.31605493314001
restricted_bend_sustain_v4_00511,7.906791615701813,0.21924916979482145,-88.92329830975173
restricted_bend_sustain_v4_00512,-7.111940965194491,0.11730039692425526,-103.89752049831597
restricted_bend_sustain_v4_00513,11.676116937936872,0.4502797594131021,-85.18611957976441
restricted_bend_sustain_v4_00514,-4.146795834660932,0.12840233944328636,-99.41734098494906
restricted_bend_sustain_v4_00515,-5.0121888482778045,0.14859323853120643,-101.73577940165495
restricted_bend_sustain_v4_00516,1.0595807015243432,0.20009386706287344,-94.94100697442354
restricted_bend_sustain_v4_00517,-8.18899110863108,0.08279103794563131,-105.20762806838933
restricted_bend_sustain_v4_00518,-3.4983009609648175,0.13434856895011937,-100.28068848421428
restricted_bend_sustain_v4_00519,3.7494275903434735,0.39767197628210293,-92.8384824427991
restricted_bend_sustain_v4_00520,-3.985370825951998,0.15041855433979712,-99.56198774543816
restricted_bend_sustain_v4_00521,-4.250628099844761,0.09738230539997808,-101.33573943458863
restricted_bend_sustain_v4_00522,-2.2992316650620643,0.1167384811799962,-99.05696489417464
restricted_bend_sustain_v4_00523,7.538295868629733,0.5899355547578171,-88.69272204831123
restricted_bend_sustain_v4_00524,-2.072075120173477,0.20379564360002322,-98.84071247666509
restricted_bend_sustain_v4_00525,4.515194899225795,0.30529816344991323,-92.15743265578473
restricted_bend_sustain_v4_00526,-1.3584677578970727,0.11735256790310607,-96.83880929175318
restricted_bend_sustain_v4_00527,-2.7046600619031103,0.07032471247107108,-99.3977154670606
restricted_bend_sustain_v4_00528,-2.415120018666193,0.15795370662759547,-99.15566829077405
restricted_bend_sustain_v4_00529,-10.935661509856443,0.06181565276187769,-106.93736395354021
restricted_bend_sustain_v4_00530,-7.4765521086119,0.1003464848720547,-103.62644781654625
restricted_bend_sustain_v4_00531,8.219847903032752,0.28415558129168533,-88.48172670492161
restricted_bend_sustain_v4_00532,-0.2665546674699605,0.11457950341796087,-97.05891168158111
restricted_bend_sustain_v4_00533,-0.828211289004642,0.19159624138303594,-97.92109651557367
restricted_bend_sustain_v4_00534,6.190814538290901,0.234304409280403,-90.88421676650349
restricted_bend_sustain_v4_00535,-7.59669869207907,0.09281209295104058,-103.172802403019
restricted_bend_sustain_v4_00536,2.3792169042098306,0.15962771719781566,-94.41846228579041
restricted_bend_sustain_v4_00537,-1.7134038085482857,0.23944930205838216,-98.81221048351574
restricted_bend_sustain_v4_00538,4.330563931102852,0.27145433644511197,-92.79291865895237
restricted_bend_sustain_v4_00539,-9.041242767434412,0.09732001468541054,-103.97033630421964
restricted_bend_sustain_v4_00540,5.695485460373188,0.27092325724744454,-90.93466721093735
restricted_bend_sustain_v4_00541,-6.08119865722859,0.09029353362756262,-102.15661135533384
restricted_bend_sustain_v4_00542,-9.400956315391582,0.1040330030132342,-105.88199982503944
restricted_bend_sustain_v4_00543,-1.417657155267652,0.18858053036037056,-98.45551516786303
restricted_bend_sustain_v4_00544,11.907709695829256,0.6627987170774025,-84.05487581040506
restricted_bend_sustain_v4_00545,-7.365213616748401,0.10493305235080522,-104.33843979147399
restricted_bend_sustain_v4_00546,-7.301632750483885,0.08158437866740822,-104.01871571888329
restricted_bend_sustain_v4_00547,2.0348626188413648,0.39902406809042434,-93.94361878573447
restricted_bend_sustain_v4_00548,-10.411136633901794,0.10233013280958314,-107.31351568736734
restricted_bend_sustain_v4_00549,1.6811023055004817,0.15633597021346596,-95.02099978858661
restricted_bend_sustain_v4_00550,3.8717308456984902,0.3034487215856626,-91.87780450180931
restricted_bend_sustain_v4_00551,-4.756713816257066,0.13467770795256037,-101.71808096568923
restricted_bend_sustain_v4_00552,-11.507896726692941,0.07069139539988073,-108.37521957819057
restricted_bend_sustain_v4_00553,-1.5186119271320584,0.16776770039254327,-98.10279148596894
restricted_bend_sustain_v4_00554,6.923716455142249,0.28887920087985985,-88.1507703910046
restricted_bend_sustain_v4_00555,-2.419846185568452,0.1309408551045994,-99.07620772285952
restricted_bend_sustain_v4_00556,15.851951684288402,0.49010872738393696,-79.94005014192322
restricted_bend_sustain_v4_00557,-5.3498199601874035,0.12774851830464967,-102.28689929830409
restricted_bend_sustain_v4_00558,-8.605135885376464,0.09209634511305752,-105.41345124590336
restricted_bend_sustain_v4_00559,-1.5794295668281146,0.17881384283403662,-98.02230903475305
restricted_bend_sustain_v4_00560,-9.555412994507108,0.09182030776249082,-106.2039574640231
restricted_bend_sustain_v4_00561,3.596410129715666,0.2654910052265445,-93.48198121072245
restricted_bend_sustain_v4_00562,8.348580735157043,0.3785712694825426,-88.6649696399615
restricted_bend_sustain_v4_00563,-0.1631952291671276,0.25603844101756157,-95.40546750509735
restricted_bend_sustain_v4_00564,4.3745681435979,0.47686097835944646,-92.52992919689278
restricted_bend_sustain_v4_00565,-5.633728677879727,0.10916451116696631,-101.89773460717844
restricted_bend_sustain_v4_00566,-8.561280839032964,0.0702597670852697,-105.01831007589126
restricted_bend_sustain_v4_00567,-0.457731628787266,0.1714460352599345,-97.52283660858672
restricted_bend_sustain_v4_00568,-2.131777288166899,0.2524202613837795,-98.90361480324417
restricted_bend_sustain_v4_00569,-4.678997515480906,0.11825878536530034,-100.44522804029134
restricted_bend_sustain_v4_00570,-6.177322590730489,0.07797413378198367,-102.41957169855928
restricted_bend_sustain_v4_00571,2.1949236668998777,0.25659283968874036,-94.5714586550817
restricted_bend_sustain_v4_00572,9.025339605755384,0.09927578111585644,-87.90071520874001
restricted_bend_sustain_v4_00573,5.991477633443955,0.26737642539818424,-91.06725231329675
restricted_bend_sustain_v4_00574,4.799779155304448,0.35022023788123935,-92.05961297485622
restricted_bend_sustain_v4_00575,-7.926874405079021,0.11126192225859848,-103.48475156302584
restricted_bend_sustain_v4_00576,-6.679277726177806,0.09927530016680756,-102.86966096673285
restricted_bend_sustain_v4_00577,2.130012066454658,0.27159052047825216,-94.74797626352134
restricted_bend_sustain_v4_00578,13.681597551673628,0.3450269024299576,-83.10334471567849
restricted_bend_sustain_v4_00579,-6.355833306265694,0.1538962956714488,-101.97940531487843
restricted_bend_sustain_v4_00580,-2.199404288543783,0.2375333986377175,-99.11826655976584
restricted_bend_sustain_v4_00581,-6.859729141018594,0.08981411636647625,-102.59341836632066
restricted_bend_sustain_v4_00582,-9.70260502692918,0.0766840545214973,-106.52454481393485
restricted_bend_sustain_v4_00583,4.533024870045344,0.28636920773038343,-92.20638194777366
restricted_bend_sustain_v4_00584,2.3368740697703076,0.3205026480146731,-94.46020325877555
restricted_bend_sustain_v4_00585,-7.883680064441483,0.0735569450132469,-103.00977062126952
restricted_bend_sustain_v4_00586,-2.9631672359283256,0.12205702599186574,-99.56117324165936
restricted_bend_sustain_v4_00587,4.961742433843508,0.3483369625585304,-91.84817365175641
restricted_bend_sustain_v4_00588,6.303522220592206,0.12677568782403736,-90.2297257073009
restricted_bend_sustain_v4_00589,1.2503052287781986,0.26278975218892864,-95.52503712446179
restricted_bend_sustain_v4_00590,2.8329532707862617,0.24867032103890524,-93.88381828759739
restricted_bend_sustain_v4_00591,-5.746305797228811,0.1289128409225785,-101.84167195672651
restricted_bend_sustain_v4_00592,-1.265444556708207,0.16810524302329155,-96.27204075092779
restricted_bend_sustain_v4_00593,-5.814469479348138,0.09452282930483541,-102.81627531215491
restricted_bend_sustain_v4_00594,-5.10859957194353,0.12260468406314017,-101.8952446420958
restricted_bend_sustain_v4_00595,16.47392770442523,1.0010882550874005,-79.965402636991
restricted_bend_sustain_v4_00596,-2.582497328234198,0.15713683500726827,-99.33898704761057
restricted_bend_sustain_v4_00597,8.95686594812067,0.2706354615393734,-87.64694174641835
restricted_bend_sustain_v4_00598,1.3479616340985534,0.22847002754266385,-94.65250283517891
restricted_bend_sustain_v4_00599,-11.033371830353786,0.0757699452106565,-107.7529271178102
restricted_bend_sustain_v4_00600,-8.5529950185535,0.10900133055558817,-105.35932696436306
restricted_bend_sustain_v4_00601,0.8289071210461042,0.18826401339502694,-95.67634191141586
restricted_bend_sustain_v4_00602,-2.7373866137802083,0.16300034096211488,-98.31433273852483
restricted_bend_sustain_v4_00603,-4.797439775894762,0.09778370738707362,-101.56877508969464
restricted_bend_sustain_v4_00604,4.830848080336219,0.21362225044584493,-90.53771993743007
restricted_bend_sustain_v4_00605,-11.356678756585568,0.08064296689400761,-108.0470119642045
restricted_bend_sustain_v4_00606,-0.8073354128222004,0.1170998799166995,-97.72119940053659
restricted_bend_sustain_v4_00607,6.5413042502722485,0.4711625645691678,-90.51681603056322
restricted_bend_sustain_v4_00608,-3.7128164943558435,0.17612426895551692,-100.46224955549968
restricted_bend_sustain_v4_00609,-6.8584151158224715,0.09629411419987832,-102.20460272215384
restricted_bend_sustain_v4_00610,-9.966019746895519,0.07118714459864653,-106.80118750862414
restricted_bend_sustain_v4_00611,2.4372199175895446,0.16091069940322034,-94.35625311682304
restricted_bend_sustain_v4_00612,-6.948353967755477,0.09994601695979353,-103.25103813707044
restricted_bend_sustain_v4_00613,2.680830733881743,0.31122681982943007,-94.4372429794226
restricted_bend_sustain_v4_00614,1.9219751606165472,0.1993820808924391,-94.98782202215914
restricted_bend_sustain_v4_00615,-5.938025647906357,0.0920402939308101,-102.00081604127345
restricted_bend_sustain_v4_00616,-7.11561453803718,0.09045829190617521,-103.35390336629382
restricted_bend_sustain_v4_00617,0.5398715540979646,0.19804933197990604,-96.46170758634325
restricted_bend_sustain_v4_00618,-0.18530651826877154,0.23162750735717394,-96.97081955876803
restricted_bend_sustain_v4_00619,0.6647102778273,0.264794632076642,-94.98985282412463
restricted_bend_sustain_v4_00620,6.03080557156508,0.3930499275990333,-90.92374608961535
restricted_bend_sustain_v4_00621,-3.426079829493501,0.14090722779651188,-98.86384939885079
restricted_bend_sustain_v4_00622,-9.070656620315324,0.06940455825291647,-105.95586293448827
restricted_bend_sustain_v4_00623,-1.8116391864676413,0.17251662309768162,-98.9247985173375
restricted_bend_sustain_v4_00624,-11.116569274130224,0.06742435657689848,-107.8973732777134
restricted_bend_sustain_v4_00625,5.225728482691915,0.2890985608176578,-91.24428484799037
restricted_bend_sustain_v4_00626,7.32196369808579,0.4269698124172232,-88.49184732734777
restricted_bend_sustain_v4_00627,0.7483068580691588,0.23198193256677843,-96.0077423362836
restricted_bend_sustain_v4_00628,14.27242184030797,0.2598893379435281,-81.18010757356585
restricted_bend_sustain_v4_00629,3.2066694203424744,0.21645883388133874,-93.56931097330713
restricted_bend_sustain_v4_00630,-8.451797615843235,0.07601736561147107,-105.20683804719312
restricted_bend_sustain_v4_00631,-2.3233659922816514,0.177993838304239,-99.26238014281515
restricted_bend_sustain_v4_00632,6.773270676924442,0.44651909364297654,-88.46078701264292
restricted_bend_sustain_v4_00633,-7.795725925619244,0.104423394395901,-104.72358144302815
restricted_bend_sustain_v4_00634,-4.876818624322786,0.07621697873063377,-101.65413183675832
restricted_bend_sustain_v4_00635,-1.8226212156832065,0.24491127887767827,-98.4390133722769
restricted_bend_sustain_v4_00636,-9.260346597291196,0.11794692637624206,-106.02061515689967
restricted_bend_sustain_v4_00637,-2.5644017518132536,0.14126837257967223,-99.09461705686701
restricted_bend_sustain_v4_00638,2.5554841133856048,0.27909319157405393,-93.25910325060252
restricted_bend_sustain_v4_00639,1.6373665451390615,0.10296637296831582,-95.22056542565093
restricted_bend_sustain_v4_00640,-6.887785359235215,0.11295917580497672,-103.7032704479747
restricted_bend_sustain_v4_00641,0.38545761043074755,0.1916743449084264,-96.5880244212998
restricted_bend_sustain_v4_00642,-0.4411282629629581,0.2274149540535031,-95.86084456361999
restricted_bend_sustain_v4_00643,4.604667886740465,0.1460920591947994,-92.19820308719548
restricted_bend_sustain_v4_00644,3.0370601627758793,0.22859446520896867,-92.63470765323885
restricted_bend_sustain_v4_00645,-8.832449977478008,0.09013026861011214,-105.54120511709989
restricted_bend_sustain_v4_00646,-6.7191380085402175,0.09666865820067035,-103.50705172827347
restricted_bend_sustain_v4_00647,-0.7422853549695003,0.2455265617311357,-96.89208232372167
restricted_bend_sustain_v4_00648,2.7870844127547185,0.25954281180628996,-92.9929464551374
restricted_bend_sustain_v4_00649,-8.901152191346798,0.07792348069778403,-105.72007622501576
restricted_bend_sustain_v4_00650,-5.649083212456314,0.09587498037014978,-102.45348727358686
restricted_bend_sustain_v4_00651,6.137185751973703,0.5059746358015861,-90.55192895699086
restricted_bend_sustain_v4_00652,2.3263967811182242,0.1881218729131843,-94.5945124810415
restricted_bend_sustain_v4_00653,9.106582000152468,0.1712694859565355,-87.85956014327957
restricted_bend_sustain_v4_00654,1.2736627368194755,0.25665105642112324,-93.7618473602457
restricted_bend_sustain_v4_00655,-12.122489004275852,0.0772387908780645,-109.04209994786675
restricted_bend_sustain_v4_00656,-4.0475377750065995,0.1505505212572634,-100.78641146793797
restricted_bend_sustain_v4_00657,-6.638265284917436,0.07939064232693001,-102.74964416921605
restricted_bend_sustain_v4_00658,-3.863074166820039,0.1373394104275601,-100.24619729811006
restricted_bend_sustain_v4_00659,12.10932399368417,0.6020787198024246,-84.7545061059811
restricted_bend_sustain_v4_00660,9.570394404544354,0.11444715904607984,-87.1263608701389
restricted_bend_sustain_v4_00661,7.997061808099797,0.43118492022244403,-88.95276504603521
restricted_bend_sustain_v4_00662,-0.786159245248512,0.16834197539605336,-97.6197221820139
restricted_bend_sustain_v4_00663,-11.320824030422445,0.06294393312534766,-106.75353819031854
restricted_bend_sustain_v4_00664,-4.418451887563282,0.1340531097838611,-101.26117396309554
restricted_bend_sustain_v4_00665,0.2337124085001051,0.24117287935133916,-96.8102651828081
restricted_bend_sustain_v4_00666,-0.619084892200132,0.1276433036777509,-97.61578847167252
restricted_bend_sustain_v4_00667,-8.971744156462243,0.10123560000985167,-104.1986660854891
restricted_bend_sustain_v4_00668,-0.48337674787082696,0.3144619704375935,-97.21054768308943
restricted_bend_sustain_v4_00669,-7.198319214222696,0.07547530812530191,-103.08787306074542
restricted_bend_sustain_v4_00670,-7.1415299284272145,0.09331956658781324,-103.39461347234553
restricted_bend_sustain_v4_00671,1.4158376835416693,0.2609296247795693,-95.62197225992202
restricted_bend_sustain_v4_00672,-0.29838303608315386,0.22942666835739867,-96.33934659679318
restricted_bend_sustain_v4_00673,-7.47494135464404,0.09250826822870979,-104.2545278606324
restricted_bend_sustain_v4_00674,-9.538975132953137,0.06191670993710569,-106.28668464927948
restricted_bend_sustain_v4_00675,1.6702898082204476,0.30929615119827586,-94.77044867680218
restricted_bend_sustain_v4_00676,-9.647872193415921,0.103987660461587,-106.58676300075497
restricted_bend_sustain_v4_00677,7.41244345842857,0.226841090859386,-89.36097307427002
restricted_bend_sustain_v4_00678,1.4160104390323327,0.26556224468555034,-93.72819342257834
restricted_bend_sustain_v4_00679,7.72214624549968,0.16020414013593678,-89.34132614376794
restricted_bend_sustain_v4_00680,-9.03695496405809,0.08881757852271754,-105.79037193378002
restricted_bend_sustain_v4_00681,6.098668897623817,0.23828864119496537,-90.73103065520903
restricted_bend_sustain_v4_00682,5.945252048408847,0.324232936267021,-89.54520157336076
restricted_bend_sustain_v4_00683,-0.6310139650343538,0.22913237528313596,-97.48986440113381
restricted_bend_sustain_v4_00684,9.288386591775115,0.4660722691678415,-86.50214131904198
restricted_bend_sustain_v4_00685,-6.225786501922682,0.11613727923385608,-103.10687568549483
restricted_bend_sustain_v4_00686,-11.394956786728617,0.0625632228822562,-108.36890858791223
restricted_bend_sustain_v4_00687,-2.117962815411908,0.2028661982501392,-98.5770891194418
restricted_bend_sustain_v4_00688,-3.6857286599569643,0.07764337599926255,-100.44165031338832
restricted_bend_sustain_v4_00689,3.2548208640550804,0.16667365780500526,-93.8514878326071
restricted_bend_sustain_v4_00690,0.3352842591032695,0.2754981103931585,-96.69956905548975
restricted_bend_sustain_v4_00691,-3.1320104992950353,0.18459858228114423,-98.58285174452118
restricted_bend_sustain_v4_00692,16.643873228013405,1.0333538990726638,-80.17188260845782
restricted_bend_sustain_v4_00693,-2.724143166592985,0.11968418504658128,-98.64974521540297
restricted_bend_sustain_v4_00694,-1.9527776797639416,0.09880142292077654,-98.02298232124829
restricted_bend_sustain_v4_00695,-0.2076921326040893,0.2008984131549582,-97.1504602139361
restricted_bend_sustain_v4_00696,9.89172919358952,0.5152380611977886,-86.9729864030125
restricted_bend_sustain_v4_00697,-5.599669622158018,0.11968644447842064,-101.76158924242905
restricted_bend_sustain_v4_00698,-7.760195927278807,0.07143772610125661,-104.22881100554456
restricted_bend_sustain_v4_00699,1.7911941995477687,0.2120895932345653,-94.9825510854676
restricted_bend_sustain_v4_00700,-6.5163235213627235,0.11858144241428249,-103.16557512260735
restricted_bend_sustain_v4_00701,-3.4772499130930994,0.17272514605516937,-100.37822436357969
restricted_bend_sustain_v4_00702,9.262510559540937,0.32814512018459774,-87.58505825902267
restricted_bend_sustain_v4_00703,-9.392287878001612,0.08749844253079739,-104.55110450023855
restricted_bend_sustain_v4_00704,1.2144943715719083,0.22628431847340053,-95.23165999536033
restricted_bend_sustain_v4_00705,-2.5048485630405044,0.2402508730000471,-99.61712945830577
restricted_bend_sustain_v4_00706,-0.8949750862286494,0.16838621864090253,-97.94103984254826
restricted_bend_sustain_v4_00707,-6.295978245779176,0.1338830052978202,-102.29805992228778
restricted_bend_sustain_v4_00708,2.9707693883061825,0.2759782067176512,-93.89700124195807
restricted_bend_sustain_v4_00709,-4.197419508181977,0.08658760544358897,-99.50733021442802
restricted_bend_sustain_v4_00710,-7.581793992129041,0.11618826587136677,-104.10841837075941
restricted_bend_sustain_v4_00711,9.572490397058784,0.6602427495852334,-87.42379988652927
restricted_bend_sustain_v4_00712,0.08614037519807752,0.21886234183484649,-96.74017125813481
restricted_bend_sustain_v4_00713,-9.322647992212271,0.07278666129050651,-104.9181596988496
restricted_bend_sustain_v4_00714,-1.046928982615512,0.14169036679506072,-97.93957223870274
restricted_bend_sustain_v4_00715,14.935691882093444,0.6208461866666599,-81.94477423089823
restricted_bend_sustain_v4_00716,-1.392068183429425,0.23301773668869416,-97.66816730030487
restricted_bend_sustain_v4_00717,5.631825763834357,0.4252621620290022,-91.47234929188038
restricted_bend_sustain_v4_00718,0.8171420807705567,0.1478251492080835,-95.88479962900198
restricted_bend_sustain_v4_00719,-11.484888198952882,0.061424389334293644,-107.3034158855287
restricted_bend_sustain_v4_00720,-3.284477291411897,0.1580807814918648,-98.76437484688692
restricted_bend_sustain_v4_00721,-12.155403937341408,0.053820710915741025,-108.88124412630476
restricted_bend_sustain_v4_00722,-7.3235499804111175,0.09093274136635787,-104.13024462902455
restricted_bend_sustain_v4_00723,3.4087163283746804,0.37770760747962145,-93.29091997923686
restricted_bend_sustain_v4_00724,-0.40411252269966885,0.25787902977088084,-97.1902737186087
restricted_bend_sustain_v4_00725,6.132802209268581,0.3673811749140991,-90.23414090672993
restricted_bend_sustain_v4_00726,2.947650445374479,0.2425407742659085,-93.0591771590262
restricted_bend_sustain_v4_00727,-8.416570831906396,0.07257727202634709,-105.31499439039547
restricted_bend_sustain_v4_00728,-4.074156904023836,0.1793701430025098,-100.89784383400743
restricted_bend_sustain_v4_00729,5.880661218731159,0.36661432282187933,-90.8608461700126
restricted_bend_sustain_v4_00730,1.9434706019549532,0.2773839467710453,-93.99457154656267
restricted_bend_sustain_v4_00731,-6.843230742527612,0.11550606066768168,-103.5703124665212
restricted_bend_sustain_v4_00732,5.392915554516971,0.22233382842971916,-89.5027380595829
restricted_bend_sustain_v4_00733,-11.443472514819202,0.06299197722201887,-108.39305690829546
restricted_bend_sustain_v4_00734,-3.4923934355395043,0.1398244742887657,-100.24355668953228
restricted_bend_sustain_v4_00735,-1.8019583596710589,0.2457265106709734,-98.39124649167576
restricted_bend_sustain_v4_00736,-0.317383714299616,0.2633510168247242,-97.28899613462191
restricted_bend_sustain_v4_00737,-4.698763712326688,0.11914257586824142,-100.31009535675994
restricted_bend_sustain_v4_00738,-8.610535695813157,0.0655955346370456,-105.43845233217306
restricted_bend_sustain_v4_00739,5.635028504974456,0.20482260234126803,-91.33183558852264
restricted_bend_sustain_v4_00740,-5.692697145249776,0.07848899214880878,-101.79518505309144
restricted_bend_sustain_v4_00741,-3.3201286126941665,0.15849087907714654,-100.14732898286964
restricted_bend_sustain_v4_00742,5.613970186815294,0.34306470383164667,-91.216009455056
restricted_bend_sustain_v4_00743,-7.001640789425162,0.12547757885612246,-103.10640908646236
restricted_bend_sustain_v4_00744,-12.133074376820726,0.0733359807623239,-108.64800618035542
restricted_bend_sustain_v4_00745,1.1431884633289047,0.19840306041208067,-95.96513157868404
restricted_bend_sustain_v4_00746,12.948926263066184,0.35107182598820386,-84.25773095571776
restricted_bend_sustain_v4_00747,-3.8794370205098305,0.1716026728839334,-99.72428356951205
restricted_bend_sustain_v4_00748,4.915374288784981,0.4505175557093169,-92.10295034329454
restricted_bend_sustain_v4_00749,-7.308510757656235,0.09357519264008672,-102.49363031439538
restricted_bend_sustain_v4_00750,-7.1614172482760345,0.08449405036201725,-103.92762837532567
restricted_bend_sustain_v4_00751,-0.44619005907259957,0.19401451991815302,-97.41421718842835
restricted_bend_sustain_v4_00752,-9.10301028605345,0.08303723621660637,-105.9176943848493
restricted_bend_sustain_v4_00753,-3.577825443504718,0.16622634762394428,-100.04497967818267
restricted_bend_sustain_v4_00754,3.0789213973297973,0.27933629663620285,-93.0258325818522
restricted_bend_sustain_v4_00755,10.558515253343073,0.2097686520060328,-86.14712176093337
restricted_bend_sustain_v4_00756,3.882282863432689,0.2032811939066439,-91.33876009803024
restricted_bend_sustain_v4_00757,-3.9914378408055065,0.10381784335812047,-100.82447800490519
restricted_bend_sustain_v4_00758,-4.461837193807937,0.07101060627844176,-101.32869738230082
restricted_bend_sustain_v4_00759,0.5784417381988017,0.22782314826037567,-96.018875262462
restricted_bend_sustain_v4_00760,2.555965345876241,0.20571189795909312,-92.72115556077773
restricted_bend_sustain_v4_00761,-5.127536479959098,0.10611247002490438,-101.83068740605266
restricted_bend_sustain_v4_00762,-4.877120150356305,0.08946624256575485,-101.64809725982066
restricted_bend_sustain_v4_00763,-1.6360790697991934,0.18253457141453178,-98.46630188463571
restricted_bend_sustain_v4_00764,-4.610781992840672,0.1837213370465699,-101.47553343004789
restricted_bend_sustain_v4_00765,7.635058289469238,0.2435449196533111,-88.93402869373395
restricted_bend_sustain_v4_00766,-1.0445781632527398,0.1694297431776992,-96.90047076638054
restricted_bend_sustain_v4_00767,-3.039546049439233,0.11665799102142065,-100.05354171804065
restricted_bend_sustain_v4_00768,-9.989080263711955,0.06471180870605818,-106.81123874773768
restricted_bend_sustain_v4_00769,-2.001628789069563,0.16374879142662221,-97.21351679227865
restricted_bend_sustain_v4_00770,5.544661294646311,0.2777395098120754,-91.12422451876968
restricted_bend_sustain_v4_00771,-1.8931561331759035,0.2030195459951857,-98.64026468442023
restricted_bend_sustain_v4_00772,4.78527373986659,0.44375105407249316,-91.58309820181157
restricted_bend_sustain_v4_00773,-1.1607959639673637,0.1283602298374927,-98.14222686574438
restricted_bend_sustain_v4_00774,-8.304523030581768,0.07162546943523321,-105.05702303518316
restricted_bend_sustain_v4_00775,-0.58537530986037,0.28142955545457826,-96.41504015658066
restricted_bend_sustain_v4_00776,-1.4585738225501186,0.2541290359659614,-97.6185044783627
restricted_bend_sustain_v4_00777,-2.076365517559053,0.14584587090031179,-98.9801870396713
restricted_bend_sustain_v4_00778,-10.077434796048447,0.06891979984931566,-106.87090878219885
restricted_bend_sustain_v4_00779,16.82211288954621,0.5041220328134208,-79.25620275601163
restricted_bend_sustain_v4_00780,-3.2837436192839657,0.11954721389129223,-100.32416311760515
restricted_bend_sustain_v4_00781,-3.266515941139822,0.1284405254140637,-98.89931963170845
restricted_bend_sustain_v4_00782,4.144709160438296,0.2494125091268293,-92.48912087482852
restricted_bend_sustain_v4_00783,-8.324949915208604,0.10620658539536157,-105.1317626776762
restricted_bend_sustain_v4_00784,6.665059751184743,0.3164091615186031,-90.12273720512815
restricted_bend_sustain_v4_00785,-8.843913297173827,0.09976175505454124,-105.17466204792528
restricted_bend_sustain_v4_00786,-1.0091903012448153,0.06721334147001286,-96.59725648377238
restricted_bend_sustain_v4_00787,1.3454484886861218,0.32186548416534305,-95.44752885126894
restricted_bend_sustain_v4_00788,-5.9711107381647395,0.13840936318088698,-101.23022855141089
restricted_bend_sustain_v4_00789,2.816738524338117,0.21634639640257555,-94.09510434999008
restricted_bend_sustain_v4_00790,9.26883307806354,0.5758000993813092,-87.61283716664876
restricted_bend_sustain_v4_00791,-0.13008601192975794,0.13817388509809733,-96.72487629625223
restricted_bend_sustain_v4_00792,-5.057194593957847,0.13096225448737567,-100.25890063038638
restricted_bend_sustain_v4_00793,0.9450726964786766,0.19896308949002187,-95.96274280621294
restricted_bend_sustain_v4_00794,4.889327550971586,0.3417484942031229,-91.89915153977529
restricted_bend_sustain_v4_00795,-4.910936744045779,0.13705102866900087,-101.55015034540645
restricted_bend_sustain_v4_00796,18.838563772761567,0.49481879588408345,-77.95386538318039
restricted_bend_sustain_v4_00797,-5.232154679765767,0.14381878573620277,-101.52924538973852
restricted_bend_sustain_v4_00798,-11.92429446656761,0.05908998070353039,-107.88928926276286
restricted_bend_sustain_v4_00799,-0.946989316675131,0.18060087837344646,-97.8419353753074
restricted_bend_sustain_v4_00800,-0.5890470599691938,0.18618630194521332,-96.81637728897854
restricted_bend_sustain_v4_00801,-2.7401784739096406,0.08109181090392636,-99.47379289294241
restricted_bend_sustain_v4_00802,0.2718977333326655,0.2079989209868573,-96.61062651917844
restricted_bend_sustain_v4_00803,4.268308858013522,0.4056835421890226,-91.18734786374495
restricted_bend_sustain_v4_00804,0.5207437294048721,0.13464778366225516,-96.21457156115301
restricted_bend_sustain_v4_00805,3.5019984170806673,0.30404500725193956,-92.12918526379994
restricted_bend_sustain_v4_00806,-4.168086750036162,0.16518808511144314,-101.05630623318473
restricted_bend_sustain_v4_00807,-10.424990383419203,0.07308177778091722,-107.52959658201794
restricted_bend_sustain_v4_00808,-4.219275180579079,0.12197278540100195,-100.98063744015866
restricted_bend_sustain_v4_00809,-0.14607680401852569,0.20802590154787043,-95.74780371172336
restricted_bend_sustain_v4_00810,-0.07233780044934657,0.17474338172685466,-96.5672094088205
restricted_bend_sustain_v4_00811,-8.687515978200404,0.10871651528137277,-105.4487688034107
restricted_bend_sustain_v4_00812,4.882015440876643,0.5186809397693766,-91.42595030318202
restricted_bend_sustain_v4_00813,-8.905104132393323,0.08225252307333972,-105.71440579680008
restricted_bend_sustain_v4_00814,-5.73592681285009,0.12633896133233186,-102.47797095656267
restricted_bend_sustain_v4_00815,3.1620747076739715,0.2648995202511053,-93.14614399820334
restricted_bend_sustain_v4_00816,-7.1540536769879095,0.11767988787031786,-102.1020412837442
restricted_bend_sustain_v4_00817,9.181114832973968,0.527343936747112,-87.73570851392387
restricted_bend_sustain_v4_00818,-2.2341849589619183,0.15237468389772832,-98.99952500249091
restricted_bend_sustain_v4_00819,-1.4998975634117107,0.10104146958008922,-98.15678369004793
restricted_bend_sustain_v4_00820,2.866913643995199,0.24301999756497236,-93.87357831865339
restricted_bend_sustain_v4_00821,-7.513638415115899,0.085254388152902,-103.89780409294026
restricted_bend_sustain_v4_00822,-5.60503069724688,0.09698333242632691,-101.83841845785236
restricted_bend_sustain_v4_00823,-0.7581433938940414,0.20344126484810104,-97.75038205536667
restricted_bend_sustain_v4_00824,7.915399013551453,0.13676222913796354,-88.80957811007447
restricted_bend_sustain_v4_00825,-9.752943400963671,0.0635626704888201,-105.86299008710965
restricted_bend_sustain_v4_00826,-7.639860116842058,0.08386280566153362,-103.35460056683235
restricted_bend_sustain_v4_00827,3.636266664893379,0.39579677517107004,-93.41810650437901
restricted_bend_sustain_v4_00828,-0.45457734277036116,0.2569662276896849,-95.88562400455949
restricted_bend_sustain_v4_00829,9.662375060577618,0.4729465362378649,-87.31979656675179
restricted_bend_sustain_v4_00830,-2.7324551819748266,0.15924670780901745,-99.5092028042042
restricted_bend_sustain_v4_00831,-9.246160159516185,0.08824110062419356,-105.77039254763
restricted_bend_sustain_v4_00832,-6.004230670049216,0.12591040339066872,-101.57595585549319
restricted_bend_sustain_v4_00833,-2.099191361345457,0.1778797005366991,-99.18810242230754
restricted_bend_sustain_v4_00834,6.234977693733496,0.3673774659177184,-90.74287832495207
restricted_bend_sustain_v4_00835,4.024091714396668,0.14454430292541112,-92.13512197729182
restricted_bend_sustain_v4_00836,0.5868300563821246,0.30320892927898363,-96.16627272578269
restricted_bend_sustain_v4_00837,-5.027552399230938,0.1004662447220338,-101.7061729648462
restricted_bend_sustain_v4_00838,-3.1049285022208286,0.11389133598787506,-98.34645151251198
restricted_bend_sustain_v4_00839,-1.722144183527758,0.1999390922496758,-98.56714926573554
restricted_bend_sustain_v4_00840,4.498992570499996,0.2629004319887248,-92.31324658997926
restricted_bend_sustain_v4_00841,-8.906421339565737,0.08659875164887401,-105.43196997231924
restricted_bend_sustain_v4_00842,-4.32712217083395,0.09925924243640302,-99.45243684218116
restricted_bend_sustain_v4_00843,-1.1071352970871258,0.24703115092878036,-97.8299750310062
restricted_bend_sustain_v4_00844,-1.8756927554042169,0.148381754845047,-97.9325941256009
restricted_bend_sustain_v4_00845,-1.2341337422510432,0.1948238384136419,-98.25307392726855
restricted_bend_sustain_v4_00846,5.328665357876465,0.4054604700054687,-91.76908233377884
restricted_bend_sustain_v4_00847,-5.218754103160923,0.11145191736341825,-101.89464975884741
restricted_bend_sustain_v4_00848,0.41764282035075534,0.21880552031560066,-96.62693543014107
restricted_bend_sustain_v4_00849,1.4878816129095485,0.1444365195688525,-95.52798973770486
restricted_bend_sustain_v4_00850,-12.617431316905162,0.08237313245258276,-109.28787199840245
restricted_bend_sustain_v4_00851,6.030054310034324,0.23159763503937103,-89.07506712693083
restricted_bend_sustain_v4_00852,-5.881197543388794,0.08314727906332783,-102.5952393065949
restricted_bend_sustain_v4_00853,-2.83116029652863,0.1709672947362055,-98.97336505259307
restricted_bend_sustain_v4_00854,-1.0979301584809438,0.14922874912810707,-97.57503659846174
restricted_bend_sustain_v4_00855,-8.149715617317922,0.08179792498261566,-105.06392929048573
restricted_bend_sustain_v4_00856,-8.103954208096027,0.0919815219157823,-105.03068675534746
restricted_bend_sustain_v4_00857,1.7194865538396016,0.19920054424465877,-94.24205367865696
restricted_bend_sustain_v4_00858,2.890843802039515,0.19751311151602569,-93.31986634741406
restricted_bend_sustain_v4_00859,-4.24082143777032,0.13638408249940326,-101.02773703224223
restricted_bend_sustain_v4_00860,6.810207202306967,0.4383866796287077,-89.81162549935453
restricted_bend_sustain_v4_00861,-3.2999503758181263,0.16179647136462572,-100.20838096626589
restricted_bend_sustain_v4_00862,-5.564869051139315,0.08497179625570093,-102.36315671733266
restricted_bend_sustain_v4_00863,7.6320628909197366,0.2862895671187738,-88.1371711426933
restricted_bend_sustain_v4_00864,-5.022011761679077,0.13739841950481163,-101.74924806876808
restricted_bend_sustain_v4_00865,-9.58317216479909,0.06128480049776184,-106.06732607773387
restricted_bend_sustain_v4_00866,3.054093557363971,0.11232399506603737,-91.92017913844445
restricted_bend_sustain_v4_00867,12.775335807068837,0.4680997758549173,-84.31977558473784
restricted_bend_sustain_v4_00868,-1.4453368376717133,0.22263346182414856,-97.24554892815453
restricted_bend_sustain_v4_00869,4.122586933252693,0.38136195781632715,-92.83420983676669
restricted_bend_sustain_v4_00870,0.9890910275288355,0.17744536733174848,-95.9665756223152
restricted_bend_sustain_v4_00871,-5.563985389452376,0.08965247992378929,-101.97251528629943
restricted_bend_sustain_v4_00872,-10.120712271548749,0.09214210989401177,-105.86966015427447
restricted_bend_sustain_v4_00873,4.013360961807113,0.23123280238743724,-92.93901357435224
restricted_bend_sustain_v4_00874,3.6321912251552595,0.20551993845962235,-93.14168413430815
restricted_bend_sustain_v4_00875,-3.5501054315371308,0.10973973475237571,-99.70786152118121
restricted_bend_sustain_v4_00876,13.462780037122538,0.5177907545318089,-83.33083629664728
restricted_bend_sustain_v4_00877,-10.60167459060689,0.06287694053586072,-107.41971379376481
restricted_bend_sustain_v4_00878,-6.240253994665781,0.0986817649242836,-101.66296531530912
restricted_bend_sustain_v4_00879,1.2898230090136171,0.319780173230253,-95.48431974474995
restricted_bend_sustain_v4_00880,-6.828409092358777,0.09772969936978204,-103.57454572539203
restricted_bend_sustain_v4_00881,0.05859150782244785,0.20476605694424937,-95.85948750561825
restricted_bend_sustain_v4_00882,-1.474381718442956,0.15097714004366122,-97.98465842152197
restricted_bend_sustain_v4_00883,-9.77328304600821,0.12285113653447881,-106.62800168520432
restricted_bend_sustain_v4_00884,0.46993910647878245,0.3644004299763352,-96.35618411205829
restricted_bend_sustain_v4_00885,-0.2911551502078788,0.13164273952313546,-97.25822739629307
restricted_bend_sustain_v4_00886,-6.068692802945904,0.10173738131195548,-103.04016025909804
restricted_bend_sustain_v4_00887,5.454730667128916,0.3837278671920149,-89.95188430687642
restricted_bend_sustain_v4_00888,1.1378448251992852,0.2942719701785776,-95.46240697146635
restricted_bend_sustain_v4_00889,-9.600036127387707,0.07104329070788035,-106.70514682823743
restricted_bend_sustain_v4_00890,1.5776455674116754,0.20021326891533478,-95.15176307181542
restricted_bend_sustain_v4_00891,5.255377703522617,0.2897120216348659,-90.02787857638323
restricted_bend_sustain_v4_00892,2.3148221247046883,0.14116919737856568,-94.4029467360734
restricted_bend_sustain_v4_00893,6.209990003301301,0.44649537624278646,-90.0183023969794
restricted_bend_sustain_v4_00894,0.16838591031533626,0.1861773841779093,-96.12358516559806
restricted_bend_sustain_v4_00895,-10.907828138693386,0.06878967304010797,-107.73149324586643
restricted_bend_sustain_v4_00896,-8.13233979534236,0.08604575337477817,-104.84506552265904
restricted_bend_sustain_v4_00897,-0.5539592004868585,0.2185529646126642,-95.98640648382576
restricted_bend_sustain_v4_00898,5.397927159542318,0.3249235599316743,-91.65454884182398
restricted_bend_sustain_v4_00899,-1.1294992425240888,0.1980026163055367,-97.98177520550766
restricted_bend_sustain_v4_00900,10.5791709732649,0.7325233901865955,-85.71065514959344
restricted_bend_sustain_v4_00901,-5.583561828811419,0.10920731652250291,-102.42141210863855
restricted_bend_sustain_v4_00902,-10.597167416604737,0.0691931193089383,-107.38037803148126
restricted_bend_sustain_v4_00903,2.1581937370188284,0.27947799312959043,-93.75632850054859
restricted_bend_sustain_v4_00904,3.7983265919882987,0.22767071814271947,-92.51977307335432
restricted_bend_sustain_v4_00905,-2.41860307899357,0.12256964277269602,-99.54811591057754
restricted_bend_sustain_v4_00906,-9.020737801673445,0.08424137520269868,-105.80765506706767
restricted_bend_sustain_v4_00907,2.574981419780361,0.23746084857211003,-93.33526742598727
restricted_bend_sustain_v4_00908,-1.1325530070771133,0.08780544205822916,-97.81522485021404
restricted_bend_sustain_v4_00909,-4.298645702243601,0.18293226791427233,-99.67395392004951
restricted_bend_sustain_v4_00910,7.084653835968231,0.3909166581398124,-89.51478942206978
restricted_bend_sustain_v4_00911,-9.188048586460564,0.08682861014256614,-106.02431110037051
restricted_bend_sustain_v4_00912,10.622474737238273,0.21108122048643554,-86.27142402412892
restricted_bend_sustain_v4_00913,-6.863551975478366,0.10988097323120295,-103.35246837187377
restricted_bend_sustain_v4_00914,-9.636702750650619,0.07479253648986016,-105.43714093950184
restricted_bend_sustain_v4_00915,3.252917937677187,0.43958170443851224,-93.62121402519514
restricted_bend_sustain_v4_00916,-5.37428861730975,0.1596469390898359,-100.33332760148505
restricted_bend_sustain_v4_00917,4.7757834314011705,0.19949242460374128,-92.05412377650062
restricted_bend_sustain_v4_00918,-1.7463021463422732,0.20374359968512185,-98.60202709386756
restricted_bend_sustain_v4_00919,-7.242260374989752,0.09529699095121823,-103.94234929916335
restricted_bend_sustain_v4_00920,-9.134572524958578,0.09713032742920452,-104.52469187278001
restricted_bend_sustain_v4_00921,0.19618300391576965,0.17661396648851066,-96.56029440817535
restricted_bend_sustain_v4_00922,6.894009792387468,0.31580991542471104,-90.11701632483394
restricted_bend_sustain_v4_00923,-0.9129006007859731,0.12964987072901357,-97.73576100116507
restricted_bend_sustain_v4_00924,8.693340660481232,0.6454775840942831,-88.08891751629449
restricted_bend_sustain_v4_00925,-0.28016032106583644,0.2001406345680652,-96.71473560030181
restricted_bend_sustain_v4_00926,-2.133192284070406,0.1558347799345612,-97.84442175047877
restricted_bend_sustain_v4_00927,-0.09068747838738718,0.24635111053906716,-97.11885368253718
restricted_bend_sustain_v4_00928,-3.794782111298212,0.14384996640824294,-100.32016344446637
restricted_bend_sustain_v4_00929,-11.410022093972467,0.053471971085577386,-108.48197327687171
restricted_bend_sustain_v4_00930,-5.147099874155538,0.10575211835244794,-101.83045050871351
restricted_bend_sustain_v4_00931,18.832487622149632,0.3511309956758183,-77.05206554666907
restricted_bend_sustain_v4_00932,-3.3769816116626314,0.19984462285224117,-100.06647151450296
restricted_bend_sustain_v4_00933,10.675099099608559,0.5767980529593069,-84.53487129425325
restricted_bend_sustain_v4_00934,0.34170215344471794,0.17056240445387832,-96.24799709029006
restricted_bend_sustain_v4_00935,-5.5456894158608225,0.11957017248298449,-102.65679591161621
restricted_bend_sustain_v4_00936,-2.987095470449357,0.13808287799542357,-99.78799605999016
restricted_bend_sustain_v4_00937,7.6982545047209685,0.40234161140806696,-88.04581466448623
restricted_bend_sustain_v4_00938,-0.23758541125064575,0.1563400829431868,-97.2408036873623
restricted_bend_sustain_v4_00939,-7.809753793357763,0.1240146419396671,-104.64661184635591
restricted_bend_sustain_v4_00940,-1.9985722055348618,0.26346992254553797,-98.08177536321716
restricted_bend_sustain_v4_00941,-8.028387876832195,0.08068677590539144,-104.80798934819933
restricted_bend_sustain_v4_00942,-4.132010428029492,0.10824773882534815,-100.85824710611973
restricted_bend_sustain_v4_00943,-0.32599931224231526,0.23177102373124112,-96.26757021611424
restricted_bend_sustain_v4_00944,-9.535419433954505,0.08924510026764461,-104.80988333345769
restricted_bend_sustain_v4_00945,-1.487965524387864,0.17973879567042272,-98.2565869153455
restricted_bend_sustain_v4_00946,-5.5583950388183245,0.12772661517325523,-102.32006637351861
restricted_bend_sustain_v4_00947,-7.238816192963757,0.08529900192901148,-104.07313638456208
restricted_bend_sustain_v4_00948,5.657369686763159,0.2521941164534263,-91.22520093977212
restricted_bend_sustain_v4_00949,-8.341879964558252,0.07706149433641718,-104.81753858684841
restricted_bend_sustain_v4_00950,-3.4745240433833398,0.14601778425274942,-98.99681413778151
restricted_bend_sustain_v4_00951,-1.9674801165882927,0.19864097904156272,-99.02458372638479
restricted_bend_sustain_v4_00952,2.911782941150551,0.27906521698437703,-93.83924873069105
restricted_bend_sustain_v4_00953,-6.486317364363713,0.07996886668772163,-102.919508866323
restricted_bend_sustain_v4_00954,4.521414563862286,0.10749064514392566,-91.46534576763005
restricted_bend_sustain_v4_00955,3.0777041262688485,0.32620146220906643,-93.83593295849732
restricted_bend_sustain_v4_00956,-0.9815678257478591,0.15635886748817615,-95.93761844136239
restricted_bend_sustain_v4_00957,0.1185889112967812,0.18923661203713643,-96.78743097951337
restricted_bend_sustain_v4_00958,0.7538055075170857,0.15031837423333108,-96.26501866487564
restricted_bend_sustain_v4_00959,-9.124802752118054,0.07226594862457152,-105.7210687387947
restricted_bend_sustain_v4_00960,-12.533404579456215,0.05251130373006916,-108.44782579916188
restricted_bend_sustain_v4_00961,-1.1489062353940396,0.14247110606275137,-98.1527229455287
restricted_bend_sustain_v4_00962,2.365113546728709,0.25672264185925076,-94.39485800001916
restricted_bend_sustain_v4_00963,0.49025274217309156,0.13867788414210258,-96.08191297039289
restricted_bend_sustain_v4_00964,8.23028239432105,0.31266857588005564,-88.55309206304437
restricted_bend_sustain_v4_00965,-0.7508545472105211,0.16636862975526762,-97.29299369450062
restricted_bend_sustain_v4_00966,-8.430057635876928,0.07183338246261133,-103.54650600579382
restricted_bend_sustain_v4_00967,1.8326945460314121,0.2842876517850064,-95.02457943588462
restricted_bend_sustain_v4_00968,1.5753464346645023,0.2701050330092255,-95.2468228909572
restricted_bend_sustain_v4_00969,-5.314468683214457,0.13621179510282755,-101.89332404415839
restricted_bend_sustain_v4_00970,-1.0432164990916746,0.09165700874749114,-96.52952818995564
restricted_bend_sustain_v4_00971,5.9791612712948385,0.27196002662349805,-91.01830716760989
restricted_bend_sustain_v4_00972,-7.442588016825425,0.13118431621452073,-103.14653362900378
restricted_bend_sustain_v4_00973,-1.7242857991839373,0.16377790364464692,-98.7486745530106
restricted_bend_sustain_v4_00974,-2.494364585047195,0.22091956623332096,-99.27597198859125
restricted_bend_sustain_v4_00975,-3.902661422592431,0.1167384038567976,-100.12258747758713
restricted_bend_sustain_v4_00976,-0.13995795936967434,0.29805499147602865,-96.99720590077476
restricted_bend_sustain_v4_00977,-3.361016358588906,0.13556622447969408,-100.20746650271575
restricted_bend_sustain_v4_00978,-12.43068145457257,0.05262092062122533,-109.40669648428783
restricted_bend_sustain_v4_00979,8.402781969676969,0.14409664422049295,-86.85441523898362
restricted_bend_sustain_v4_00980,-3.321706073987712,0.11066463193923781,-100.09830367045531
restricted_bend_sustain_v4_00981,-0.6478454384012233,0.17998882881587092,-96.42121826951106
restricted_bend_sustain_v4_00982,9.754198013483867,0.49564631791121894,-86.57833547726159
restricted_bend_sustain_v4_00983,-4.80220516974988,0.13705178842201052,-101.67390836496175
restricted_bend_sustain_v4_00984,-4.129054586041159,0.07876714034614876,-100.87541352885992
restricted_bend_sustain_v4_00985,-2.8924996454384315,0.14032122365325767,-99.13875798520928
restricted_bend_sustain_v4_00986,7.328437600019077,0.4356492799974558,-89.03235835352595
restricted_bend_sustain_v4_00987,-1.825760621482853,0.2044580794580109,-98.89064175475389
restricted_bend_sustain_v4_00988,5.817536280329055,0.48459339551492914,-90.71579112822276
restricted_bend_sustain_v4_00989,2.02230994362355,0.1675958544598776,-94.78109491512339
restricted_bend_sustain_v4_00990,-11.361437963712904,0.05588848358346747,-108.09700827319097
restricted_bend_sustain_v4_00991,-6.582825305470258,0.12744124852834718,-101.88274851627165
restricted_bend_sustain_v4_00992,5.288533792544802,0.21840320476632713,-91.48951176282554
restricted_bend_sustain_v4_00993,-6.369479611463607,0.08833419572189247,-102.97522122144856
restricted_bend_sustain_v4_00994,-4.807019437470856,0.0977822990153779,-100.10252693981838
restricted_bend_sustain_v4_00995,3.5869320653033547,0.4172894912157999,-93.2833565396791
restricted_bend_sustain_v4_00996,-6.760445442584424,0.12230380119100334,-102.32065425222594
restricted_bend_sustain_v4_00997,4.793139080663512,0.26422671806016423,-92.09351319893061
restricted_bend_sustain_v4_00998,2.8969839058730584,0.21344590040713063,-93.86923934901084
restricted_bend_sustain_v4_00999,-6.596252590775754,0.07836059210908342,-102.87924749862097
restricted_bend_sustain_v4_01000,-8.08894000820394,0.10483006961015758,-104.01554754800574
restricted_bend_sustain_v4_01001,3.7169722644995025,0.26551945804201826,-93.25828440835565
restricted_bend_sustain_v4_01002,0.6906614000528186,0.22514868949588931,-96.07430602651829
restricted_bend_sustain_v4_01003,-7.216418758333361,0.07372754277385848,-103.55978003262761
restricted_bend_sustain_v4_01004,5.120906154055207,0.3692299384084235,-91.64678937638314
restricted_bend_sustain_v4_01005,-10.841386048997304,0.08202497524982263,-107.26983303346245
restricted_bend_sustain_v4_01006,6.70996906293746,0.23083147741091598,-88.63712153604403
restricted_bend_sustain_v4_01007,-2.14677532563095,0.20994323950451085,-98.95926058117689
restricted_bend_sustain_v4_01008,-5.235421323922413,0.1108758054457921,-102.0713574862553
restricted_bend_sustain_v4_01009,1.2806493505971597,0.2315477936967893,-94.8569590833232
restricted_bend_sustain_v4_01010,1.8349585812131135,0.22897673301912622,-94.53949944289238
restricted_bend_sustain_v4_01011,-2.54719156213908,0.15733242548029,-99.40276282468216
restricted_bend_sustain_v4_01012,1.8284425080702476,0.2820830694105831,-94.93990602517066
restricted_bend_sustain_v4_01013,-4.650414144905549,0.09056293266347587,-101.52019595367818
restricted_bend_sustain_v4_01014,-5.527282144320499,0.10694475123517883,-102.37514709231377
restricted_bend_sustain_v4_01015,12.426856670227473,0.33589196118161213,-82.70528722291618
restricted_bend_sustain_v4_01016,-0.3887253742042673,0.23828323580395752,-97.16668501974976
restricted_bend_sustain_v4_01017,-5.845006134597076,0.09434668476558837,-102.50684448439421
restricted_bend_sustain_v4_01018,-4.843149167217513,0.11530855034620957,-101.7821684474325
restricted_bend_sustain_v4_01019,7.696719289730696,0.3871806341369907,-87.87914184650856
restricted_bend_sustain_v4_01020,1.504305912889965,0.16476124920771967,-95.1986324900208
restricted_bend_sustain_v4_01021,6.852779593866457,0.42893034986924966,-89.19137589079355
restricted_bend_sustain_v4_01022,-2.8120908759394574,0.17754934835014144,-98.9329180053478
restricted_bend_sustain_v4_01023,-10.557900415796219,0.07336644610311259,-107.36629389358714
