sound_id,source_id,method,gain_db,float_reference_peak,early_pcm_peak,error_rms_dbfs,error_peak,held_snr_db,error_mean,held_level_change_db,final_vs_current_playback_error_rms_dbfs,final_vs_current_playback_error_peak,final_vs_current_playback_held_snr_db,final_vs_current_playback_error_mean,final_vs_current_playback_held_level_change_db
sound_007,restricted_bend_sustain_v4_00003,pcm16_current,4.294233896480067,0.37039320161032246,0.3703487137259448,-93.01274063596586,5.0033212648308034e-05,62.86117549765269,-1.4464739015984888e-05,-1.1173925611718409e-05,-92.55547873280912,6.103515625e-05,62.07136394080458,-1.3743751623913454e-05,-1.0043277027664409e-05
sound_007,restricted_bend_sustain_v4_00003,pcm16_nearest,4.294233896480067,0.37039320161032246,0.3703987473268264,-99.55436574816774,2.5016800440827436e-05,68.83409969065744,-1.1723523482168486e-07,1.91410962543391e-05,-96.20916934924738,3.0517578125e-05,66.2420655691511,9.671973172949734e-07,2.0259039287502332e-05
sound_007,restricted_bend_sustain_v4_00003,pcm24_current,4.294233896480067,0.37039320161032246,0.37039307945797656,-141.37077482790372,1.950555201058126e-07,111.03994811982727,-5.6245851897033284e-08,2.399889967910232e-07,-110.46949529336963,3.0517578125e-05,88.19814931994911,2.1198529324924414e-07,3.4230406234523645e-07
sound_057,restricted_bend_sustain_v4_00024,pcm16_current,-4.512355108918341,0.15641106897624218,0.15640045057394492,-100.3509633264426,1.81521884836897e-05,71.61531099691433,-7.270126010930323e-06,-5.919904253710078e-06,-97.04495883880192,3.0517578125e-05,67.60070456548488,-6.4707415084089195e-06,-3.926618475096054e-05
sound_057,restricted_bend_sustain_v4_00024,pcm16_nearest,-4.512355108918341,0.15641106897624218,0.15641860290107745,-107.04567593701856,9.07616356627533e-06,77.63594321999365,1.0150859663653016e-08,5.305627251183534e-06,-98.6289305651452,3.0517578125e-05,70.70632982329157,1.3777890713577097e-06,-1.5761916642493433e-05
sound_057,restricted_bend_sustain_v4_00024,pcm24_current,-4.512355108918341,0.15641106897624218,0.15641101579559627,-148.86318360241336,7.076887901346511e-08,120.04050828249768,-2.736045528341967e-08,1.0568112279443268e-07,-116.48669031049756,3.0517578125e-05,92.33269792383689,-7.358357839663644e-08,3.3941770305988643e-07
sound_067,restricted_bend_sustain_v4_00032,pcm16_current,-14.41256029881562,0.06392107514435783,0.0639190734544532,-111.10035813505039,5.806557541282545e-06,81.49674336970602,-1.914069284605626e-06,-2.5933696412464145e-06,-102.27508825191327,3.0517578125e-05,72.56722712232735,-1.9406227117583143e-06,9.643811241276322e-07
sound_067,restricted_bend_sustain_v4_00032,pcm16_nearest,-14.41256029881562,0.06392107514435783,0.0639190734544532,-117.79551219954791,2.9033009381618236e-06,87.50420073271818,-7.94139731709481e-09,1.0152741484033656e-06,-102.88067308956349,3.0517578125e-05,75.50657248042042,8.936137388983371e-07,1.1430884891777367e-05
sound_067,restricted_bend_sustain_v4_00032,pcm24_current,-14.41256029881562,0.06392107514435783,0.0639210694738482,-160.1933524125592,2.2637703548919727e-08,130.72763428914482,-6.580475002344609e-09,1.2820961154485026e-07,-110.32214918560571,3.0517578125e-05,97.30591846179485,-3.0425310315098264e-07,4.509828968968787e-07
sound_020,restricted_bend_sustain_v4_00060,pcm16_current,9.045030093894406,0.3448606139054225,0.34479163382924705,-86.42516518931026,8.645662060664682e-05,58.04700498140036,-3.750860464692828e-05,-4.221912196014648e-06,-86.69541846147712,9.1552734375e-05,57.88803802195897,-3.513350598485922e-05,-0.00015787164298716305
sound_020,restricted_bend_sustain_v4_00060,pcm16_nearest,9.045030093894406,0.3448606139054225,0.34487809110954526,-93.1879503831879,4.3228640149106656e-05,64.0714078951961,2.1957497103353706e-07,4.0331003153024646e-05,-91.81773532586175,6.103515625e-05,63.1261445182228,2.9200455138652685e-06,-0.00011709300318496045
sound_020,restricted_bend_sustain_v4_00060,pcm24_current,9.045030093894406,0.3448606139054225,0.3448605294744847,-134.97019784225404,3.370640596052935e-07,106.28420400346435,-1.3973961525888152e-07,2.780418608654074e-07,-110.34194988017458,3.0517578125e-05,84.73027691505362,4.128984493102797e-08,-2.8779532398178206e-06
sound_008,restricted_bend_sustain_v4_00066,pcm16_current,-7.591848236203884,0.10484258324340844,0.10485001957728644,-104.4496760134482,1.2733691771080436e-05,74.7023568206499,-4.005033184129488e-06,-4.175131821571158e-06,-99.70673273932745,3.0517578125e-05,69.11895386524141,-3.5057154372165534e-06,-9.190749292337498e-06
sound_008,restricted_bend_sustain_v4_00066,pcm16_nearest,-7.591848236203884,0.10484258324340844,0.10483728578817092,-111.20120192933486,6.366894557768843e-06,80.68444589146,-6.065155617745278e-09,6.286478697682433e-06,-100.53573819854614,3.0517578125e-05,72.10764474953572,1.202018893494898e-06,6.3447048943538656e-06
sound_008,restricted_bend_sustain_v4_00066,pcm24_current,-7.591848236203884,0.10484258324340844,0.1048426081140903,-153.10319368242705,4.964401928147204e-08,123.2654525508205,-1.4750531608570533e-08,-8.42854414713897e-09,-113.86046866994536,3.0517578125e-05,94.19343307883624,-1.3471100245653816e-07,-2.673128584687942e-07
sound_052,restricted_bend_sustain_v4_00083,pcm16_current,10.466837787581191,0.08550579149039228,0.0855403928557653,-85.56024755438379,0.00010183301815675587,56.624025057538475,-3.914558959729885e-05,1.6649514511940214e-05,-85.4454811751893,0.0001220703125,56.42637807851487,-3.8941167829979215e-05,-3.758006948952812e-05
sound_052,restricted_bend_sustain_v4_00083,pcm16_nearest,10.466837787581191,0.08550579149039228,0.0855403928557653,-92.23982703476179,5.091690050938735e-05,62.660660361158705,5.026272619358466e-07,-3.534858419210391e-05,-91.20748359352345,6.103515625e-05,61.880582488815755,1.873728549579554e-06,-7.150090309099698e-05
sound_052,restricted_bend_sustain_v4_00083,pcm24_current,10.466837787581191,0.08550579149039228,0.08550618306323556,-133.8565195554701,3.9700832010120633e-07,104.84245675399518,-1.5228920603188658e-07,1.019608747641632e-07,-113.23155941275913,3.0517578125e-05,84.1732876740027,-1.2017882239701437e-07,-1.0994766429104386e-06
sound_060,restricted_bend_sustain_v4_00085,pcm16_current,-3.6311737463703073,0.10578868299313694,0.10579672705270161,-98.908452067045,2.0090374870080736e-05,70.71866759571482,-9.374823017699706e-06,-1.0035322210335727e-06,-95.77052467290613,3.0517578125e-05,67.16091431230089,-8.677556851733749e-06,-3.663126305052908e-06
sound_060,restricted_bend_sustain_v4_00085,pcm16_nearest,-3.6311737463703073,0.10578868299313694,0.10579672705270161,-105.26490117520802,1.0045264627112083e-05,76.73930567095398,-2.0046950825401706e-08,-6.163425266877338e-07,-98.01340104369265,3.0517578125e-05,70.1606263442223,8.749295073932351e-07,1.3931739624984504e-06
sound_060,restricted_bend_sustain_v4_00085,pcm24_current,-3.6311737463703073,0.10578868299313694,0.10578872223245189,-147.1913586000958,7.832424576398848e-08,119.14583233717576,-3.644204418735156e-08,-6.552487415561344e-08,-119.88106858322499,3.0517578125e-05,92.33267328052563,-3.367775061413454e-08,4.2217863749883985e-07
sound_001,restricted_bend_sustain_v4_00090,pcm16_current,-1.63817808046645,0.14690885617398178,0.14693193176405117,-98.45254642370946,2.527189704982543e-05,68.75663883725979,-8.065481678892151e-06,7.3783813893923335e-06,-96.60775921259665,3.0517578125e-05,66.09720651751698,-7.156060666454082e-06,-1.8086451130810852e-05
sound_001,restricted_bend_sustain_v4_00090,pcm16_nearest,-1.63817808046645,0.14690885617398178,0.14690665967396446,-105.18214538354995,1.263604504335436e-05,74.70829142572451,-9.226142024744401e-08,-1.8850733019744324e-07,-98.3945772756988,3.0517578125e-05,69.07708319167021,1.0317847842261905e-06,-2.8986544623494398e-05
sound_001,restricted_bend_sustain_v4_00090,pcm24_current,-1.63817808046645,0.14690885617398178,0.1469089302133082,-146.9276467339597,9.852606503047839e-08,117.08801540834548,-3.051758407952676e-08,-6.510027787591494e-08,-117.08414918188862,3.0517578125e-05,90.35778113014622,-6.412612788170824e-08,-7.116042196719684e-07
sound_064,restricted_bend_sustain_v4_00102,pcm16_current,-12.609324815619162,0.05336692793132011,0.053361739156300825,-109.40825620570419,7.146287631456034e-06,79.70950672225172,-2.2809458675864573e-06,3.562432405951188e-08,-102.00103236783147,3.0517578125e-05,71.60549469178923,-2.067029611323696e-06,-2.6177512800590775e-05
sound_064,restricted_bend_sustain_v4_00102,pcm16_nearest,-12.609324815619162,0.05336692793132011,0.05336888549876182,-116.24193589555468,3.5731712305017704e-06,85.71532363347856,1.544458626518522e-08,-6.325218959600178e-08,-101.49602788045817,3.0517578125e-05,74.62303614085874,1.3332698530801209e-06,-3.1290393192827727e-06
sound_064,restricted_bend_sustain_v4_00102,pcm24_current,-12.609324815619162,0.05336692793132011,0.053366903505344905,-158.25751970061168,2.7860570692471334e-08,128.62306264763606,-8.152472466852675e-09,-1.0125727697639693e-09,-116.47309735787032,3.0517578125e-05,96.72599834382852,-7.381424792139078e-08,2.94502226217916e-07
sound_044,restricted_bend_sustain_v4_00103,pcm16_current,-3.8014387626441035,0.1415834318326451,0.1415680792635149,-100.4305107212049,1.970038939888771e-05,70.92728964143893,-6.589332073196639e-06,6.021546024008256e-06,-97.52509239720625,3.0517578125e-05,67.24268710718772,-5.793495783730159e-06,1.259773048058751e-05
sound_044,restricted_bend_sustain_v4_00103,pcm16_nearest,-3.8014387626441035,0.1415834318326451,0.14158777980335116,-107.10908926330312,9.85026991814214e-06,76.9119485406193,5.971180261301439e-08,-9.234797497830873e-07,-98.8835055780113,3.0517578125e-05,70.1642207016587,1.3484940417139077e-06,1.6730234141126917e-06
sound_044,restricted_bend_sustain_v4_00103,pcm24_current,-3.8014387626441035,0.1415834318326451,0.14158339335502823,-148.84184010838166,7.68047963422337e-08,119.29698250170634,-2.5207105386046177e-08,8.012039501363262e-08,-119.88106858322499,3.0517578125e-05,91.3373330645549,-3.367775061413454e-08,-2.0032136990023138e-07
sound_004,restricted_bend_sustain_v4_00104,pcm16_current,-0.0537573687173589,0.274086948732768,0.2740857639950059,-95.27466355168313,3.0329055153872918e-05,67.1256017279712,-1.4083748283130095e-05,-7.790167563373467e-06,-94.52830083347604,3.0517578125e-05,65.37877966342226,-1.155100712159864e-05,-0.00011223616455953078
sound_004,restricted_bend_sustain_v4_00104,pcm16_nearest,-0.0537573687173589,0.274086948732768,0.2740857639950059,-101.85136446290639,1.5164643354825813e-05,73.08121465626888,8.94047843182686e-08,-7.095178333414898e-06,-95.42087046914955,3.0517578125e-05,67.42967697728034,2.50668572550548e-06,-0.00011186070073114641
sound_004,restricted_bend_sustain_v4_00104,pcm24_current,-0.0537573687173589,0.274086948732768,0.274086948732768,-143.77238816052648,1.182422204436352e-07,115.4337857040355,-5.2746732758644665e-08,1.272793055649991e-07,-118.40705853051183,3.0517578125e-05,89.77263741051573,-4.728725257464097e-08,1.0896744586105522e-06
sound_036,restricted_bend_sustain_v4_00131,pcm16_current,3.9883879254519656,0.4640258743999026,0.4639936570207352,-92.77326310458149,4.830211457219448e-05,63.064093315427286,-1.5421747458013863e-05,2.914001916160665e-05,-92.6911062911232,6.103515625e-05,62.38197556931527,-1.4266679436531558e-05,3.423751661006137e-05
sound_036,restricted_bend_sustain_v4_00131,pcm16_nearest,3.9883879254519656,0.4640258743999026,0.4640419595042893,-99.69898969310792,2.4151241777056742e-05,69.1382285676262,-4.162332951620891e-08,-1.4315849356813605e-05,-96.1338361531416,3.0517578125e-05,66.35123809727735,1.4684421945861677e-06,-2.555941512342359e-05
sound_036,restricted_bend_sustain_v4_00131,pcm24_current,3.9883879254519656,0.4640258743999026,0.46402573288872034,-141.1591054221496,1.883125944724375e-07,111.31542313469686,-5.9587298799079155e-08,2.934447756123619e-07,-116.19705335114439,3.0517578125e-05,87.41057489881733,-2.375896104969766e-08,1.5543844651836467e-06
sound_026,restricted_bend_sustain_v4_00154,pcm16_current,-4.733401576726189,0.11841471848424759,0.11842296173305836,-101.46283340825342,1.7696063672675606e-05,71.83500840313921,-5.6698711246036766e-06,-9.103460596074477e-07,-98.29475907158539,3.0517578125e-05,67.62468098165257,-4.852594792257181e-06,-8.002474318553181e-05
sound_026,restricted_bend_sustain_v4_00154,pcm16_nearest,-4.733401576726189,0.11841471848424759,0.11842296173305836,-108.43451656777361,8.84809935244868e-06,77.85560814414902,1.5383824392756973e-08,6.742372869594006e-06,-99.47336584903283,3.0517578125e-05,70.59907580595878,1.206632283989985e-06,-8.091902753050884e-05
sound_026,restricted_bend_sustain_v4_00154,pcm24_current,-4.733401576726189,0.11841471848424759,0.11841473576569163,-150.11389653493174,6.899074398633673e-08,120.26596159304563,-2.1015102837488315e-08,-8.91470501824984e-09,-116.61098020272664,3.0517578125e-05,92.07716358804933,-7.150755267384732e-08,5.453133348335589e-07
sound_012,restricted_bend_sustain_v4_00188,pcm16_current,2.2172959992954984,0.44143096671266324,0.44139430541704133,-93.58511837585802,3.939231917031564e-05,64.82789039219236,-1.5753176669158313e-05,-5.924533915887401e-06,-92.94825728956928,6.103515625e-05,63.828063069481885,-1.5239412822420634e-05,-6.281697135493919e-06
sound_012,restricted_bend_sustain_v4_00188,pcm16_nearest,2.2172959992954984,0.44143096671266324,0.44143369803689114,-100.41968673186867,1.9696309924897848e-05,70.89489670482794,1.8401136909338412e-07,6.343793250691338e-06,-95.82021858182942,3.0517578125e-05,67.28651876590081,1.918939776431406e-06,1.2648449859023552e-06
sound_012,restricted_bend_sustain_v4_00188,pcm24_current,2.2172959992954984,0.44143096671266324,0.44143092824330793,-142.14041539922678,1.5357674180104855e-07,113.09403660491974,-5.8721830552744055e-08,3.113494141306872e-07,-115.36509662450536,3.0517578125e-05,88.30094347116975,-9.918789564436885e-09,1.8965751173175006e-06
sound_010,restricted_bend_sustain_v4_00217,pcm16_current,-9.727797781769352,0.07715234021054264,0.07715246176481623,-104.83940831628443,9.957649343775979e-06,76.82901871524899,-4.829908762471563e-06,-2.731211682431222e-06,-98.6396456233338,3.0517578125e-05,70.21604205103026,-4.482139535501701e-06,-3.1388875305888734e-06
sound_010,restricted_bend_sustain_v4_00217,pcm16_nearest,-9.727797781769352,0.07715234021054264,0.07715246176481623,-111.18185726268679,4.978863046262161e-06,82.85184640916107,-5.24506989965696e-10,1.1102401413625555e-06,-100.2055247133255,3.0517578125e-05,73.18250803351012,8.670867435515873e-07,-1.4050980854294563e-06
sound_010,restricted_bend_sustain_v4_00217,pcm24_current,-9.727797781769352,0.07715234021054264,0.07715234507271358,-153.30303824057884,3.882061880857812e-08,125.50332714082029,-1.82132539379064e-08,-5.089272742567915e-08,-119.27150432381075,3.0517578125e-05,93.90052793248914,-3.875248015873016e-08,2.2628008896463308e-07
sound_034,restricted_bend_sustain_v4_00221,pcm16_current,4.973137599612799,0.38782066364888323,0.38785154465944266,-92.05842413410521,5.410078706899839e-05,62.142077763203446,-1.6562409082431346e-05,4.023140120589829e-06,-91.99807701122162,6.103515625e-05,61.57936370922401,-1.5559351453254914e-05,1.4279242662319158e-05
sound_034,restricted_bend_sustain_v4_00221,pcm16_nearest,4.973137599612799,0.38782066364888323,0.3877974434536037,-98.56134286877483,2.7050602919478917e-05,68.0525555575615,3.3000748598319996e-07,3.6917389756599126e-06,-95.7478412481208,3.0517578125e-05,65.78449584013568,1.6266814885676493e-06,1.458839557092799e-05
sound_034,restricted_bend_sustain_v4_00221,pcm24_current,4.973137599612799,0.38782066364888323,0.38782069006548764,-140.34940278174975,2.1091406535538538e-07,110.36601083138424,-6.458110794262937e-08,-1.6214748176186333e-07,-117.30855787237105,3.0517578125e-05,87.00629041934835,-4.890193924792139e-08,-3.0653888623208245e-07
sound_066,restricted_bend_sustain_v4_00255,pcm16_current,-6.885944631043658,0.15111654729854604,0.15112960384247148,-103.69619207912523,1.381177576478484e-05,73.9894056039718,-4.403413944849627e-06,3.929143126850485e-06,-99.09297599005885,3.0517578125e-05,68.80586249766046,-4.03787003082483e-06,1.4947763669493102e-05
sound_066,restricted_bend_sustain_v4_00255,pcm16_nearest,-6.885944631043658,0.15111654729854604,0.15111579196129415,-110.47983281270282,6.9059405886778835e-06,80.00928893553457,-3.988259511911982e-08,-6.251931045574209e-07,-100.49888812252638,3.0517578125e-05,71.8599078826775,1.024172689909297e-06,-2.5490420750273714e-06
sound_066,restricted_bend_sustain_v4_00255,pcm24_current,-6.885944631043658,0.15111654729854604,0.15111654729854604,-152.24868556711317,5.384724829225868e-08,122.46257620065296,-1.6492098004103988e-08,-1.1493301306039645e-07,-111.75193501679644,3.0517578125e-05,92.74658340810156,-2.1890537899187453e-07,1.3116890969394308e-06
sound_049,restricted_bend_sustain_v4_00284,pcm16_current,-4.090422351226547,0.16544461535818575,0.1654431266177726,-100.9943939182299,1.9055731876717253e-05,71.1610875167854,-5.937425480492174e-06,-2.577879760259422e-06,-97.92264049500778,3.0517578125e-05,67.35834346006077,-5.28671483784486e-06,7.47293474322038e-07
sound_049,restricted_bend_sustain_v4_00284,pcm16_nearest,-4.090422351226547,0.16544461535818575,0.1654431266177726,-107.82298235553708,9.52793864418544e-06,77.22702384701778,-3.082369786059145e-08,-2.607838716721199e-06,-99.56504741083413,3.0517578125e-05,70.4136702330555,1.0739973072562358e-06,3.17380434266127e-06
sound_049,restricted_bend_sustain_v4_00284,pcm24_current,-4.090422351226547,0.16544461535818575,0.16544461535818575,-149.44443153218955,7.429160898839791e-08,119.52978838486354,-2.2656443197943394e-08,2.69781790777213e-07,-113.09850474496375,3.0517578125e-05,92.01552236608549,-1.6054598922902495e-07,4.836717948905651e-07
sound_047,restricted_bend_sustain_v4_00287,pcm16_current,-5.810611535069735,0.15255138603938087,0.15255442393332438,-102.58439535777909,1.563205858443231e-05,72.91641438540157,-5.02758558768188e-06,6.08483697476809e-06,-98.52212152912853,3.0517578125e-05,68.19639279505394,-4.605086392195767e-06,1.2308041347906245e-06
sound_047,restricted_bend_sustain_v4_00287,pcm16_nearest,-5.810611535069735,0.15255138603938087,0.15255442393332438,-109.35528049900812,7.816088940126864e-06,78.9662071285872,-8.129510829507695e-08,4.091454226120813e-07,-99.77208903745377,3.0517578125e-05,71.14794037410127,1.0700759253354119e-06,1.8867856419608757e-05
sound_047,restricted_bend_sustain_v4_00287,pcm24_current,-5.810611535069735,0.15255138603938087,0.152551431836777,-151.17466429549413,6.094389903064779e-08,121.41441996757804,-1.8742949984244332e-08,-6.509838682973885e-08,-113.897811503795,3.0517578125e-05,92.20304222180101,-1.3355765483276645e-07,1.3131397461001072e-06
sound_025,restricted_bend_sustain_v4_00334,pcm16_current,5.1551230351545225,0.06784552450185447,0.06789817475365321,-91.54246770891469,5.52462613266979e-05,61.95751399986433,-1.7941183132128816e-05,-6.431124897688773e-06,-91.53873469772505,6.103515625e-05,61.3334140566344,-1.67952787668887e-05,2.555801027570842e-05
sound_025,restricted_bend_sustain_v4_00334,pcm16_nearest,5.1551230351545225,0.06784552450185447,0.0678429280695575,-98.42718938843119,2.762334204786665e-05,67.97969658551116,6.263850111675908e-09,1.491676128327072e-05,-95.55466986048933,3.0517578125e-05,65.7486612428892,1.3203523596938775e-06,1.9603475300080064e-05
sound_025,restricted_bend_sustain_v4_00334,pcm24_current,5.1551230351545225,0.06784552450185447,0.06784573356523423,-139.9042191634212,2.153845907159919e-07,110.19612560509601,-6.944815746767748e-08,-3.715125093016091e-08,-115.70396351195228,3.0517578125e-05,86.89199775722045,-3.04483772675737e-08,-2.1906122853856154e-06
sound_039,restricted_bend_sustain_v4_00347,pcm16_current,-1.2788155230510965,0.22134923352153185,0.22133171665406248,-98.13515004861033,2.6339405918824818e-05,68.3698593849887,-8.335497673592464e-06,-7.864780979415857e-06,-96.52717660982555,3.0517578125e-05,65.97996144843688,-7.290079660336357e-06,1.0468943662736625e-05
sound_039,restricted_bend_sustain_v4_00347,pcm16_nearest,-1.2788155230510965,0.22134923352153185,0.2213580562609474,-104.87567015205241,1.316980344246571e-05,74.39217273794101,-1.5128429941862117e-08,5.031957535587523e-06,-98.42978594870834,3.0517578125e-05,69.03160413878925,1.1212845598308768e-06,3.6476406166746416e-05
sound_039,restricted_bend_sustain_v4_00347,pcm24_current,-1.2788155230510965,0.22134923352153185,0.2213492077992595,-146.58515370872823,1.0268812328958564e-07,116.7147619974256,-3.18932077201779e-08,1.1949823799469765e-07,-116.01009716134061,3.0517578125e-05,90.52810526977039,-8.211835081254724e-08,-6.629962159841374e-08
sound_050,restricted_bend_sustain_v4_00351,pcm16_current,-6.657248697830251,0.1223075104638635,0.12231989059349868,-103.00095125800412,1.418025812500302e-05,73.73197709171241,-5.139770605522313e-06,-4.53782744127619e-06,-98.5349753218682,3.0517578125e-05,68.84106222841928,-4.591476890235261e-06,-4.0825492385011e-06
sound_050,restricted_bend_sustain_v4_00351,pcm16_nearest,-6.657248697830251,0.1223075104638635,0.1223057102212991,-109.47385367961445,7.090186099789619e-06,79.79676454261136,3.963800051452724e-09,5.1399794486246655e-06,-100.24319030976943,3.0517578125e-05,71.70057747477925,8.151861004818594e-07,1.958533172223772e-06
sound_050,restricted_bend_sustain_v4_00351,pcm24_current,-6.657248697830251,0.1223075104638635,0.12230753815990296,-151.6617404859138,5.5278004336683124e-08,122.36015656707238,-1.8896422988579476e-08,-2.2965732515328048e-08,-121.83976765553001,3.0517578125e-05,92.8195789144886,-2.1452265802154195e-08,-1.9420741305712805e-08
sound_019,restricted_bend_sustain_v4_00355,pcm16_current,-2.4695922109057906,0.15973450801940817,0.1597230478404892,-99.23065151251791,2.2965035941243553e-05,69.5589830215109,-7.360842458916098e-06,1.5723146018049735e-05,-97.22998137349708,3.0517578125e-05,66.60678924597315,-6.200858164446334e-06,3.1335236063312526e-06
sound_019,restricted_bend_sustain_v4_00355,pcm16_nearest,-2.4695922109057906,0.15973450801940817,0.1597230478404892,-106.10741962297473,1.1482605883572639e-05,75.60665945475962,4.930058815591083e-08,-9.768881076668791e-06,-98.50930566746014,3.0517578125e-05,69.51306368211654,1.5530979101710128e-06,-2.2023833049170298e-05
sound_019,restricted_bend_sustain_v4_00355,pcm24_current,-2.4695922109057906,0.15973450801940817,0.1597344407385143,-147.6649891358739,8.953203256457539e-08,117.91625149764616,-2.8179743388053248e-08,2.340570541903441e-07,-120.1573914695053,3.0517578125e-05,91.44327845472931,-3.160172489134543e-08,1.7361251068294244e-06
sound_032,restricted_bend_sustain_v4_00371,pcm16_current,14.160454847087413,0.702356504130246,0.7023550587022703,-82.73778511999872,0.0001558007320089892,52.94686900137074,-4.854825420910278e-05,0.00010989642914861159,-82.7008717735784,0.00018310546875,52.883140027001176,-4.817048618492536e-05,0.0002388422011532217
sound_032,restricted_bend_sustain_v4_00371,pcm16_nearest,14.160454847087413,0.702356504130246,0.7023550587022703,-89.50718814825802,7.789798868489909e-05,58.920716389367755,-4.2159438341002347e-07,-9.849351612765877e-05,-89.05363282195162,9.1552734375e-05,58.62239403758737,1.0257873765825775e-06,3.328680656801048e-05
sound_032,restricted_bend_sustain_v4_00371,pcm24_current,14.160454847087413,0.702356504130246,0.7023562759047761,-131.1369582261181,6.074125204766462e-07,101.13866135424202,-1.8590975309350315e-07,-1.6268673272691588e-07,-110.5312443642098,3.0517578125e-05,82.26734395439799,-4.636457447562358e-08,-9.437341718424721e-08
sound_038,restricted_bend_sustain_v4_00380,pcm16_current,5.797333083253965,0.4091465764208544,0.40914654737482536,-90.93286582673687,5.9485813387488464e-05,61.31655770532226,-1.905044151391648e-05,-2.711758941281829e-05,-90.98866571662842,6.103515625e-05,60.678144346363744,-1.7896264408541194e-05,-1.7057457085471912e-05
sound_038,restricted_bend_sustain_v4_00380,pcm16_nearest,5.797333083253965,0.4091465764208544,0.40914654737482536,-97.9389974840479,2.974313371437165e-05,67.35677705636769,1.0656460905100937e-07,5.9800363820939575e-06,-95.50019881263748,3.0517578125e-05,65.54968005561258,1.1738772114748678e-06,9.900421237288274e-06
sound_038,restricted_bend_sustain_v4_00380,pcm24_current,5.797333083253965,0.4091465764208544,0.40914654737482536,-139.2790801800184,2.3191419089897803e-07,109.52356304942354,-7.400816454443017e-08,1.8194728518189292e-07,-115.54764528181424,3.0517578125e-05,86.4626936345396,-3.460042871315193e-08,3.819811175896934e-06
sound_048,restricted_bend_sustain_v4_00382,pcm16_current,-2.4413234965797352,0.11748074664466661,0.11745830282151744,-97.6115770580016,2.303989912010457e-05,69.54812854225644,-1.0831446461430936e-05,-1.7409381991122479e-06,-95.27476710900035,3.0517578125e-05,66.5971065947216,-9.72687251984127e-06,-1.4550632458783426e-05
sound_048,restricted_bend_sustain_v4_00382,pcm16_nearest,-2.4413234965797352,0.11748074664466661,0.11748134289660993,-104.21059379757274,1.1520037546251805e-05,75.5753495131436,-1.3234331835168968e-08,3.968982890099773e-06,-97.1629706706618,3.0517578125e-05,69.50583998208917,1.4338417658730158e-06,-1.5851282464437495e-05
sound_048,restricted_bend_sustain_v4_00382,pcm24_current,-2.4413234965797352,0.11748074664466661,0.11748071289455661,-146.10759443149686,8.982432094394176e-08,117.91989142504873,-4.066911512849457e-08,9.093794270059762e-08,-115.8308580449189,3.0517578125e-05,91.33733735955973,-8.557839368386244e-08,4.099103888394421e-07
sound_035,restricted_bend_sustain_v4_00384,pcm16_current,1.2995410732455772,0.25985757060839604,0.25983062513742017,-95.73540501784387,3.5442455595176606e-05,65.83806022471674,-1.0777750695106618e-05,4.7945431893024155e-08,-94.93895063845378,6.103515625e-05,64.70894663167945,-1.0046119142101285e-05,2.5040244164339372e-05
sound_035,restricted_bend_sustain_v4_00384,pcm16_nearest,1.2995410732455772,0.25985757060839604,0.25986606786353356,-102.41236670976156,1.7721363056708017e-05,71.73402573016183,-6.295648775961238e-08,7.278178656260404e-06,-97.37803851198878,3.0517578125e-05,67.59712948682237,1.6961130155187076e-06,1.4032915168558496e-06
sound_035,restricted_bend_sustain_v4_00384,pcm24_current,1.2995410732455772,0.25985757060839604,0.259857484078303,-144.08940064165347,1.38177630645555e-07,114.07726884025011,-4.1595916218053555e-08,-2.418421427496342e-08,-116.73893218513093,3.0517578125e-05,88.70966616429114,-3.460042871315193e-09,1.7780921841648197e-06
sound_043,restricted_bend_sustain_v4_00386,pcm16_current,-9.498118546532124,0.0738950283828239,0.07389281173266911,-105.10864232529819,1.0224470443040518e-05,76.56719566400349,-4.3269232118762e-06,-1.8378443839788245e-06,-99.14162646231543,3.0517578125e-05,70.05458538647615,-3.992889473497732e-06,-1.2943018606660008e-06
sound_043,restricted_bend_sustain_v4_00386,pcm16_nearest,-9.498118546532124,0.0738950283828239,0.07389281173266911,-111.76633369357674,5.112274230847924e-06,82.59510975523247,2.960000304597494e-08,-6.129148890752648e-07,-99.89626570228778,3.0517578125e-05,73.08988077797798,1.333961861654384e-06,4.691727927829406e-07
sound_043,restricted_bend_sustain_v4_00386,pcm24_current,-9.498118546532124,0.0738950283828239,0.07389500841300269,-153.74597253402519,3.986162377410432e-08,125.28336476124677,-1.59003968544275e-08,6.276928962375762e-08,-115.6028295671107,3.0517578125e-05,93.62615219373035,-9.019178417894936e-08,-7.359476203696316e-07
sound_059,restricted_bend_sustain_v4_00451,pcm16_current,1.7946413866460629,0.29803865650220346,0.2980346075331657,-93.26217746049079,3.7521380073161585e-05,65.29583522048124,-1.8299398896514756e-05,-8.944562208091951e-06,-92.38116556987495,6.103515625e-05,64.12728354530569,-1.7881962898006426e-05,2.8506103002210908e-05
sound_059,restricted_bend_sustain_v4_00451,pcm16_nearest,1.7946413866460629,0.29803865650220346,0.2980346075331657,-99.72618420752889,1.876083391245953e-05,71.32431661806943,3.885538585798099e-08,1.97064575856416e-05,-95.27981662601023,3.0517578125e-05,67.46129774884633,1.4354564525462963e-06,4.768253139529464e-05
sound_059,restricted_bend_sustain_v4_00451,pcm24_current,1.7946413866460629,0.29803865650220346,0.2980385648965691,-141.6998497446233,1.4628253766504395e-07,113.54779524879191,-6.940737942606116e-08,1.311875260773328e-07,-117.00673278582647,3.0517578125e-05,88.43297071361057,-6.34341193074452e-08,-7.133721907930017e-07
sound_037,restricted_bend_sustain_v4_00458,pcm16_current,4.196425401247178,0.31817590477004437,0.31816312576460976,-91.86250131668054,4.9472974267461374e-05,62.892655959429774,-1.8748642681700373e-05,1.7164678662124186e-06,-91.59107264229606,6.103515625e-05,62.09903502955057,-1.780422726816421e-05,9.24113824516537e-06
sound_037,restricted_bend_sustain_v4_00458,pcm16_nearest,4.196425401247178,0.31817590477004437,0.31816312576460976,-98.60944373409976,2.47366759263401e-05,68.90274950302828,4.562179875342225e-08,1.3717219045868457e-07,-95.27816715849679,3.0517578125e-05,66.2272096473443,1.5429484510818217e-06,-9.965799350930691e-06
sound_037,restricted_bend_sustain_v4_00458,pcm24_current,4.196425401247178,0.31817590477004437,0.3181758806131343,-140.33313719927554,1.9287769545208437e-07,111.16348046868748,-7.105443362660594e-08,5.431956327339635e-09,-114.74852761386444,3.0517578125e-05,87.08419879083269,-2.5834986772486774e-08,3.4354521634826806e-06
sound_003,restricted_bend_sustain_v4_00472,pcm16_current,3.745905814390716,0.3558957712306335,0.3558650371517356,-93.02687967609552,4.697232268463694e-05,63.2779051822542,-1.4955283772928289e-05,1.6157573708781102e-05,-92.80012066317923,6.103515625e-05,62.4719428478032,-1.4016403002173092e-05,2.326852049758766e-05
sound_003,restricted_bend_sustain_v4_00472,pcm16_nearest,3.745905814390716,0.3558957712306335,0.35591200983351384,-99.94355046001034,2.348634088910652e-05,69.40705455877999,1.5443972242603965e-07,-3.205785494412734e-05,-96.22990860162611,3.0517578125e-05,66.42894443190738,1.6739687411422903e-06,-4.22910052845934e-05
sound_003,restricted_bend_sustain_v4_00472,pcm24_current,3.745905814390716,0.3558957712306335,0.35589567948711437,-141.51131038618468,1.8312794462088717e-07,111.59373080291547,-5.666606768724538e-08,1.3435437164312118e-07,-115.70396351195228,3.0517578125e-05,87.67253358567513,-1.1072137188208617e-08,7.470241357551432e-07
sound_051,restricted_bend_sustain_v4_00482,pcm16_current,1.0191357670602939,0.21451485394592024,0.21454866806385195,-95.26577892348308,3.431654298164773e-05,66.09739382660516,-1.2341858351388856e-05,1.510404607888663e-05,-94.21467607047592,6.103515625e-05,64.72958297806758,-1.2137369053524187e-05,4.655547438257473e-05
sound_051,restricted_bend_sustain_v4_00482,pcm16_nearest,1.0191357670602939,0.21451485394592024,0.2145143512583395,-102.03155089242749,1.715840275623437e-05,72.10700383244404,-8.040497140123591e-09,-1.969281192465248e-06,-96.80859997965266,3.0517578125e-05,67.87662323007962,1.3967039723875662e-06,1.2561992882378891e-05
sound_051,restricted_bend_sustain_v4_00482,pcm24_current,1.0191357670602939,0.21451485394592024,0.21451488745842565,-143.68838685525566,1.3378749072842264e-07,114.35463611907052,-4.7247342062425636e-08,-5.41519604525166e-08,-117.81391851835201,3.0517578125e-05,88.59685863468967,-3.575377633692366e-08,-3.4126621160816055e-07
sound_011,restricted_bend_sustain_v4_00491,pcm16_current,9.947198595219204,0.8899999999999999,0.8899474499783342,-85.30289261449607,9.591943524008413e-05,57.109246839347904,-4.427989031293769e-05,5.283367775692112e-05,-85.05048378837621,0.0001220703125,56.86390753795352,-4.4699832515471464e-05,0.00013997354865858227
sound_011,restricted_bend_sustain_v4_00491,pcm16_nearest,9.947198595219204,0.8899999999999999,0.8900433701604832,-91.92738832111566,4.796009107449484e-05,63.18309696826141,3.8570863997772337e-07,1.7312132339369304e-05,-90.80581387278117,6.103515625e-05,62.3811819229077,1.489894460388322e-06,0.0001217269135990857
sound_011,restricted_bend_sustain_v4_00491,pcm24_current,9.947198595219204,0.8899999999999999,0.889999906327947,-133.77395718069343,3.7394130261307645e-07,105.36897847254494,-1.6658688160080407e-07,3.708813579053225e-07,-112.79139112291539,3.0517578125e-05,84.09359166597866,-1.5616326825869237e-07,1.0739427945109485e-06
sound_045,restricted_bend_sustain_v4_00526,pcm16_current,-1.3584677578970727,0.11735256790310607,0.11734186316588095,-96.83880929175318,2.6098967685087968e-05,68.4496897275975,-1.1587402012414681e-05,7.254426982044212e-06,-94.8510016792385,3.0517578125e-05,65.97997388152086,-1.0723826205829553e-05,3.9226632985806405e-06
sound_045,restricted_bend_sustain_v4_00526,pcm16_nearest,-1.3584677578970727,0.11735256790310607,0.11734186316588095,-103.25095989343839,1.3049584426813587e-05,74.49561087511672,3.037767108842407e-08,-1.441120869564332e-05,-97.16217533235374,3.0517578125e-05,69.05320949492125,9.847282011763038e-07,-3.289933296503911e-05
sound_045,restricted_bend_sustain_v4_00526,pcm24_current,-1.3584677578970727,0.11735256790310607,0.11735256790310607,-145.31096180428383,1.0174870980121787e-07,116.79461951386438,-4.354254077182688e-08,4.3206032431473495e-08,-119.29743242959354,3.0517578125e-05,90.57176575687889,-3.852181063397581e-08,1.0612907078429009e-06
sound_005,restricted_bend_sustain_v4_00563,pcm16_current,-0.1631952291671276,0.25603844101756157,0.2560087546958781,-95.40546750509735,2.9949318632176844e-05,67.27649958783579,-1.3977814977952452e-05,-4.280711108452859e-06,-94.5374167364701,3.0517578125e-05,65.58281947501379,-1.1526786821499433e-05,-5.7015942887874625e-05
sound_005,restricted_bend_sustain_v4_00563,pcm16_nearest,-0.1631952291671276,0.25603844101756157,0.2560387042460297,-101.8589084638276,1.497477507581002e-05,73.25435903024729,8.443827879168576e-08,1.602270545474644e-05,-96.18725775693738,3.0517578125e-05,68.62396463723962,2.5574330209514363e-06,-3.912829955569212e-05
sound_005,restricted_bend_sustain_v4_00563,pcm24_current,-0.1631952291671276,0.25603844101756157,0.25603835327473884,-143.8627228414263,1.1675891085638109e-07,115.5068355223091,-5.271111474640878e-08,1.973761945098522e-07,-117.77711368096833,3.0517578125e-05,89.49008489801295,-5.466867736678005e-08,3.2968934229937594e-07
sound_014,restricted_bend_sustain_v4_00577,pcm16_current,2.130012066454658,0.27159052047825216,0.2716262820257808,-94.74797626352134,3.8998449703369034e-05,64.9023015030102,-1.2065733553337328e-05,-1.1092092631730848e-05,-94.2269575226139,6.103515625e-05,63.88198584442472,-1.1457355294548376e-05,-8.848779068352147e-06
sound_014,restricted_bend_sustain_v4_00577,pcm16_nearest,2.130012066454658,0.27159052047825216,0.2715872832774641,-101.75978201861236,1.9499374158349347e-05,70.99385376080363,1.1702736261647961e-07,-1.5242698101754656e-05,-97.12101717291648,3.0517578125e-05,67.35522254182142,1.5194201595568784e-06,-1.0950057648361479e-05
sound_014,restricted_bend_sustain_v4_00577,pcm24_current,2.130012066454658,0.27159052047825216,0.2715906347323976,-143.16039520228904,1.5204024728610362e-07,113.2270478705108,-4.6275750684558016e-08,4.775110459847602e-09,-118.47108344660313,3.0517578125e-05,88.85495023394384,-2.3989630574452004e-08,2.0503181864671524e-06
sound_061,restricted_bend_sustain_v4_00591,pcm16_current,-5.746305797228811,0.1289128409225785,0.12891590908056422,-101.84167195672651,1.574821956389223e-05,72.83201591596438,-6.048052862275014e-06,-1.617264952552649e-05,-97.6884179958792,3.0517578125e-05,68.21673405364949,-5.5796651342828794e-06,-2.4597440794085696e-05
sound_061,restricted_bend_sustain_v4_00591,pcm16_nearest,-5.746305797228811,0.1289128409225785,0.12891590908056422,-108.30272233116975,7.874169868103686e-06,78.8763137540053,-3.4639205483312426e-08,1.0049484011261973e-05,-99.5741843355028,3.0517578125e-05,71.11051727579972,8.292569414918745e-07,-2.727470135044363e-06
sound_061,restricted_bend_sustain_v4_00591,pcm24_current,-5.746305797228811,0.1289128409225785,0.12891289474991158,-150.32195531714456,6.139677978298689e-08,121.32689763655934,-2.284868882222805e-08,-9.35902482670867e-08,-115.43933680529742,3.0517578125e-05,92.4663156741078,-9.365182705026455e-08,2.415854022945485e-07
sound_065,restricted_bend_sustain_v4_00596,pcm16_current,-2.582497328234198,0.15713683500726827,0.15711624729023216,-99.33898704761057,2.2668452327600093e-05,69.6594313335442,-7.282918033122109e-06,-4.647160824757119e-06,-97.19154015398814,3.0517578125e-05,66.62671612187434,-6.255988180862623e-06,-7.830919881068246e-06
sound_065,restricted_bend_sustain_v4_00596,pcm16_nearest,-2.582497328234198,0.15713683500726827,0.15713891591630202,-106.22393802818513,1.1334313034933041e-05,75.70386040815518,3.546712708999448e-08,5.5450745007061975e-06,-98.55772590334536,3.0517578125e-05,69.63825431707144,1.320583029218632e-06,2.1790367338711335e-06
sound_065,restricted_bend_sustain_v4_00596,pcm24_current,-2.582497328234198,0.15713683500726827,0.15713679073260797,-147.76393837085016,8.837557832081139e-08,118.04362444187709,-2.7862035150912425e-08,9.473658477179962e-08,-119.45633838075088,3.0517578125e-05,90.11418865496833,-3.713779348544974e-08,7.156803578097326e-07
sound_062,restricted_bend_sustain_v4_00605,pcm16_current,-11.356678756585568,0.08064296689400761,0.08065117350690804,-108.04701196420456,8.254918794663802e-06,78.48874693561767,-2.7079837763164e-06,-4.897455037062966e-07,-101.4642175910962,3.0517578125e-05,71.08971233292257,-2.33898898100907e-06,-1.0443132239023212e-05
sound_062,restricted_bend_sustain_v4_00605,pcm16_nearest,-11.356678756585568,0.08064296689400761,0.08064291852497284,-114.8355440635629,4.127490967606451e-06,84.47222971391186,1.1418171392137046e-08,4.315551669067955e-06,-101.07802380872072,3.0517578125e-05,73.83494979127407,1.4534486754771353e-06,3.304663214771859e-06
sound_062,restricted_bend_sustain_v4_00605,pcm24_current,-11.356678756585568,0.08064296689400761,0.0806429830170192,-156.7159705468089,3.218288264776686e-08,127.15653885942723,-9.974615462884654e-09,-1.0155219783324609e-07,-117.02210605787576,3.0517578125e-05,95.75690604973856,-6.504880598072562e-08,2.8642577951819294e-07
sound_022,restricted_bend_sustain_v4_00608,pcm16_current,-3.7128164943558435,0.17612426895551692,0.17611787447627858,-100.46224955549968,1.9902421492454807e-05,70.812093769847,-6.401767998081373e-06,-1.0684083912659559e-05,-97.94010875286723,3.0517578125e-05,67.3272750104877,-5.265493241567461e-06,-4.743949908446496e-05
sound_022,restricted_bend_sustain_v4_00608,pcm16_nearest,-3.7128164943558435,0.17612426895551692,0.17611787447627858,-107.27911330432724,9.95128683898075e-06,76.85973428830621,3.399923182685207e-08,9.33752889441792e-07,-99.12135159016502,3.0517578125e-05,70.12169552219926,1.4317657401502268e-06,-3.643660169522666e-05
sound_022,restricted_bend_sustain_v4_00608,pcm24_current,-3.7128164943558435,0.17612426895551692,0.1761242495194098,-148.98408793889504,7.759224292315191e-08,119.17754546518687,-2.4155716133089218e-08,9.45928575504411e-08,-116.65321338629751,3.0517578125e-05,91.83579724033486,-7.081554409958428e-08,-8.51663835297503e-07
sound_053,restricted_bend_sustain_v4_00611,pcm16_current,2.4372199175895446,0.16091069940322034,0.16088380039603764,-94.35625311682303,4.040245342813208e-05,64.65433516096488,-1.280672962419441e-05,2.232961912126437e-05,-93.8491797995681,6.103515625e-05,63.60609559256677,-1.2202879198554422e-05,-1.7105903187960932e-06
sound_053,restricted_bend_sustain_v4_00611,pcm16_nearest,2.4372199175895446,0.16091069940322034,0.16092420315856804,-101.28532484908392,2.0201381265197438e-05,70.68407584646991,-1.1605327153289727e-08,-1.171226089576812e-05,-96.79337850816208,3.0517578125e-05,67.09857577193523,1.4488352849820484e-06,-2.63318439320323e-05
sound_053,restricted_bend_sustain_v4_00611,pcm24_current,2.4372199175895446,0.16091069940322034,0.16091063035553047,-142.7892113446662,1.5751418887025002e-07,112.93530518508929,-4.917633663385336e-08,2.885855243425985e-08,-117.17890810072738,3.0517578125e-05,88.0977488030322,-2.4450969623960695e-08,1.6771323798681252e-06
sound_063,restricted_bend_sustain_v4_00619,pcm16_current,0.6647102778273,0.264794632076642,0.26477656718408527,-94.98985282412463,3.294444982197517e-05,66.49793418024979,-1.3810628382441462e-05,-2.010682743277932e-05,-93.65303990251284,6.103515625e-05,64.96220044650708,-1.3996796092568972e-05,-1.8963207898691055e-05
sound_063,restricted_bend_sustain_v4_00619,pcm16_nearest,0.6647102778273,0.264794632076642,0.26480951188573815,-101.6345544306333,1.647235082644083e-05,72.42091969779223,3.8099037985586406e-08,1.445133859876363e-05,-96.29572283023819,3.0517578125e-05,68.15670551266749,1.2520741803665912e-06,1.0742796820535951e-05
sound_063,restricted_bend_sustain_v4_00619,pcm24_current,0.6647102778273,0.264794632076642,0.2647945838178017,-143.46580716032454,1.2843840994051916e-07,114.74175781700866,-5.203568451001778e-08,2.0227270597178435e-07,-118.1003703328473,3.0517578125e-05,89.55901965597528,-2.9987038218065e-08,-1.6178745877445944e-07
sound_058,restricted_bend_sustain_v4_00643,pcm16_current,4.604667886740465,0.1460920591947994,0.14612497442216532,-92.19820308719551,5.185374716459803e-05,62.50423171549271,-1.655373940771823e-05,-2.7310658413566327e-06,-92.040174050979,6.103515625e-05,61.77391507642484,-1.5478386450066138e-05,-1.8155088935258536e-05
sound_058,restricted_bend_sustain_v4_00643,pcm16_nearest,4.604667886740465,0.1460920591947994,0.14607312027936115,-99.00701040562608,2.592707140208761e-05,68.53524012117154,-1.6814383650626877e-07,3.6665876152688756e-06,-95.85810135289071,3.0517578125e-05,66.04120775183596,1.2977467462679517e-06,-1.8169741021068808e-05
sound_058,restricted_bend_sustain_v4_00643,pcm24_current,4.604667886740465,0.1460920591947994,0.14609216047242207,-140.57163903337923,2.0215960575177552e-07,110.74305084237304,-6.382865067691661e-08,-4.604675719090728e-08,-113.86046866994536,3.0517578125e-05,87.3894441912487,2.7680342970521543e-08,-3.3718887002033577e-07
sound_024,restricted_bend_sustain_v4_00653,pcm16_current,9.106582000152468,0.1712694859565355,0.17118380621601578,-87.85956014327957,8.707145692943337e-05,57.95487773496471,-2.7152946734717755e-05,6.9927510774218975e-06,-87.90996311740216,9.1552734375e-05,57.721984834150206,-2.5967391079695768e-05,2.908106171831148e-05
sound_024,restricted_bend_sustain_v4_00653,pcm16_nearest,9.106582000152468,0.1712694859565355,0.17127087834532198,-94.43835924492178,4.353606465312687e-05,64.05287694250394,3.9488386558314534e-08,1.2621919450491062e-05,-93.25129219077326,6.103515625e-05,63.14895130765197,1.241463382227891e-06,1.0086249514547764e-05
sound_024,restricted_bend_sustain_v4_00653,pcm24_current,9.106582000152468,0.1712694859565355,0.17126917771779648,-136.24767141187604,3.3945312832224914e-07,106.20001630333113,-1.0380651444998699e-07,-3.793910358075808e-08,-109.89895307583919,3.0517578125e-05,84.4858494200456,1.3009761196145124e-07,-1.7790895539944732e-06
sound_021,restricted_bend_sustain_v4_00684,pcm16_current,9.288386591775115,0.4660722691678415,0.46599746518537133,-86.50214131904198,8.891313596647703e-05,57.853998982740066,-3.644661149990158e-05,-2.8960152086535325e-05,-86.60149213400672,9.1552734375e-05,57.60021239853529,-3.4547374722458425e-05,-3.489743168066967e-05
sound_021,restricted_bend_sustain_v4_00684,pcm16_nearest,9.288386591775115,0.4660722691678415,0.4660863790310469,-93.01691546557555,4.445692283775674e-05,63.79898413766756,3.225947078059041e-08,4.260657223444196e-05,-91.79909764094711,6.103515625e-05,62.911838035629174,1.929550574570106e-06,5.5418302445284546e-05
sound_021,restricted_bend_sustain_v4_00684,pcm24_current,9.288386591775115,0.4660722691678415,0.4660721389229504,-134.95312558255156,3.466307515056317e-07,106.01365307591823,-1.3807945107832548e-07,1.3508267030766493e-07,-107.87533680316962,3.0517578125e-05,85.00142772012308,2.8441552402210885e-07,4.876975283897682e-06
sound_006,restricted_bend_sustain_v4_00691,pcm16_current,-3.1320104992950353,0.18459858228114423,0.18459461326422089,-98.58285174452118,2.1278755367078913e-05,70.23053394852616,-9.31495496394675e-06,-9.936141037094914e-06,-95.99755004193462,3.0517578125e-05,66.88673162934545,-8.235594042304422e-06,6.000028510362001e-07
sound_006,restricted_bend_sustain_v4_00691,pcm16_nearest,-3.1320104992950353,0.18459858228114423,0.18459461326422089,-105.26917127248382,1.0639458977765304e-05,76.22368372922249,4.9698997071888444e-08,1.4584430471338943e-05,-97.56679165965451,3.0517578125e-05,69.90793642740033,1.6109959608843537e-06,2.0877489218455416e-05
sound_006,restricted_bend_sustain_v4_00691,pcm24_current,-3.1320104992950353,0.18459858228114423,0.18459851994056428,-147.09254483451198,8.295818481291597e-08,118.54793341439363,-3.497926974383804e-08,2.6498402069693633e-07,-116.44603842411107,3.0517578125e-05,91.18312790353578,-7.427558697089948e-08,-8.788147333697084e-07
sound_056,restricted_bend_sustain_v4_00713,pcm16_current,-9.322647992212271,0.07278666129050651,0.07279245864657516,-104.9181596988496,1.0433123304696416e-05,76.44791979818962,-4.514273286977933e-06,-2.697158565137096e-07,-98.94565245376137,3.0517578125e-05,70.07176635949408,-4.177194423776455e-06,-1.0862795466303313e-05
sound_056,restricted_bend_sustain_v4_00713,pcm16_nearest,-9.322647992212271,0.07278666129050651,0.07278202544338659,-111.30340486925306,5.216601594283665e-06,82.45409118775767,-5.915062588502129e-09,1.0342725037901636e-07,-100.47733669996961,3.0517578125e-05,73.06333997097597,8.827722712348828e-07,-1.2933078125004509e-05
sound_056,restricted_bend_sustain_v4_00713,pcm24_current,-9.322647992212271,0.07278666129050651,0.0727866714791815,-153.34368496800457,4.067481609286618e-08,125.10687138178818,-1.7087949719097118e-08,-1.530195596736604e-08,-116.75338459387275,3.0517578125e-05,93.90054675346053,-6.920085742630386e-08,-5.713124955614024e-07
sound_033,restricted_bend_sustain_v4_00732,pcm16_current,5.392915554516971,0.22233382842971916,0.22229393267506964,-89.50273805958288,5.6779626016032015e-05,61.689608647914184,-2.8414494353893534e-05,-7.391805324728393e-06,-89.40192185557999,6.103515625e-05,61.073186662588,-2.6723064442791006e-05,8.561730458881261e-06
sound_033,restricted_bend_sustain_v4_00732,pcm16_nearest,5.392915554516971,0.22233382842971916,0.22235071273450133,-96.11420361614442,2.83900297158449e-05,67.72945311965648,8.84087983126881e-08,1.9939305747547753e-05,-93.57727750293418,3.0517578125e-05,65.64035605116953,1.8912594334608843e-06,5.836116851742215e-05
sound_033,restricted_bend_sustain_v4_00732,pcm24_current,5.392915554516971,0.22233382842971916,0.2223336343572504,-137.9390013777535,2.2136369149621555e-07,109.94852784389212,-1.077198620724634e-07,-5.710996265055409e-08,-111.8164810323442,3.0517578125e-05,86.36171363223112,1.084146766345427e-08,2.992971498516243e-06
sound_031,restricted_bend_sustain_v4_00738,pcm16_current,-8.610535695813157,0.0655955346370456,0.06560346960594703,-105.43845233217309,1.1324518123006815e-05,75.72580126736133,-3.657515149111488e-06,1.5645545848339973e-06,-100.01365791321875,3.0517578125e-05,69.72546414211708,-3.2665111400462964e-06,-2.6014973977546362e-05
sound_031,restricted_bend_sustain_v4_00738,pcm16_nearest,-8.610535695813157,0.0655955346370456,0.06559214499527795,-111.96795222885989,5.662305334538931e-06,81.71074116686168,-1.7632915694677646e-08,2.8935459566862337e-06,-101.10988073493189,3.0517578125e-05,72.67695846529632,9.074539103835979e-07,-1.8158879358616215e-05
sound_031,restricted_bend_sustain_v4_00738,pcm24_current,-8.610535695813157,0.0655955346370456,0.06559555122583076,-154.12749993500256,4.414901050457143e-08,124.36993269911703,-1.342156272744866e-08,1.4427160386821962e-07,-122.65968988934455,3.0517578125e-05,94.40028184831817,-1.7761553406084655e-08,-1.44481909694938e-07
sound_018,restricted_bend_sustain_v4_00764,pcm16_current,-4.610781992840672,0.1837213370465699,0.18371357252438827,-101.47553343004788,1.7947650713152283e-05,71.72121427869841,-5.705713553628807e-06,-1.6804253030745034e-06,-98.21012171229141,3.0517578125e-05,67.63288062498181,-4.94809197550548e-06,1.3268799694327106e-05
sound_018,restricted_bend_sustain_v4_00764,pcm16_nearest,-4.610781992840672,0.1837213370465699,0.18371357252438827,-108.04252146542777,8.973894711040292e-06,77.7048623602029,8.424602712917091e-08,-3.4295907744434585e-06,-99.31593580794812,3.0517578125e-05,70.69815672097683,1.3754823761101662e-06,5.385038359917612e-06
sound_018,restricted_bend_sustain_v4_00764,pcm24_current,-4.610781992840672,0.1837213370465699,0.1837212844651556,-149.83302163220975,6.996984350448236e-08,120.02382535673043,-2.201903726073277e-08,2.6227302625904676e-07,-119.8219799871198,3.0517578125e-05,91.23391201042054,-3.413908966364324e-08,3.8945293089597914e-07
sound_002,restricted_bend_sustain_v4_00771,pcm16_current,-1.8931561331759035,0.2030195459951857,0.203003153373981,-98.64026468442026,2.45408117624485e-05,68.97020003114744,-7.89003307661968e-06,-5.590482619402484e-07,-96.92027973593159,3.0517578125e-05,66.29598292971117,-6.65919851013322e-06,8.391338295514228e-06
sound_002,restricted_bend_sustain_v4_00771,pcm16_nearest,-1.8931561331759035,0.2030195459951857,0.2030276943741471,-105.54252766244991,1.227050008306696e-05,75.01258794968679,7.7351950850744e-08,-3.83926530690529e-06,-98.24978172704716,3.0517578125e-05,69.21481494686157,1.5860836522108845e-06,-3.509374915635402e-06
sound_002,restricted_bend_sustain_v4_00771,pcm24_current,-1.8931561331759035,0.2030195459951857,0.2030195459951857,-147.10422675157025,9.567487824711037e-08,117.30952548822351,-3.0025069138597385e-08,2.6327205598358804e-07,-120.31885782901087,3.0517578125e-05,90.89023561383412,-3.04483772675737e-08,-8.902745581744123e-07
sound_046,restricted_bend_sustain_v4_00775,pcm16_current,-0.58537530986037,0.28142955545457826,0.2814066545224068,-96.41504015658064,2.8528437308370768e-05,67.66174509567624,-1.139399522810939e-05,8.325785896364321e-07,-95.13003108514309,3.0517578125e-05,65.54280721645894,-1.005649927071523e-05,5.332463826159125e-05
sound_046,restricted_bend_sustain_v4_00775,pcm16_nearest,-0.58537530986037,0.28142955545457826,0.28143518317756927,-103.1917195154686,1.4264327581225977e-05,73.75227084855064,1.401665937553681e-08,4.460534938205842e-06,-97.06980057574056,3.0517578125e-05,68.74324082405735,1.4629061259920635e-06,5.4799320620068765e-05
sound_046,restricted_bend_sustain_v4_00775,pcm24_current,-0.58537530986037,0.28142955545457826,0.2814294997345486,-144.91745364823132,1.1122220514908533e-07,116.01779527681012,-4.303172226736161e-08,1.4625229002098675e-07,-118.90008624376507,3.0517578125e-05,89.95906962116662,-4.221252303004535e-08,-1.6090301521447893e-07
sound_027,restricted_bend_sustain_v4_00781,pcm16_current,-3.266515941139822,0.1284405254140637,0.12843539996358785,-98.89931963170847,2.0951780513654356e-05,70.40400511436383,-8.984791501950846e-06,1.0203731161127291e-05,-95.98019013652589,3.0517578125e-05,67.03531512660624,-8.268579784344293e-06,4.3792367083552727e-05
sound_027,restricted_bend_sustain_v4_00781,pcm16_nearest,-3.266515941139822,0.1284405254140637,0.12843539996358785,-105.30021826877496,1.0475970633250231e-05,76.42946093410528,-3.832841784961112e-08,-1.02653623898278e-05,-98.18790814530527,3.0517578125e-05,70.13355261166842,7.83584375590514e-07,-1.332002138253401e-05
sound_027,restricted_bend_sustain_v4_00781,pcm24_current,-3.266515941139822,0.1284405254140637,0.12844047426186334,-147.19475835702534,8.168276773590648e-08,118.80855092717275,-3.48264059829862e-08,-5.558321239443362e-08,-119.29743242959354,3.0517578125e-05,91.89486180008123,-3.852181063397581e-08,-5.367442186974372e-07
sound_017,restricted_bend_sustain_v4_00802,pcm16_current,0.2718977333326655,0.2079989209868573,0.20800966810876292,-96.61062651917844,3.1487750420026485e-05,66.82630609001433,-9.84767236347313e-06,7.246177865626655e-06,-95.2216408001574,6.103515625e-05,65.19612414024898,-9.825829745960884e-06,-1.2504559417892885e-05
sound_017,restricted_bend_sustain_v4_00802,pcm16_nearest,0.2718977333326655,0.2079989209868573,0.20800966810876292,-103.4093057147229,1.574399546690544e-05,72.83674342689663,-1.5470245591128287e-07,-6.123588520328668e-07,-97.74170854750008,3.0517578125e-05,68.2318166570409,1.1030616673752835e-06,-2.2257024739678304e-05
sound_017,restricted_bend_sustain_v4_00802,pcm24_current,0.2718977333326655,0.2079989209868573,0.207998967111844,-145.06739739502447,1.227594507995607e-07,115.15110780812984,-3.748711551089228e-08,2.6098606731962073e-08,-119.19463603714783,3.0517578125e-05,88.8549498646442,-3.067904679232804e-08,2.555716017850385e-06
sound_040,restricted_bend_sustain_v4_00807,pcm16_current,-10.424990383419203,0.07308177778091722,0.07307636179079427,-107.52959658201797,9.189612109890345e-06,77.53483384498179,-2.7600321326605e-06,-9.114259734060471e-07,-101.28179338059857,3.0517578125e-05,70.57791575101588,-2.439330224277211e-06,-2.7010846659439898e-05
sound_040,restricted_bend_sustain_v4_00807,pcm16_nearest,-10.424990383419203,0.07308177778091722,0.07308555147411805,-114.1905912505519,4.594841661903493e-06,83.56461665880059,-5.905573413694198e-09,-2.2208862690176202e-06,-101.60879256932597,3.0517578125e-05,73.5288777848387,1.0324767928004535e-06,-1.3348383097256783e-05
sound_040,restricted_bend_sustain_v4_00807,pcm24_current,-10.424990383419203,0.07308177778091722,0.0730817463708668,-156.16840398836217,3.5825986581873315e-08,126.14296527904229,-1.0287853723670179e-08,5.4058176376387054e-08,-121.35426374808156,3.0517578125e-05,94.61747574199848,-2.3989630574452004e-08,1.5901849460355102e-07
sound_041,restricted_bend_sustain_v4_00811,pcm16_current,-8.687515978200404,0.10871651528137277,0.10871110024649264,-105.4487688034107,1.1224601857000899e-05,75.78326640953028,-3.5925808253109254e-06,4.522450966811692e-06,-100.2074483564187,3.0517578125e-05,69.67199630307748,-3.1239573737481104e-06,-3.557370063800903e-06
sound_041,restricted_bend_sustain_v4_00811,pcm16_nearest,-8.687515978200404,0.10871651528137277,0.10871110024649264,-112.3459435976688,5.612343843400258e-06,81.78709239677885,9.33067170103509e-09,-3.0804653559678556e-06,-100.61003801051845,3.0517578125e-05,72.78294295050844,1.3941666076152682e-06,-1.2602693510215508e-05
sound_041,restricted_bend_sustain_v4_00811,pcm24_current,-8.687515978200404,0.10871651528137277,0.10871649335815464,-154.1399038505201,4.376060649447021e-08,124.4392575251008,-1.3193405008404226e-08,1.6393174488295512e-07,-116.81168003047999,3.0517578125e-05,93.9959874700405,-6.827817932728648e-08,2.8800290617911146e-07
sound_015,restricted_bend_sustain_v4_00824,pcm16_current,7.915399013551453,0.13676222913796354,0.13679644218578624,-88.80957811007447,7.591309423353416e-05,59.177406043727714,-2.438877108331911e-05,9.880777481001495e-06,-88.84190725343248,9.1552734375e-05,58.837457311163284,-2.355366517266629e-05,2.536646351356629e-06
sound_015,restricted_bend_sustain_v4_00824,pcm16_nearest,7.915399013551453,0.13676222913796354,0.13679644218578624,-95.7737846617624,3.795683745444478e-05,65.20932663498095,1.53207673501292e-07,-4.588675353074893e-06,-94.1678897016157,6.103515625e-05,64.04451480512232,1.5295696186460696e-06,-3.5639497576199985e-05
sound_015,restricted_bend_sustain_v4_00824,pcm24_current,7.915399013551453,0.13676222913796354,0.13676234033963577,-137.150211681166,2.9595711727555775e-07,107.40258415353621,-9.470285221250404e-08,-1.421637262153953e-07,-114.56978037616739,3.0517578125e-05,85.49020808435982,-3.967515825774754e-08,9.619191153750184e-07
sound_013,restricted_bend_sustain_v4_00832,pcm16_current,-6.004230670049216,0.12591040339066872,0.12590844765628767,-101.57595585549318,1.5287455904808427e-05,73.09749286761723,-6.52754998125843e-06,1.1883365013541112e-05,-97.6466070464457,3.0517578125e-05,68.94057144171386,-5.633641803075397e-06,-6.0659168043724196e-05
sound_013,restricted_bend_sustain_v4_00832,pcm16_nearest,-6.004230670049216,0.12591040339066872,0.12590844765628767,-108.24270450350774,7.6437862831652e-06,79.1366022105285,1.456043760245987e-08,-6.402191032036223e-06,-98.52038156723864,3.0517578125e-05,71.11996322152872,1.6534391534391535e-06,-7.778573955669545e-05
sound_013,restricted_bend_sustain_v4_00832,pcm24_current,-6.004230670049216,0.12591040339066872,0.12591035860285846,-150.08601743566072,5.960041881640254e-08,121.61201566087014,-2.4555378459055334e-08,9.490394380179296e-08,-116.12130239316062,3.0517578125e-05,92.26736728102847,-8.004232508975812e-08,-6.268452548887043e-09
sound_016,restricted_bend_sustain_v4_00844,pcm16_current,-1.8756927554042169,0.148381754845047,0.14837841689163525,-97.93259412560091,2.4590202427984667e-05,68.90962825733739,-9.415720756739913e-06,6.9998765586930555e-06,-95.97897874915951,3.0517578125e-05,66.30515292580733,-8.270886479591836e-06,3.157918553864296e-05
sound_016,restricted_bend_sustain_v4_00844,pcm16_nearest,-1.8756927554042169,0.148381754845047,0.14837841689163525,-104.53850680839919,1.229519530093759e-05,74.99656743511045,1.5873276316267623e-07,-1.5779259922175233e-05,-97.68572569846546,3.0517578125e-05,69.24281089676856,1.6252974714191233e-06,-9.570019911502207e-06
sound_016,restricted_bend_sustain_v4_00844,pcm24_current,-1.8756927554042169,0.148381754845047,0.14838168280288705,-146.31291057386466,9.586803941120282e-08,117.30127381704337,-3.612122245728962e-08,2.323963839761288e-07,-118.80618107570439,3.0517578125e-05,89.84623731728135,-4.313520112906274e-08,9.728450870746632e-07
sound_029,restricted_bend_sustain_v4_00851,pcm16_current,6.030054310034324,0.23159763503937103,0.23157516945062542,-89.07506712693083,6.110113777161597e-05,61.08013153882923,-2.9415611574677337e-05,1.854101720526353e-06,-88.38512388551567,6.103515625e-05,60.53310753529133,-3.006961790792706e-05,-0.00022263177030217672
sound_029,restricted_bend_sustain_v4_00851,pcm16_nearest,6.030054310034324,0.23159763503937103,0.23157516945062542,-95.5617064006136,3.055081391169223e-05,67.09622956265255,-2.9100034434694165e-08,2.0122614408144744e-05,-93.319429963785,6.103515625e-05,65.30327670104349,8.700854473733938e-07,-0.0002046854773944524
sound_029,restricted_bend_sustain_v4_00851,pcm24_current,6.030054310034324,0.23159763503937103,0.23159760520459183,-137.51504155625588,2.3818818191705426e-07,109.29923260661508,-1.1150806948005578e-07,1.5923459074157203e-07,-109.36293811820944,3.0517578125e-05,86.04104707572279,1.5062719966458806e-07,1.7162118276773674e-06
sound_042,restricted_bend_sustain_v4_00867,pcm16_current,12.775335807068837,0.4680997758549173,0.4679823765628795,-84.31977558473784,0.00013283529666665742,54.3817018691074,-3.995029617577424e-05,-8.501017039983984e-05,-84.34218846311029,0.000152587890625,54.326623179736025,-3.9380823944161e-05,-0.00016116601218603318
sound_042,restricted_bend_sustain_v4_00867,pcm16_nearest,12.775335807068837,0.4680997758549173,0.46811521288889796,-90.99966243136593,6.641816300920894e-05,60.36993676562999,-5.190928848049736e-07,0.00011828761488007852,-90.44873292916498,9.1552734375e-05,59.98527299976925,7.065407543225624e-07,1.2129035342992352e-05
sound_042,restricted_bend_sustain_v4_00867,pcm24_current,12.775335807068837,0.4680997758549173,0.46809964613194266,-132.5281157455716,5.178626024461325e-07,102.53137364433796,-1.585983272872459e-07,1.34603326275342e-07,-113.10474909516822,3.0517578125e-05,82.86398023338074,-1.358643500803099e-07,5.701608697704909e-07
sound_023,restricted_bend_sustain_v4_00933,pcm16_current,10.675099099608559,0.5767980529593069,0.5768065073663959,-84.53487129425325,0.00010430417777633725,56.47755158597035,-4.921018782360132e-05,8.565392796492242e-05,-84.51633166093691,0.0001220703125,56.29067666599476,-4.806691556831066e-05,8.410053487167326e-05
sound_023,restricted_bend_sustain_v4_00933,pcm16_nearest,10.675099099608559,0.5767980529593069,0.5768065073663959,-90.99701686132398,5.215248710364884e-05,62.48254726357051,-3.382222443373634e-07,-7.155095897918245e-05,-90.10029573896693,6.103515625e-05,61.71757933674699,1.6089199351615647e-06,-7.081241918299704e-05
sound_023,restricted_bend_sustain_v4_00933,pcm24_current,10.675099099608559,0.5767980529593069,0.5767983585402859,-132.7225824545011,4.066448745296736e-07,104.63873381836581,-1.9458301584380108e-07,-2.0063518906626013e-07,-110.89877729878773,3.0517578125e-05,84.05428494393426,-7.727429079270598e-08,-2.643903997241199e-06
sound_055,restricted_bend_sustain_v4_00940,pcm16_current,-1.9985722055348618,0.26346992254553797,0.26344572493993257,-98.08177536321716,2.4244773098723436e-05,69.10100699052859,-9.165437743726939e-06,8.240002490541413e-06,-96.14502170399635,3.0517578125e-05,66.33781127126257,-7.96063596879724e-06,1.1070391371561885e-05
sound_055,restricted_bend_sustain_v4_00940,pcm16_nearest,-1.9985722055348618,0.26346992254553797,0.2634699698989736,-104.80913875188901,1.212247952052034e-05,75.11036695877091,7.971674350956027e-08,2.40959005668973e-06,-97.72284665110206,3.0517578125e-05,69.32006978370721,1.6442123724489796e-06,-4.599858862306985e-06
sound_055,restricted_bend_sustain_v4_00940,pcm24_current,-1.9985722055348618,0.26346992254553797,0.26346987519210235,-146.52141641346478,9.45209289382408e-08,117.44829540844518,-3.487785485848409e-08,2.65690411759812e-07,-118.94781139237752,3.0517578125e-05,90.3162185714158,-4.175118398053666e-08,-1.3979047481560732e-07
sound_028,restricted_bend_sustain_v4_00964,pcm16_current,8.23028239432105,0.31266857588005564,0.3127395088725332,-88.55309206304437,7.871560895405392e-05,58.84521682009803,-2.4998793016339855e-05,2.4467063173803358e-05,-88.63185226114517,9.1552734375e-05,58.53298823376892,-2.3966332952451814e-05,4.5188519566222445e-05
sound_028,restricted_bend_sustain_v4_00964,pcm16_nearest,8.23028239432105,0.31266857588005564,0.3126607926608865,-95.48255325941102,3.935810582337412e-05,64.90440696349494,-1.2792103564635786e-07,1.660965741234738e-05,-93.98042569580679,6.103515625e-05,63.85955113058464,1.4091601267243008e-06,2.6082244684779672e-05
sound_028,restricted_bend_sustain_v4_00964,pcm24_current,8.23028239432105,0.31266857588005564,0.31266878727613184,-136.92506425583662,3.068825090501754e-07,107.07010757680827,-9.694010035340437e-08,1.935090910209031e-07,-113.96584858434446,3.0517578125e-05,85.31671831877773,-3.598444586167801e-08,2.6512186266094806e-06
sound_030,restricted_bend_sustain_v4_00995,pcm16_current,3.5869320653033547,0.4172894912157999,0.4172547204695189,-93.2833565396791,4.612042945579536e-05,63.485433359650926,-1.4408997017701383e-05,7.235435179815195e-06,-93.13453298795636,6.103515625e-05,62.95770222201979,-1.3339849286068594e-05,1.5792979560714885e-05
sound_030,restricted_bend_sustain_v4_00995,pcm16_nearest,3.5869320653033547,0.4172894912157999,0.41730084125215067,-100.16845436395792,2.3060391315887774e-05,69.60438906325975,1.7325798975482983e-07,-3.897966849529516e-06,-96.34828419954353,3.0517578125e-05,66.5561687492835,1.9461587803524187e-06,-1.0877067492095877e-05
sound_030,restricted_bend_sustain_v4_00995,pcm24_current,3.5869320653033547,0.4172894912157999,0.4172894912157999,-141.65740722073286,1.7980613119219748e-07,111.75934054398839,-5.569684614798711e-08,1.835921153631229e-07,-117.05301682764718,3.0517578125e-05,87.58343027783944,-3.506176776266062e-08,3.416901599322707e-07
sound_009,restricted_bend_sustain_v4_01009,pcm16_current,1.2806493505971597,0.2315477936967893,0.23157474969900074,-94.8569590833232,3.536545217982972e-05,65.83356914003632,-1.346223193545801e-05,-3.206131762249774e-06,-93.80314108413086,6.103515625e-05,64.51564456742913,-1.3179072627314816e-05,2.59297189164138e-05
sound_009,restricted_bend_sustain_v4_01009,pcm16_nearest,1.2806493505971597,0.2315477936967893,0.23153938397668875,-101.27442081700373,1.7682861156012586e-05,71.79088532285985,7.21640813418484e-09,1.2826474084758893e-05,-96.44253311347794,3.0517578125e-05,67.50868323758229,1.1524249456727135e-06,5.2186240161773604e-05
sound_009,restricted_bend_sustain_v4_01009,pcm24_current,1.2806493505971597,0.2315477936967893,0.2315478109652084,-143.06261204552632,1.378772206072015e-07,114.06313011250028,-5.2854195877922456e-08,-6.266012531438058e-08,-117.527859926259,3.0517578125e-05,88.85492046805257,-3.575377633692366e-08,-6.620365853126211e-07
sound_054,restricted_bend_sustain_v4_01021,pcm16_current,6.852779593866457,0.42893034986924966,0.4289611480231393,-89.19137589079355,6.717160416782517e-05,60.24623776867041,-2.6042271588301723e-05,-3.247883773307416e-05,-88.91611109898551,9.1552734375e-05,59.82557074603206,-2.5674902122307257e-05,-7.531533189891363e-05
sound_054,restricted_bend_sustain_v4_01021,pcm16_nearest,6.852779593866457,0.42893034986924966,0.4289611480231393,-95.6769725272352,3.358605919379434e-05,66.30009407345403,-5.33129797946603e-08,4.416027039826067e-05,-93.9782856740305,6.103515625e-05,64.94200374505876,1.028094071830121e-06,-2.1047324981913857e-06
sound_054,restricted_bend_sustain_v4_01021,pcm24_current,6.852779593866457,0.42893034986924966,0.4289304482659074,-137.34057243347567,2.618768676883181e-07,108.43938672820022,-1.035936967188559e-07,1.3371347283041333e-08,-114.21677438440548,3.0517578125e-05,85.12483482960363,-9.226780990173848e-08,5.040511710216836e-07
